#VRML V2.0 utf8
#kicad StepUp wrl exported

Shape {
    appearance Appearance {material DEF PIN-01 Material {
        ambientIntensity 0.271
        diffuseColor 0.824 0.820 0.781
        specularColor 0.328 0.258 0.172
        emissiveColor 0.0 0.0 0.0
        shininess 0.70
        transparency 0.0
        }
    }
}
Shape {
    appearance Appearance {material DEF MET-01 Material {
        ambientIntensity 0.249999
        diffuseColor 0.298 0.298 0.298
        specularColor 0.398 0.398 0.398
        emissiveColor 0.0 0.0 0.0
        shininess 0.056122
        transparency 0.0
        }
    }
}
Shape {
    appearance Appearance {material DEF PIN-02 Material {
        ambientIntensity 0.379
        diffuseColor 0.859 0.738 0.496
        specularColor 0.137 0.145 0.184
        emissiveColor 0.0 0.0 0.0
        shininess 0.40
        transparency 0.0
        }
    }
}
Shape {
    appearance Appearance {material DEF IC-BODY-EPOXY-04 Material {
        ambientIntensity 0.293
        diffuseColor 0.148 0.145 0.145
        specularColor 0.180 0.168 0.160
        emissiveColor 0.0 0.0 0.0
        shininess 0.35
        transparency 0.0
        }
    }
}
Shape {
    appearance Appearance {material DEF RES-SMD-01 Material {
        diffuseColor 0.082 0.086 0.094
        emissiveColor 0.000 0.000 0.000
        specularColor 0.066 0.063 0.063
        ambientIntensity 0.638
        transparency 0.0
        shininess 0.3
        }
    }
}
Shape {
    appearance Appearance {material DEF IC-BODY-EPOXY-01 Material {
        ambientIntensity 0.117
        diffuseColor 0.250 0.262 0.281
        specularColor 0.316 0.281 0.176
        emissiveColor 0.0 0.0 0.0
        shininess 0.25
        transparency 0.0
        }
    }
}
Shape {
    appearance Appearance {material DEF CAP-CERAMIC-05 Material {
        ambientIntensity 0.179
        diffuseColor 0.273 0.273 0.273
        specularColor 0.203 0.188 0.176
        emissiveColor 0.0 0.0 0.0
        shininess 0.15
        transparency 0.0
        }
    }
}
Shape {
    appearance Appearance {material DEF CAP-CERAMIC-06 Material {
        ambientIntensity 0.453
        diffuseColor 0.379 0.270 0.215
        specularColor 0.223 0.223 0.223
        emissiveColor 0.0 0.0 0.0
        shininess 0.15
        transparency 0.0
        }
    }
}
Shape {
    appearance Appearance {material DEF RES-THT-01 Material {
        ambientIntensity 0.149
        diffuseColor 0.883 0.711 0.492
        specularColor 0.043 0.121 0.281
        emissiveColor 0.0 0.0 0.0
        shininess 0.40
        transparency 0.0
        }
    }
}
Shape {
    appearance Appearance {material DEF PLASTIC-BLUE-01 Material {
        ambientIntensity 0.565
        diffuseColor 0.137 0.402 0.727
        specularColor 0.359 0.379 0.270
        emissiveColor 0.0 0.0 0.0
        shininess 0.25
        transparency 0.0
        }
    }
}
Shape {
    appearance Appearance {material DEF PLASTIC-GREEN-01 Material {
        ambientIntensity 0.315
        diffuseColor 0.340 0.680 0.445
        specularColor 0.176 0.105 0.195
        emissiveColor 0.0 0.0 0.0
        shininess 0.25
        transparency 0.0
        }
    }
}
Shape {
    appearance Appearance {material DEF PLASTIC-ORANGE-01 Material {
        ambientIntensity 0.284
        diffuseColor 0.809 0.426 0.148
        specularColor 0.039 0.102 0.145
        emissiveColor 0.0 0.0 0.0
        shininess 0.25
        transparency 0.0
        }
    }
}
Shape {
    appearance Appearance {material DEF RED-BODY Material {
        ambientIntensity 0.683
        diffuseColor 0.700 0.100 0.050
        emissiveColor 0.000 0.000 0.000
        specularColor 0.300 0.400 0.150
        shininess 0.25
        transparency 0.0
        }
    }
}
Shape {
    appearance Appearance {material DEF CAP-CERAMIC-02 Material {
        ambientIntensity 0.683
        diffuseColor 0.578 0.336 0.352
        specularColor 0.105 0.273 0.270
        emissiveColor 0.0 0.0 0.0
        shininess 0.25
        transparency 0.0
        }
    }
}
Shape {
    appearance Appearance {material DEF PLASTIC-YELLOW-01 Material {
        ambientIntensity 0.522
        diffuseColor 0.832 0.680 0.066
        specularColor 0.160 0.203 0.320
        emissiveColor 0.0 0.0 0.0
        shininess 0.25
        transparency 0.0
        }
    }
}
Shape {
    appearance Appearance {material DEF PLASTIC-WHITE-01 Material {
        ambientIntensity 0.494
        diffuseColor 0.895 0.891 0.813
        specularColor 0.047 0.055 0.109
        emissiveColor 0.0 0.0 0.0
        shininess 0.25
        transparency 0.0
        }
    }
}
Shape {
    appearance Appearance {material DEF IC-LABEL-01 Material {
        ambientIntensity 0.082
        diffuseColor 0.691 0.664 0.598
        specularColor 0.000 0.000 0.000
        emissiveColor 0.0 0.0 0.0
        shininess 0.01
        transparency 0.0
        }
    }
}
Shape {
    appearance Appearance {material DEF LED-RED Material {
        ambientIntensity 0.789
        diffuseColor 0.700 0.100 0.050
        emissiveColor 0.000 0.000 0.000
        specularColor 0.300 0.400 0.150
        shininess 0.125
        transparency 0.15
        }
    }
}
Shape {
    appearance Appearance {material DEF LED-GREEN Material {
        ambientIntensity 0.789
        diffuseColor 0.400 0.700 0.150
        emissiveColor 0.000 0.000 0.000
        specularColor 0.600 0.300 0.100
        shininess 0.05
        transparency 0.15
        }
    }
}
Shape {
    appearance Appearance {material DEF LED-BLUE Material {
        ambientIntensity 0.789
        diffuseColor 0.100 0.250 0.700
        emissiveColor 0.000 0.000 0.000
        specularColor 0.500 0.600 0.300
        shininess 0.125
        transparency 0.15
        }
    }
}
Shape {
    appearance Appearance {material DEF LED-YELLOW Material {
        ambientIntensity 0.522
        diffuseColor 0.98 0.840 0.066
        specularColor 0.160 0.203 0.320
        emissiveColor 0.0 0.0 0.0
        shininess 0.125
        transparency 0.15
        }
    }
}
Shape {
    appearance Appearance {material DEF LED-WHITE Material {
        ambientIntensity 0.494
        diffuseColor 0.895 0.891 0.813
        specularColor 0.047 0.055 0.109
        emissiveColor 0.0 0.0 0.0
        shininess 0.125
        transparency 0.15
        }
    }
}
Shape {
    appearance Appearance {material DEF LED-GREY Material {
        ambientIntensity 0.494
        diffuseColor 0.27 0.25 0.27
        specularColor 0.5 0.5 0.6
        emissiveColor 0.0 0.0 0.0
        shininess 0.35
        transparency 0.15
        }
    }
}
Shape {
    appearance Appearance {material DEF LED-BLACK Material {
        ambientIntensity 0.494
        diffuseColor 0.1 0.05 0.1
        specularColor 0.6 0.5 0.6
        emissiveColor 0.0 0.0 0.0
        shininess 0.5
        transparency 0.15
        }
    }
}
Shape {
    appearance Appearance {material DEF GLASS-19 Material {
        ambientIntensity 0.2018212
        diffuseColor 0.400769 0.441922 0.459091
        specularColor 0.573887 0.649271 0.810811
        emissiveColor 0.000000 0.000000 0.000000
        shininess 0.127273
        transparency 0.37
        }
    }
}
Shape {
    appearance Appearance {material DEF GLASS-29 Material {
        ambientIntensity 0.379
        diffuseColor 0.859 0.738 0.496
        specularColor 0.137 0.145 0.184
        emissiveColor 0.0 0.0 0.0
        shininess 0.40
        transparency 0.39
        }
    }
}
Shape {
    appearance Appearance {material DEF GLASS-13 Material {
        ambientIntensity 0.250000
        diffuseColor 0.000000 0.631244 0.748016
        specularColor 0.915152 0.915152 0.915152
        emissiveColor 0.000000 0.000000 0.000000
        shininess 0.642424
        transparency 0.39
        }
    }
}
Shape {
    appearance Appearance {material DEF GLASS-GREEN Material {
        ambientIntensity 0.250000
        diffuseColor 0.000000 0.75 0.44
        specularColor 0.915152 0.915152 0.915152
        emissiveColor 0.000000 0.000000 0.000000
        shininess 0.642424
        transparency 0.39
        }
    }
}
Shape {
    appearance Appearance {material DEF GLASS-ORANGE Material {
        ambientIntensity 0.250000
        diffuseColor 0.75 0.44 0.000000
        specularColor 0.915152 0.915152 0.915152
        emissiveColor 0.000000 0.000000 0.000000
        shininess 0.642424
        transparency 0.39
        }
    }
}
Shape {
    appearance Appearance {material DEF BOARD-GREEN-02 Material {
        ambientIntensity 1
        diffuseColor 0.07 0.3 0.12
        specularColor 0.07 0.3 0.12
        emissiveColor 0.0 0.0 0.0
        shininess 0.40
        transparency 0.0
        }
    }
}
Shape {
    appearance Appearance {material DEF BOARD-BLUE-01 Material {
        ambientIntensity 1
        diffuseColor 0.07 0.12 0.3
        specularColor 0.07 0.12 0.3
        emissiveColor 0.0 0.0 0.0
        shininess 0.40
        transparency 0.0
        }
    }
}
Shape {
    appearance Appearance {material DEF BOARD-BLACK-03 Material {
        ambientIntensity 1
        diffuseColor 0.16 0.16 0.16
        specularColor 0.16 0.16 0.16
        emissiveColor 0.0 0.0 0.0
        shininess 0.40
        transparency 0.0
        }
    }
}
Shape {
    appearance Appearance {material DEF MET-ALUMINUM Material {
        ambientIntensity 0.256000
        diffuseColor 0.372322 0.371574 0.373173
        specularColor 0.556122 0.554201 0.556122
        emissiveColor 0.0 0.0 0.0
        shininess 0.127551
        transparency 0.0
        }
    }
}
Shape {
    appearance Appearance {material DEF MET-BRONZE Material {
        ambientIntensity 0.022727
        diffuseColor 0.714 0.4284 0.18144
        specularColor 0.393548 0.271906 0.166721
        emissiveColor 0.000000 0.000000 0.000000
        shininess 0.2
        transparency 0.0
        }
    }
}
Shape {
    appearance Appearance {material DEF MET-SILVER Material {
        ambientIntensity 0.022727
        diffuseColor 0.50754 0.50754 0.50754
        specularColor 0.508273 0.508273 0.508273
        emissiveColor 0.000000 0.000000 0.000000
        shininess 0.4
        transparency 0.0
        }
    }
}
Shape {
    appearance Appearance {material DEF MET-COPPER Material {
        ambientIntensity 0.022727
        diffuseColor 0.7038 0.27048 0.0828
        specularColor 0.780612 0.37 0.000000
        emissiveColor 0.000000 0.000000 0.000000
        shininess 0.2
        transparency 0.0
        }
    }
}
Shape { geometry IndexedFaceSet 
{ creaseAngle 0.50 coordIndex [0,1,2,-1,1,3,2,-1,3,4,5,-1,1,4,3,-1,6,7,1,-1,1,7,4,-1,8,9,10,-1,10,9,6,-1,5,11,12,-1,4,11,5,-1,11,13,12,-1,6,14,7,-1,9,14,6,-1,13,15,16,-1,11,15,13,-1,17,18,19,-1,19,20,9,-1,9,20,14,-1,11,21,15,-1,22,21,11,-1,14,23,7,-1,22,23,21,-1,7,23,22,-1,15,24,16,-1,16,24,25,-1,19,26,20,-1,20,26,27,-1,18,26,19,-1,24,28,25,-1,23,29,21,-1,24,30,28,-1,28,30,31,-1,32,33,27,-1,27,33,20,-1,23,34,29,-1,33,34,23,-1,24,35,30,-1,36,35,24,-1,36,37,35,-1,29,37,21,-1,21,37,36,-1,30,38,31,-1,31,38,39,-1,32,40,33,-1,33,40,34,-1,34,40,41,-1,38,42,39,-1,37,43,35,-1,42,44,45,-1,38,44,42,-1,46,47,41,-1,41,47,34,-1,38,48,44,-1,47,49,37,-1,37,49,43,-1,48,50,44,-1,35,51,48,-1,43,51,35,-1,45,52,53,-1,44,52,45,-1,52,54,53,-1,46,55,47,-1,47,55,49,-1,49,55,56,-1,48,57,50,-1,51,57,48,-1,54,58,59,-1,52,58,54,-1,58,60,59,-1,61,62,56,-1,51,62,57,-1,56,62,49,-1,57,63,50,-1,62,64,57,-1,63,65,52,-1,52,65,58,-1,57,66,63,-1,64,67,68,-1,62,67,64,-1,61,67,62,-1,66,69,63,-1,63,69,65,-1,69,70,65,-1,65,70,71,-1,72,73,68,-1,68,73,64,-1,66,73,69,-1,73,74,69,-1,74,75,76,-1,73,77,74,-1,72,77,73,-1,74,77,75,-1]
coord Coordinate { point [-0.799998 2.29527 0.999998,-0.799998 2.2 0.999998,-0.999998 2.29527 0.999998,-0.999998 1.75472 0.999998,-0.799998 1.8 0.999998,-0.899998 1.70472 0.999998,-0.2 2.2 0.999998,-0.2 1.8 0.999998,0.2 2.29527 0.999998,0.2 2.2 0.999998,-0.2 2.29527 0.999998,-0.799998 1.2 0.999998,-0.999998 1.65472 0.999998,-0.999998 0.754723 0.999998,0.2 1.8 0.999998,-0.799998 0.799998 0.999998,-0.899998 0.704723 0.999998,0.799998 2.29527 0.999998,0.999998 2.29527 0.999998,0.799998 2.2 0.999998,0.799998 1.8 0.999998,-0.2 0.799998 0.999998,-0.2 1.2 0.999998,0.2 1.2 0.999998,-0.799998 0.2 0.999998,-0.999998 0.654723 0.999998,0.999998 1.75472 0.999998,0.899998 1.70472 0.999998,-0.999998 -0.245275 0.999998,0.2 0.799998 0.999998,-0.799998 -0.2 0.999998,-0.899998 -0.295275 0.999998,0.999998 1.65472 0.999998,0.799998 1.2 0.999998,0.799998 0.799998 0.999998,-0.2 -0.2 0.999998,-0.2 0.2 0.999998,0.2 0.2 0.999998,-0.799998 -0.799998 0.999998,-0.999998 -0.345275 0.999998,0.999998 0.754723 0.999998,0.899998 0.704723 0.999998,-0.999998 -1.24527 0.999998,0.2 -0.2 0.999998,-0.799998 -1.2 0.999998,-0.899998 -1.29527 0.999998,0.999998 0.654723 0.999998,0.799998 0.2 0.999998,-0.2 -0.799998 0.999998,0.799998 -0.2 0.999998,-0.2 -1.2 0.999998,0.2 -0.799998 0.999998,-0.799998 -1.8 0.999998,-0.999998 -1.34527 0.999998,-0.999998 -2.24527 0.999998,0.999998 -0.245275 0.999998,0.899998 -0.295275 0.999998,0.2 -1.2 0.999998,-0.799998 -2.2 0.999998,-0.899998 -2.29527 0.999998,-0.799998 -2.29527 0.999998,0.999998 -0.345275 0.999998,0.799998 -0.799998 0.999998,-0.2 -1.8 0.999998,0.799998 -1.2 0.999998,-0.2 -2.2 0.999998,0.2 -1.8 0.999998,0.999998 -1.24527 0.999998,0.899998 -1.29527 0.999998,0.2 -2.2 0.999998,0.2 -2.29527 0.999998,-0.2 -2.29527 0.999998,0.999998 -1.34527 0.999998,0.799998 -1.8 0.999998,0.799998 -2.2 0.999998,0.899998 -2.29527 0.999998,0.799998 -2.29527 0.999998,0.999998 -2.24527 0.999998]
}}
appearance Appearance{material USE IC-BODY-EPOXY-04 }}
Shape { geometry IndexedFaceSet 
{ creaseAngle 0.50 coordIndex [0,1,2,-1]
coord Coordinate { point [0.704723 -2.29527 1.09527,0.799998 -2.2 0.999998,0.799998 -2.29527 0.999998]
}}
appearance Appearance{material USE IC-BODY-EPOXY-04 }}
Shape { geometry IndexedFaceSet 
{ creaseAngle 0.50 coordIndex [0,1,2,-1,0,2,3,-1]
coord Coordinate { point [0.704723 -2.29527 1.09527,0.295275 -2.29527 1.09527,0.2 -2.2 0.999998,0.799998 -2.2 0.999998]
}}
appearance Appearance{material USE IC-BODY-EPOXY-04 }}
Shape { geometry IndexedFaceSet 
{ creaseAngle 0.50 coordIndex [0,1,2,-1]
coord Coordinate { point [0.295275 -2.29527 1.09527,0.2 -2.29527 0.999998,0.2 -2.2 0.999998]
}}
appearance Appearance{material USE IC-BODY-EPOXY-04 }}
Shape { geometry IndexedFaceSet 
{ creaseAngle 0.50 coordIndex [0,1,2,-1,0,3,1,-1,1,4,2,-1,2,5,6,-1,4,5,2,-1,7,8,4,-1,4,8,5,-1,5,9,6,-1,10,11,9,-1,9,11,6,-1]
coord Coordinate { point [-0.899998 -2.29527 0.999998,-0.704723 -2.29527 1.09527,-0.899998 -2.29527 3.49999,-0.799998 -2.29527 0.999998,-0.295275 -2.29527 1.09527,0.295275 -2.29527 1.09527,0.899998 -2.29527 3.49999,-0.2 -2.29527 0.999998,0.2 -2.29527 0.999998,0.704723 -2.29527 1.09527,0.799998 -2.29527 0.999998,0.899998 -2.29527 0.999998]
}}
appearance Appearance{material USE IC-BODY-EPOXY-04 }}
Shape { geometry IndexedFaceSet 
{ creaseAngle 0.50 coordIndex [0,1,2,-1]
coord Coordinate { point [-0.2 -2.29527 0.999998,-0.295275 -2.29527 1.09527,-0.2 -2.2 0.999998]
}}
appearance Appearance{material USE IC-BODY-EPOXY-04 }}
Shape { geometry IndexedFaceSet 
{ creaseAngle 0.50 coordIndex [0,1,2,-1,2,1,3,-1]
coord Coordinate { point [-0.295275 -2.29527 1.09527,-0.704723 -2.29527 1.09527,-0.2 -2.2 0.999998,-0.799998 -2.2 0.999998]
}}
appearance Appearance{material USE IC-BODY-EPOXY-04 }}
Shape { geometry IndexedFaceSet 
{ creaseAngle 0.50 coordIndex [0,1,2,-1]
coord Coordinate { point [-0.799998 -2.2 0.999998,-0.704723 -2.29527 1.09527,-0.799998 -2.29527 0.999998]
}}
appearance Appearance{material USE IC-BODY-EPOXY-04 }}
Shape { geometry IndexedFaceSet 
{ creaseAngle 0.50 coordIndex [0,1,2,-1,1,3,2,-1]
coord Coordinate { point [-0.899998 -2.29527 0.999998,-0.899998 -2.29527 3.49999,-0.999998 -2.24527 0.999998,-0.999998 -2.24527 3.49999]
}}
appearance Appearance{material USE IC-BODY-EPOXY-04 }}
Shape { geometry IndexedFaceSet 
{ creaseAngle 0.50 coordIndex [0,1,2,-1,2,1,3,-1]
coord Coordinate { point [-0.999998 -1.34527 0.999998,-0.999998 -2.24527 0.999998,-0.999998 -1.34527 3.49999,-0.999998 -2.24527 3.49999]
}}
appearance Appearance{material USE IC-BODY-EPOXY-04 }}
Shape { geometry IndexedFaceSet 
{ creaseAngle 0.50 coordIndex [0,1,2,-1,1,3,2,-1]
coord Coordinate { point [-0.999998 -1.34527 0.999998,-0.999998 -1.34527 3.49999,-0.899998 -1.29527 0.999998,-0.899998 -1.29527 3.49999]
}}
appearance Appearance{material USE IC-BODY-EPOXY-04 }}
Shape { geometry IndexedFaceSet 
{ creaseAngle 0.50 coordIndex [0,1,2,-1,1,3,2,-1]
coord Coordinate { point [-0.899998 -1.29527 0.999998,-0.899998 -1.29527 3.49999,-0.999998 -1.24527 0.999998,-0.999998 -1.24527 3.49999]
}}
appearance Appearance{material USE IC-BODY-EPOXY-04 }}
Shape { geometry IndexedFaceSet 
{ creaseAngle 0.50 coordIndex [0,1,2,-1,2,1,3,-1]
coord Coordinate { point [-0.999998 -0.345275 0.999998,-0.999998 -1.24527 0.999998,-0.999998 -0.345275 3.49999,-0.999998 -1.24527 3.49999]
}}
appearance Appearance{material USE IC-BODY-EPOXY-04 }}
Shape { geometry IndexedFaceSet 
{ creaseAngle 0.50 coordIndex [0,1,2,-1,1,3,2,-1]
coord Coordinate { point [-0.999998 -0.345275 0.999998,-0.999998 -0.345275 3.49999,-0.899998 -0.295275 0.999998,-0.899998 -0.295275 3.49999]
}}
appearance Appearance{material USE IC-BODY-EPOXY-04 }}
Shape { geometry IndexedFaceSet 
{ creaseAngle 0.50 coordIndex [0,1,2,-1,1,3,2,-1]
coord Coordinate { point [-0.899998 -0.295275 0.999998,-0.899998 -0.295275 3.49999,-0.999998 -0.245275 0.999998,-0.999998 -0.245275 3.49999]
}}
appearance Appearance{material USE IC-BODY-EPOXY-04 }}
Shape { geometry IndexedFaceSet 
{ creaseAngle 0.50 coordIndex [0,1,2,-1,2,1,3,-1]
coord Coordinate { point [-0.999998 0.654723 0.999998,-0.999998 -0.245275 0.999998,-0.999998 0.654723 3.49999,-0.999998 -0.245275 3.49999]
}}
appearance Appearance{material USE IC-BODY-EPOXY-04 }}
Shape { geometry IndexedFaceSet 
{ creaseAngle 0.50 coordIndex [0,1,2,-1,1,3,2,-1]
coord Coordinate { point [-0.999998 0.654723 0.999998,-0.999998 0.654723 3.49999,-0.899998 0.704723 0.999998,-0.899998 0.704723 3.49999]
}}
appearance Appearance{material USE IC-BODY-EPOXY-04 }}
Shape { geometry IndexedFaceSet 
{ creaseAngle 0.50 coordIndex [0,1,2,-1,1,3,2,-1]
coord Coordinate { point [-0.899998 0.704723 0.999998,-0.899998 0.704723 3.49999,-0.999998 0.754723 0.999998,-0.999998 0.754723 3.49999]
}}
appearance Appearance{material USE IC-BODY-EPOXY-04 }}
Shape { geometry IndexedFaceSet 
{ creaseAngle 0.50 coordIndex [0,1,2,-1,2,1,3,-1]
coord Coordinate { point [-0.999998 1.65472 0.999998,-0.999998 0.754723 0.999998,-0.999998 1.65472 3.49999,-0.999998 0.754723 3.49999]
}}
appearance Appearance{material USE IC-BODY-EPOXY-04 }}
Shape { geometry IndexedFaceSet 
{ creaseAngle 0.50 coordIndex [0,1,2,-1,1,3,2,-1]
coord Coordinate { point [-0.999998 1.65472 0.999998,-0.999998 1.65472 3.49999,-0.899998 1.70472 0.999998,-0.899998 1.70472 3.49999]
}}
appearance Appearance{material USE IC-BODY-EPOXY-04 }}
Shape { geometry IndexedFaceSet 
{ creaseAngle 0.50 coordIndex [0,1,2,-1,1,3,2,-1]
coord Coordinate { point [-0.899998 1.70472 0.999998,-0.899998 1.70472 3.49999,-0.999998 1.75472 0.999998,-0.999998 1.75472 3.49999]
}}
appearance Appearance{material USE IC-BODY-EPOXY-04 }}
Shape { geometry IndexedFaceSet 
{ creaseAngle 0.50 coordIndex [0,1,2,-1,2,1,3,-1]
coord Coordinate { point [-0.999998 2.29527 0.999998,-0.999998 1.75472 0.999998,-0.999998 2.29527 3.49999,-0.999998 1.75472 3.49999]
}}
appearance Appearance{material USE IC-BODY-EPOXY-04 }}
Shape { geometry IndexedFaceSet 
{ creaseAngle 0.50 coordIndex [0,1,2,-1,0,3,1,-1,1,4,2,-1,2,5,6,-1,4,5,2,-1,7,8,4,-1,4,8,5,-1,5,9,6,-1,10,11,9,-1,9,11,6,-1]
coord Coordinate { point [0.999998 2.29527 0.999998,0.704723 2.29527 1.09527,0.999998 2.29527 3.49999,0.799998 2.29527 0.999998,0.295275 2.29527 1.09527,-0.295275 2.29527 1.09527,-0.999998 2.29527 3.49999,0.2 2.29527 0.999998,-0.2 2.29527 0.999998,-0.704723 2.29527 1.09527,-0.799998 2.29527 0.999998,-0.999998 2.29527 0.999998]
}}
appearance Appearance{material USE IC-BODY-EPOXY-04 }}
Shape { geometry IndexedFaceSet 
{ creaseAngle 0.50 coordIndex [0,1,2,-1]
coord Coordinate { point [-0.799998 2.29527 0.999998,-0.704723 2.29527 1.09527,-0.799998 2.2 0.999998]
}}
appearance Appearance{material USE IC-BODY-EPOXY-04 }}
Shape { geometry IndexedFaceSet 
{ creaseAngle 0.50 coordIndex [0,1,2,-1,2,1,3,-1]
coord Coordinate { point [-0.704723 2.29527 1.09527,-0.295275 2.29527 1.09527,-0.799998 2.2 0.999998,-0.2 2.2 0.999998]
}}
appearance Appearance{material USE IC-BODY-EPOXY-04 }}
Shape { geometry IndexedFaceSet 
{ creaseAngle 0.50 coordIndex [0,1,2,-1]
coord Coordinate { point [-0.2 2.2 0.999998,-0.295275 2.29527 1.09527,-0.2 2.29527 0.999998]
}}
appearance Appearance{material USE IC-BODY-EPOXY-04 }}
Shape { geometry IndexedFaceSet 
{ creaseAngle 0.50 coordIndex [0,1,2,-1]
coord Coordinate { point [0.295275 2.29527 1.09527,0.2 2.2 0.999998,0.2 2.29527 0.999998]
}}
appearance Appearance{material USE IC-BODY-EPOXY-04 }}
Shape { geometry IndexedFaceSet 
{ creaseAngle 0.50 coordIndex [0,1,2,-1,0,2,3,-1]
coord Coordinate { point [0.295275 2.29527 1.09527,0.704723 2.29527 1.09527,0.799998 2.2 0.999998,0.2 2.2 0.999998]
}}
appearance Appearance{material USE IC-BODY-EPOXY-04 }}
Shape { geometry IndexedFaceSet 
{ creaseAngle 0.50 coordIndex [0,1,2,-1]
coord Coordinate { point [0.704723 2.29527 1.09527,0.799998 2.29527 0.999998,0.799998 2.2 0.999998]
}}
appearance Appearance{material USE IC-BODY-EPOXY-04 }}
Shape { geometry IndexedFaceSet 
{ creaseAngle 0.50 coordIndex [0,1,2,-1,2,1,3,-1]
coord Coordinate { point [0.999998 1.75472 0.999998,0.999998 2.29527 0.999998,0.999998 1.75472 3.49999,0.999998 2.29527 3.49999]
}}
appearance Appearance{material USE IC-BODY-EPOXY-04 }}
Shape { geometry IndexedFaceSet 
{ creaseAngle 0.50 coordIndex [0,1,2,-1,3,0,2,-1]
coord Coordinate { point [0.899998 1.70472 3.49999,0.899998 1.70472 0.999998,0.999998 1.75472 0.999998,0.999998 1.75472 3.49999]
}}
appearance Appearance{material USE IC-BODY-EPOXY-04 }}
Shape { geometry IndexedFaceSet 
{ creaseAngle 0.50 coordIndex [0,1,2,-1,3,0,2,-1]
coord Coordinate { point [0.999998 1.65472 3.49999,0.999998 1.65472 0.999998,0.899998 1.70472 0.999998,0.899998 1.70472 3.49999]
}}
appearance Appearance{material USE IC-BODY-EPOXY-04 }}
Shape { geometry IndexedFaceSet 
{ creaseAngle 0.50 coordIndex [0,1,2,-1,2,1,3,-1]
coord Coordinate { point [0.999998 0.754723 0.999998,0.999998 1.65472 0.999998,0.999998 0.754723 3.49999,0.999998 1.65472 3.49999]
}}
appearance Appearance{material USE IC-BODY-EPOXY-04 }}
Shape { geometry IndexedFaceSet 
{ creaseAngle 0.50 coordIndex [0,1,2,-1,3,0,2,-1]
coord Coordinate { point [0.899998 0.704723 3.49999,0.899998 0.704723 0.999998,0.999998 0.754723 0.999998,0.999998 0.754723 3.49999]
}}
appearance Appearance{material USE IC-BODY-EPOXY-04 }}
Shape { geometry IndexedFaceSet 
{ creaseAngle 0.50 coordIndex [0,1,2,-1,3,0,2,-1]
coord Coordinate { point [0.999998 0.654723 3.49999,0.999998 0.654723 0.999998,0.899998 0.704723 0.999998,0.899998 0.704723 3.49999]
}}
appearance Appearance{material USE IC-BODY-EPOXY-04 }}
Shape { geometry IndexedFaceSet 
{ creaseAngle 0.50 coordIndex [0,1,2,-1,1,3,2,-1]
coord Coordinate { point [0.999998 -0.245275 3.49999,0.999998 -0.245275 0.999998,0.999998 0.654723 3.49999,0.999998 0.654723 0.999998]
}}
appearance Appearance{material USE IC-BODY-EPOXY-04 }}
Shape { geometry IndexedFaceSet 
{ creaseAngle 0.50 coordIndex [0,1,2,-1,3,0,2,-1]
coord Coordinate { point [0.899998 -0.295275 3.49999,0.899998 -0.295275 0.999998,0.999998 -0.245275 0.999998,0.999998 -0.245275 3.49999]
}}
appearance Appearance{material USE IC-BODY-EPOXY-04 }}
Shape { geometry IndexedFaceSet 
{ creaseAngle 0.50 coordIndex [0,1,2,-1,3,0,2,-1]
coord Coordinate { point [0.999998 -0.345275 3.49999,0.999998 -0.345275 0.999998,0.899998 -0.295275 0.999998,0.899998 -0.295275 3.49999]
}}
appearance Appearance{material USE IC-BODY-EPOXY-04 }}
Shape { geometry IndexedFaceSet 
{ creaseAngle 0.50 coordIndex [0,1,2,-1,2,1,3,-1]
coord Coordinate { point [0.999998 -1.24527 0.999998,0.999998 -0.345275 0.999998,0.999998 -1.24527 3.49999,0.999998 -0.345275 3.49999]
}}
appearance Appearance{material USE IC-BODY-EPOXY-04 }}
Shape { geometry IndexedFaceSet 
{ creaseAngle 0.50 coordIndex [0,1,2,-1,3,0,2,-1]
coord Coordinate { point [0.899998 -1.29527 3.49999,0.899998 -1.29527 0.999998,0.999998 -1.24527 0.999998,0.999998 -1.24527 3.49999]
}}
appearance Appearance{material USE IC-BODY-EPOXY-04 }}
Shape { geometry IndexedFaceSet 
{ creaseAngle 0.50 coordIndex [0,1,2,-1,3,0,2,-1]
coord Coordinate { point [0.999998 -1.34527 3.49999,0.999998 -1.34527 0.999998,0.899998 -1.29527 0.999998,0.899998 -1.29527 3.49999]
}}
appearance Appearance{material USE IC-BODY-EPOXY-04 }}
Shape { geometry IndexedFaceSet 
{ creaseAngle 0.50 coordIndex [0,1,2,-1,2,1,3,-1]
coord Coordinate { point [0.999998 -2.24527 0.999998,0.999998 -1.34527 0.999998,0.999998 -2.24527 3.49999,0.999998 -1.34527 3.49999]
}}
appearance Appearance{material USE IC-BODY-EPOXY-04 }}
Shape { geometry IndexedFaceSet 
{ creaseAngle 0.50 coordIndex [0,1,2,-1,3,0,2,-1]
coord Coordinate { point [0.899998 -2.29527 3.49999,0.899998 -2.29527 0.999998,0.999998 -2.24527 0.999998,0.999998 -2.24527 3.49999]
}}
appearance Appearance{material USE IC-BODY-EPOXY-04 }}
Shape { geometry IndexedFaceSet 
{ creaseAngle 0.50 coordIndex [0,1,2,-1,2,1,3,-1]
coord Coordinate { point [-0.349999 1.35 1.15,-0.349999 1.65 1.15,-0.2 1.2 0.999998,-0.2 1.8 0.999998]
}}
appearance Appearance{material USE IC-BODY-EPOXY-04 }}
Shape { geometry IndexedFaceSet 
{ creaseAngle 0.50 coordIndex [0,1,2,-1,2,1,3,-1]
coord Coordinate { point [-0.649999 1.35 1.15,-0.349999 1.35 1.15,-0.799998 1.2 0.999998,-0.2 1.2 0.999998]
}}
appearance Appearance{material USE IC-BODY-EPOXY-04 }}
Shape { geometry IndexedFaceSet 
{ creaseAngle 0.50 coordIndex [0,1,2,-1,2,1,3,-1]
coord Coordinate { point [-0.349999 1.65 1.15,-0.649999 1.65 1.15,-0.2 1.8 0.999998,-0.799998 1.8 0.999998]
}}
appearance Appearance{material USE IC-BODY-EPOXY-04 }}
Shape { geometry IndexedFaceSet 
{ creaseAngle 0.50 coordIndex [0,1,2,-1,0,3,1,-1]
coord Coordinate { point [-0.649999 1.65 1.15,-0.799998 1.2 0.999998,-0.799998 1.8 0.999998,-0.649999 1.35 1.15]
}}
appearance Appearance{material USE IC-BODY-EPOXY-04 }}
Shape { geometry IndexedFaceSet 
{ creaseAngle 0.50 coordIndex [0,1,2,-1,2,1,3,-1]
coord Coordinate { point [-0.649999 0.349999 1.15,-0.349999 0.349999 1.15,-0.799998 0.2 0.999998,-0.2 0.2 0.999998]
}}
appearance Appearance{material USE IC-BODY-EPOXY-04 }}
Shape { geometry IndexedFaceSet 
{ creaseAngle 0.50 coordIndex [0,1,2,-1,0,3,1,-1]
coord Coordinate { point [-0.649999 0.649999 1.15,-0.799998 0.2 0.999998,-0.799998 0.799998 0.999998,-0.649999 0.349999 1.15]
}}
appearance Appearance{material USE IC-BODY-EPOXY-04 }}
Shape { geometry IndexedFaceSet 
{ creaseAngle 0.50 coordIndex [0,1,2,-1,2,1,3,-1]
coord Coordinate { point [-0.349999 0.349999 1.15,-0.349999 0.649999 1.15,-0.2 0.2 0.999998,-0.2 0.799998 0.999998]
}}
appearance Appearance{material USE IC-BODY-EPOXY-04 }}
Shape { geometry IndexedFaceSet 
{ creaseAngle 0.50 coordIndex [0,1,2,-1,2,1,3,-1]
coord Coordinate { point [-0.349999 0.649999 1.15,-0.649999 0.649999 1.15,-0.2 0.799998 0.999998,-0.799998 0.799998 0.999998]
}}
appearance Appearance{material USE IC-BODY-EPOXY-04 }}
Shape { geometry IndexedFaceSet 
{ creaseAngle 0.50 coordIndex [0,1,2,-1,2,1,3,-1]
coord Coordinate { point [-0.649999 -0.649999 1.15,-0.349999 -0.649999 1.15,-0.799998 -0.799998 0.999998,-0.2 -0.799998 0.999998]
}}
appearance Appearance{material USE IC-BODY-EPOXY-04 }}
Shape { geometry IndexedFaceSet 
{ creaseAngle 0.50 coordIndex [0,1,2,-1,2,1,3,-1]
coord Coordinate { point [-0.649999 -0.349999 1.15,-0.649999 -0.649999 1.15,-0.799998 -0.2 0.999998,-0.799998 -0.799998 0.999998]
}}
appearance Appearance{material USE IC-BODY-EPOXY-04 }}
Shape { geometry IndexedFaceSet 
{ creaseAngle 0.50 coordIndex [0,1,2,-1,2,1,3,-1]
coord Coordinate { point [-0.349999 -0.649999 1.15,-0.349999 -0.349999 1.15,-0.2 -0.799998 0.999998,-0.2 -0.2 0.999998]
}}
appearance Appearance{material USE IC-BODY-EPOXY-04 }}
Shape { geometry IndexedFaceSet 
{ creaseAngle 0.50 coordIndex [0,1,2,-1,2,1,3,-1]
coord Coordinate { point [-0.349999 -0.349999 1.15,-0.649999 -0.349999 1.15,-0.2 -0.2 0.999998,-0.799998 -0.2 0.999998]
}}
appearance Appearance{material USE IC-BODY-EPOXY-04 }}
Shape { geometry IndexedFaceSet 
{ creaseAngle 0.50 coordIndex [0,1,2,-1,2,1,3,-1]
coord Coordinate { point [-0.649999 -1.65 1.15,-0.349999 -1.65 1.15,-0.799998 -1.8 0.999998,-0.2 -1.8 0.999998]
}}
appearance Appearance{material USE IC-BODY-EPOXY-04 }}
Shape { geometry IndexedFaceSet 
{ creaseAngle 0.50 coordIndex [0,1,2,-1,2,1,3,-1]
coord Coordinate { point [-0.649999 -1.35 1.15,-0.649999 -1.65 1.15,-0.799998 -1.2 0.999998,-0.799998 -1.8 0.999998]
}}
appearance Appearance{material USE IC-BODY-EPOXY-04 }}
Shape { geometry IndexedFaceSet 
{ creaseAngle 0.50 coordIndex [0,1,2,-1,2,1,3,-1]
coord Coordinate { point [-0.349999 -1.65 1.15,-0.349999 -1.35 1.15,-0.2 -1.8 0.999998,-0.2 -1.2 0.999998]
}}
appearance Appearance{material USE IC-BODY-EPOXY-04 }}
Shape { geometry IndexedFaceSet 
{ creaseAngle 0.50 coordIndex [0,1,2,-1,2,1,3,-1]
coord Coordinate { point [-0.349999 -1.35 1.15,-0.649999 -1.35 1.15,-0.2 -1.2 0.999998,-0.799998 -1.2 0.999998]
}}
appearance Appearance{material USE IC-BODY-EPOXY-04 }}
Shape { geometry IndexedFaceSet 
{ creaseAngle 0.50 coordIndex [0,1,2,-1,0,2,3,-1]
coord Coordinate { point [0.649999 1.35 1.15,0.649999 1.65 1.15,0.799998 1.8 0.999998,0.799998 1.2 0.999998]
}}
appearance Appearance{material USE IC-BODY-EPOXY-04 }}
Shape { geometry IndexedFaceSet 
{ creaseAngle 0.50 coordIndex [0,1,2,-1,0,2,3,-1]
coord Coordinate { point [0.649999 1.65 1.15,0.349999 1.65 1.15,0.2 1.8 0.999998,0.799998 1.8 0.999998]
}}
appearance Appearance{material USE IC-BODY-EPOXY-04 }}
Shape { geometry IndexedFaceSet 
{ creaseAngle 0.50 coordIndex [0,1,2,-1,0,2,3,-1]
coord Coordinate { point [0.349999 1.35 1.15,0.649999 1.35 1.15,0.799998 1.2 0.999998,0.2 1.2 0.999998]
}}
appearance Appearance{material USE IC-BODY-EPOXY-04 }}
Shape { geometry IndexedFaceSet 
{ creaseAngle 0.50 coordIndex [0,1,2,-1,0,2,3,-1]
coord Coordinate { point [0.349999 1.65 1.15,0.349999 1.35 1.15,0.2 1.2 0.999998,0.2 1.8 0.999998]
}}
appearance Appearance{material USE IC-BODY-EPOXY-04 }}
Shape { geometry IndexedFaceSet 
{ creaseAngle 0.50 coordIndex [0,1,2,-1,0,2,3,-1]
coord Coordinate { point [0.649999 0.349999 1.15,0.649999 0.649999 1.15,0.799998 0.799998 0.999998,0.799998 0.2 0.999998]
}}
appearance Appearance{material USE IC-BODY-EPOXY-04 }}
Shape { geometry IndexedFaceSet 
{ creaseAngle 0.50 coordIndex [0,1,2,-1,0,2,3,-1]
coord Coordinate { point [0.649999 0.649999 1.15,0.349999 0.649999 1.15,0.2 0.799998 0.999998,0.799998 0.799998 0.999998]
}}
appearance Appearance{material USE IC-BODY-EPOXY-04 }}
Shape { geometry IndexedFaceSet 
{ creaseAngle 0.50 coordIndex [0,1,2,-1,0,2,3,-1]
coord Coordinate { point [0.349999 0.349999 1.15,0.649999 0.349999 1.15,0.799998 0.2 0.999998,0.2 0.2 0.999998]
}}
appearance Appearance{material USE IC-BODY-EPOXY-04 }}
Shape { geometry IndexedFaceSet 
{ creaseAngle 0.50 coordIndex [0,1,2,-1,0,2,3,-1]
coord Coordinate { point [0.349999 0.649999 1.15,0.349999 0.349999 1.15,0.2 0.2 0.999998,0.2 0.799998 0.999998]
}}
appearance Appearance{material USE IC-BODY-EPOXY-04 }}
Shape { geometry IndexedFaceSet 
{ creaseAngle 0.50 coordIndex [0,1,2,-1,3,1,0,-1]
coord Coordinate { point [0.799998 -0.799998 0.999998,0.649999 -0.349999 1.15,0.799998 -0.2 0.999998,0.649999 -0.649999 1.15]
}}
appearance Appearance{material USE IC-BODY-EPOXY-04 }}
Shape { geometry IndexedFaceSet 
{ creaseAngle 0.50 coordIndex [0,1,2,-1,0,2,3,-1]
coord Coordinate { point [0.649999 -0.349999 1.15,0.349999 -0.349999 1.15,0.2 -0.2 0.999998,0.799998 -0.2 0.999998]
}}
appearance Appearance{material USE IC-BODY-EPOXY-04 }}
Shape { geometry IndexedFaceSet 
{ creaseAngle 0.50 coordIndex [0,1,2,-1,0,2,3,-1]
coord Coordinate { point [0.349999 -0.649999 1.15,0.649999 -0.649999 1.15,0.799998 -0.799998 0.999998,0.2 -0.799998 0.999998]
}}
appearance Appearance{material USE IC-BODY-EPOXY-04 }}
Shape { geometry IndexedFaceSet 
{ creaseAngle 0.50 coordIndex [0,1,2,-1,0,2,3,-1]
coord Coordinate { point [0.349999 -0.349999 1.15,0.349999 -0.649999 1.15,0.2 -0.799998 0.999998,0.2 -0.2 0.999998]
}}
appearance Appearance{material USE IC-BODY-EPOXY-04 }}
Shape { geometry IndexedFaceSet 
{ creaseAngle 0.50 coordIndex [0,1,2,-1,0,2,3,-1]
coord Coordinate { point [0.649999 -1.65 1.15,0.649999 -1.35 1.15,0.799998 -1.2 0.999998,0.799998 -1.8 0.999998]
}}
appearance Appearance{material USE IC-BODY-EPOXY-04 }}
Shape { geometry IndexedFaceSet 
{ creaseAngle 0.50 coordIndex [0,1,2,-1,0,2,3,-1]
coord Coordinate { point [0.649999 -1.35 1.15,0.349999 -1.35 1.15,0.2 -1.2 0.999998,0.799998 -1.2 0.999998]
}}
appearance Appearance{material USE IC-BODY-EPOXY-04 }}
Shape { geometry IndexedFaceSet 
{ creaseAngle 0.50 coordIndex [0,1,2,-1,0,2,3,-1]
coord Coordinate { point [0.349999 -1.65 1.15,0.649999 -1.65 1.15,0.799998 -1.8 0.999998,0.2 -1.8 0.999998]
}}
appearance Appearance{material USE IC-BODY-EPOXY-04 }}
Shape { geometry IndexedFaceSet 
{ creaseAngle 0.50 coordIndex [0,1,2,-1,0,2,3,-1]
coord Coordinate { point [0.349999 -1.35 1.15,0.349999 -1.65 1.15,0.2 -1.8 0.999998,0.2 -1.2 0.999998]
}}
appearance Appearance{material USE IC-BODY-EPOXY-04 }}
Shape { geometry IndexedFaceSet 
{ creaseAngle 0.50 coordIndex [0,1,2,-1,3,1,0,-1,4,1,3,-1,5,0,6,-1,5,3,0,-1,7,5,6,-1,8,5,7,-1,9,4,10,-1,11,5,8,-1,12,4,9,-1,12,1,4,-1,13,12,9,-1,14,10,5,-1,14,5,11,-1,15,9,10,-1,15,10,14,-1,16,8,17,-1,16,11,8,-1,18,12,13,-1,19,12,18,-1,20,16,17,-1,21,18,13,-1,22,18,21,-1,23,16,20,-1,24,15,14,-1,25,16,23,-1,26,15,24,-1,26,21,15,-1,27,16,25,-1,27,28,16,-1,29,28,27,-1,29,14,28,-1,29,24,14,-1,30,25,23,-1,30,23,31,-1,32,21,26,-1,33,30,31,-1,34,22,21,-1,34,21,32,-1,35,32,26,-1,36,32,35,-1,37,30,33,-1,38,29,27,-1,38,27,39,-1,40,30,37,-1,41,29,38,-1,41,35,29,-1,42,30,40,-1,42,39,30,-1,43,38,39,-1,44,37,45,-1,44,40,37,-1,46,35,41,-1,47,44,45,-1,48,36,35,-1,48,35,46,-1,49,46,41,-1,50,46,49,-1,51,52,44,-1,51,44,47,-1,53,39,42,-1,53,43,39,-1,54,43,53,-1,54,49,43,-1,55,42,52,-1,55,52,51,-1,55,53,42,-1,56,49,54,-1,57,50,49,-1,57,49,56,-1,58,56,54,-1,59,56,58,-1,60,58,55,-1,60,55,51,-1,61,58,60,-1,61,59,58,-1]
coord Coordinate { point [-0.899998 1.70472 3.49999,-0.999998 2.29527 3.49999,-0.999998 1.75472 3.49999,-0.649999 1.65 3.49999,-0.349999 1.65 3.49999,-0.649999 1.35 3.49999,-0.999998 1.65472 3.49999,-0.999998 0.754723 3.49999,-0.899998 0.704723 3.49999,0.349999 1.65 3.49999,-0.349999 1.35 3.49999,-0.649999 0.649999 3.49999,0.999998 2.29527 3.49999,0.649999 1.65 3.49999,-0.349999 0.649999 3.49999,0.349999 1.35 3.49999,-0.649999 0.349999 3.49999,-0.999998 0.654723 3.49999,0.899998 1.70472 3.49999,0.999998 1.75472 3.49999,-0.999998 -0.245275 3.49999,0.649999 1.35 3.49999,0.999998 1.65472 3.49999,-0.899998 -0.295275 3.49999,0.349999 0.649999 3.49999,-0.649999 -0.349999 3.49999,0.649999 0.649999 3.49999,-0.349999 -0.349999 3.49999,-0.349999 0.349999 3.49999,0.349999 0.349999 3.49999,-0.649999 -0.649999 3.49999,-0.999998 -0.345275 3.49999,0.899998 0.704723 3.49999,-0.999998 -1.24527 3.49999,0.999998 0.754723 3.49999,0.649999 0.349999 3.49999,0.999998 0.654723 3.49999,-0.899998 -1.29527 3.49999,0.349999 -0.349999 3.49999,-0.349999 -0.649999 3.49999,-0.649999 -1.35 3.49999,0.649999 -0.349999 3.49999,-0.349999 -1.35 3.49999,0.349999 -0.649999 3.49999,-0.649999 -1.65 3.49999,-0.999998 -1.34527 3.49999,0.899998 -0.295275 3.49999,-0.999998 -2.24527 3.49999,0.999998 -0.245275 3.49999,0.649999 -0.649999 3.49999,0.999998 -0.345275 3.49999,-0.899998 -2.29527 3.49999,-0.349999 -1.65 3.49999,0.349999 -1.35 3.49999,0.649999 -1.35 3.49999,0.349999 -1.65 3.49999,0.899998 -1.29527 3.49999,0.999998 -1.24527 3.49999,0.649999 -1.65 3.49999,0.999998 -1.34527 3.49999,0.899998 -2.29527 3.49999,0.999998 -2.24527 3.49999]
}}
appearance Appearance{material USE IC-BODY-EPOXY-04 }}
Shape { geometry IndexedFaceSet 
{ creaseAngle 0.50 coordIndex [0,1,2,-1,0,2,3,-1]
coord Coordinate { point [-0.349999 1.65 1.15,-0.349999 1.35 1.15,-0.349999 1.35 3.49999,-0.349999 1.65 3.49999]
}}
appearance Appearance{material USE IC-BODY-EPOXY-04 }}
Shape { geometry IndexedFaceSet 
{ creaseAngle 0.50 coordIndex [0,1,2,-1,0,2,3,-1]
coord Coordinate { point [-0.349999 1.35 1.15,-0.649999 1.35 1.15,-0.649999 1.35 3.49999,-0.349999 1.35 3.49999]
}}
appearance Appearance{material USE IC-BODY-EPOXY-04 }}
Shape { geometry IndexedFaceSet 
{ creaseAngle 0.50 coordIndex [0,1,2,-1,0,2,3,-1]
coord Coordinate { point [-0.649999 1.65 1.15,-0.349999 1.65 1.15,-0.349999 1.65 3.49999,-0.649999 1.65 3.49999]
}}
appearance Appearance{material USE IC-BODY-EPOXY-04 }}
Shape { geometry IndexedFaceSet 
{ creaseAngle 0.50 coordIndex [0,1,2,-1,0,2,3,-1]
coord Coordinate { point [-0.649999 1.35 1.15,-0.649999 1.65 1.15,-0.649999 1.65 3.49999,-0.649999 1.35 3.49999]
}}
appearance Appearance{material USE IC-BODY-EPOXY-04 }}
Shape { geometry IndexedFaceSet 
{ creaseAngle 0.50 coordIndex [0,1,2,-1,0,2,3,-1]
coord Coordinate { point [-0.349999 0.349999 1.15,-0.649999 0.349999 1.15,-0.649999 0.349999 3.49999,-0.349999 0.349999 3.49999]
}}
appearance Appearance{material USE IC-BODY-EPOXY-04 }}
Shape { geometry IndexedFaceSet 
{ creaseAngle 0.50 coordIndex [0,1,2,-1,0,2,3,-1]
coord Coordinate { point [-0.649999 0.349999 1.15,-0.649999 0.649999 1.15,-0.649999 0.649999 3.49999,-0.649999 0.349999 3.49999]
}}
appearance Appearance{material USE IC-BODY-EPOXY-04 }}
Shape { geometry IndexedFaceSet 
{ creaseAngle 0.50 coordIndex [0,1,2,-1,0,2,3,-1]
coord Coordinate { point [-0.349999 0.649999 1.15,-0.349999 0.349999 1.15,-0.349999 0.349999 3.49999,-0.349999 0.649999 3.49999]
}}
appearance Appearance{material USE IC-BODY-EPOXY-04 }}
Shape { geometry IndexedFaceSet 
{ creaseAngle 0.50 coordIndex [0,1,2,-1,0,2,3,-1]
coord Coordinate { point [-0.649999 0.649999 1.15,-0.349999 0.649999 1.15,-0.349999 0.649999 3.49999,-0.649999 0.649999 3.49999]
}}
appearance Appearance{material USE IC-BODY-EPOXY-04 }}
Shape { geometry IndexedFaceSet 
{ creaseAngle 0.50 coordIndex [0,1,2,-1,0,2,3,-1]
coord Coordinate { point [-0.349999 -0.649999 1.15,-0.649999 -0.649999 1.15,-0.649999 -0.649999 3.49999,-0.349999 -0.649999 3.49999]
}}
appearance Appearance{material USE IC-BODY-EPOXY-04 }}
Shape { geometry IndexedFaceSet 
{ creaseAngle 0.50 coordIndex [0,1,2,-1,0,2,3,-1]
coord Coordinate { point [-0.649999 -0.649999 1.15,-0.649999 -0.349999 1.15,-0.649999 -0.349999 3.49999,-0.649999 -0.649999 3.49999]
}}
appearance Appearance{material USE IC-BODY-EPOXY-04 }}
Shape { geometry IndexedFaceSet 
{ creaseAngle 0.50 coordIndex [0,1,2,-1,0,2,3,-1]
coord Coordinate { point [-0.349999 -0.349999 1.15,-0.349999 -0.649999 1.15,-0.349999 -0.649999 3.49999,-0.349999 -0.349999 3.49999]
}}
appearance Appearance{material USE IC-BODY-EPOXY-04 }}
Shape { geometry IndexedFaceSet 
{ creaseAngle 0.50 coordIndex [0,1,2,-1,0,2,3,-1]
coord Coordinate { point [-0.649999 -0.349999 1.15,-0.349999 -0.349999 1.15,-0.349999 -0.349999 3.49999,-0.649999 -0.349999 3.49999]
}}
appearance Appearance{material USE IC-BODY-EPOXY-04 }}
Shape { geometry IndexedFaceSet 
{ creaseAngle 0.50 coordIndex [0,1,2,-1,0,2,3,-1]
coord Coordinate { point [-0.349999 -1.65 1.15,-0.649999 -1.65 1.15,-0.649999 -1.65 3.49999,-0.349999 -1.65 3.49999]
}}
appearance Appearance{material USE IC-BODY-EPOXY-04 }}
Shape { geometry IndexedFaceSet 
{ creaseAngle 0.50 coordIndex [0,1,2,-1,0,2,3,-1]
coord Coordinate { point [-0.649999 -1.65 1.15,-0.649999 -1.35 1.15,-0.649999 -1.35 3.49999,-0.649999 -1.65 3.49999]
}}
appearance Appearance{material USE IC-BODY-EPOXY-04 }}
Shape { geometry IndexedFaceSet 
{ creaseAngle 0.50 coordIndex [0,1,2,-1,0,2,3,-1]
coord Coordinate { point [-0.349999 -1.35 1.15,-0.349999 -1.65 1.15,-0.349999 -1.65 3.49999,-0.349999 -1.35 3.49999]
}}
appearance Appearance{material USE IC-BODY-EPOXY-04 }}
Shape { geometry IndexedFaceSet 
{ creaseAngle 0.50 coordIndex [0,1,2,-1,0,2,3,-1]
coord Coordinate { point [-0.649999 -1.35 1.15,-0.349999 -1.35 1.15,-0.349999 -1.35 3.49999,-0.649999 -1.35 3.49999]
}}
appearance Appearance{material USE IC-BODY-EPOXY-04 }}
Shape { geometry IndexedFaceSet 
{ creaseAngle 0.50 coordIndex [0,1,2,-1,2,1,3,-1]
coord Coordinate { point [0.649999 1.65 1.15,0.649999 1.35 1.15,0.649999 1.65 3.49999,0.649999 1.35 3.49999]
}}
appearance Appearance{material USE IC-BODY-EPOXY-04 }}
Shape { geometry IndexedFaceSet 
{ creaseAngle 0.50 coordIndex [0,1,2,-1,2,1,3,-1]
coord Coordinate { point [0.349999 1.65 1.15,0.649999 1.65 1.15,0.349999 1.65 3.49999,0.649999 1.65 3.49999]
}}
appearance Appearance{material USE IC-BODY-EPOXY-04 }}
Shape { geometry IndexedFaceSet 
{ creaseAngle 0.50 coordIndex [0,1,2,-1,1,3,2,-1]
coord Coordinate { point [0.649999 1.35 3.49999,0.649999 1.35 1.15,0.349999 1.35 3.49999,0.349999 1.35 1.15]
}}
appearance Appearance{material USE IC-BODY-EPOXY-04 }}
Shape { geometry IndexedFaceSet 
{ creaseAngle 0.50 coordIndex [0,1,2,-1,2,1,3,-1]
coord Coordinate { point [0.349999 1.35 1.15,0.349999 1.65 1.15,0.349999 1.35 3.49999,0.349999 1.65 3.49999]
}}
appearance Appearance{material USE IC-BODY-EPOXY-04 }}
Shape { geometry IndexedFaceSet 
{ creaseAngle 0.50 coordIndex [0,1,2,-1,2,1,3,-1]
coord Coordinate { point [0.649999 0.649999 1.15,0.649999 0.349999 1.15,0.649999 0.649999 3.49999,0.649999 0.349999 3.49999]
}}
appearance Appearance{material USE IC-BODY-EPOXY-04 }}
Shape { geometry IndexedFaceSet 
{ creaseAngle 0.50 coordIndex [0,1,2,-1,2,1,3,-1]
coord Coordinate { point [0.349999 0.649999 1.15,0.649999 0.649999 1.15,0.349999 0.649999 3.49999,0.649999 0.649999 3.49999]
}}
appearance Appearance{material USE IC-BODY-EPOXY-04 }}
Shape { geometry IndexedFaceSet 
{ creaseAngle 0.50 coordIndex [0,1,2,-1,1,3,2,-1]
coord Coordinate { point [0.649999 0.349999 3.49999,0.649999 0.349999 1.15,0.349999 0.349999 3.49999,0.349999 0.349999 1.15]
}}
appearance Appearance{material USE IC-BODY-EPOXY-04 }}
Shape { geometry IndexedFaceSet 
{ creaseAngle 0.50 coordIndex [0,1,2,-1,2,1,3,-1]
coord Coordinate { point [0.349999 0.349999 1.15,0.349999 0.649999 1.15,0.349999 0.349999 3.49999,0.349999 0.649999 3.49999]
}}
appearance Appearance{material USE IC-BODY-EPOXY-04 }}
Shape { geometry IndexedFaceSet 
{ creaseAngle 0.50 coordIndex [0,1,2,-1,2,1,3,-1]
coord Coordinate { point [0.649999 -0.349999 1.15,0.649999 -0.649999 1.15,0.649999 -0.349999 3.49999,0.649999 -0.649999 3.49999]
}}
appearance Appearance{material USE IC-BODY-EPOXY-04 }}
Shape { geometry IndexedFaceSet 
{ creaseAngle 0.50 coordIndex [0,1,2,-1,2,1,3,-1]
coord Coordinate { point [0.349999 -0.349999 1.15,0.649999 -0.349999 1.15,0.349999 -0.349999 3.49999,0.649999 -0.349999 3.49999]
}}
appearance Appearance{material USE IC-BODY-EPOXY-04 }}
Shape { geometry IndexedFaceSet 
{ creaseAngle 0.50 coordIndex [0,1,2,-1,1,3,2,-1]
coord Coordinate { point [0.649999 -0.649999 3.49999,0.649999 -0.649999 1.15,0.349999 -0.649999 3.49999,0.349999 -0.649999 1.15]
}}
appearance Appearance{material USE IC-BODY-EPOXY-04 }}
Shape { geometry IndexedFaceSet 
{ creaseAngle 0.50 coordIndex [0,1,2,-1,2,1,3,-1]
coord Coordinate { point [0.349999 -0.649999 1.15,0.349999 -0.349999 1.15,0.349999 -0.649999 3.49999,0.349999 -0.349999 3.49999]
}}
appearance Appearance{material USE IC-BODY-EPOXY-04 }}
Shape { geometry IndexedFaceSet 
{ creaseAngle 0.50 coordIndex [0,1,2,-1,2,1,3,-1]
coord Coordinate { point [0.649999 -1.35 1.15,0.649999 -1.65 1.15,0.649999 -1.35 3.49999,0.649999 -1.65 3.49999]
}}
appearance Appearance{material USE IC-BODY-EPOXY-04 }}
Shape { geometry IndexedFaceSet 
{ creaseAngle 0.50 coordIndex [0,1,2,-1,2,1,3,-1]
coord Coordinate { point [0.349999 -1.35 1.15,0.649999 -1.35 1.15,0.349999 -1.35 3.49999,0.649999 -1.35 3.49999]
}}
appearance Appearance{material USE IC-BODY-EPOXY-04 }}
Shape { geometry IndexedFaceSet 
{ creaseAngle 0.50 coordIndex [0,1,2,-1,1,3,2,-1]
coord Coordinate { point [0.649999 -1.65 3.49999,0.649999 -1.65 1.15,0.349999 -1.65 3.49999,0.349999 -1.65 1.15]
}}
appearance Appearance{material USE IC-BODY-EPOXY-04 }}
Shape { geometry IndexedFaceSet 
{ creaseAngle 0.50 coordIndex [0,1,2,-1,2,1,3,-1]
coord Coordinate { point [0.349999 -1.65 1.15,0.349999 -1.35 1.15,0.349999 -1.65 3.49999,0.349999 -1.35 3.49999]
}}
appearance Appearance{material USE IC-BODY-EPOXY-04 }}
Shape { geometry IndexedFaceSet 
{ creaseAngle 0.50 coordIndex [0,1,2,-1,2,1,3,-1]
coord Coordinate { point [0.999998 2.29527 3.90802,-0.699999 2.29527 3.90802,0.999998 2.29527 4.74802,-0.699999 2.29527 4.74802]
}}
appearance Appearance{material USE IC-BODY-EPOXY-04 }}
Shape { geometry IndexedFaceSet 
{ creaseAngle 0.50 coordIndex [0,1,2,-1,2,1,3,-1,0,4,1,-1,0,5,4,-1,1,6,7,-1,4,6,1,-1,7,8,9,-1,9,8,10,-1,6,8,7,-1,5,11,12,-1,12,13,6,-1,6,13,8,-1,11,13,12,-1,14,15,5,-1,5,15,11,-1,14,16,15,-1,14,17,16,-1,10,18,19,-1,8,18,10,-1,19,20,21,-1,18,20,19,-1,21,20,22,-1,18,23,20,-1,24,25,23,-1,24,26,25,-1,23,27,20,-1,25,27,23,-1,26,28,25,-1,16,29,15,-1,15,29,26,-1,26,29,28,-1,16,30,29,-1,31,30,16,-1,22,32,33,-1,20,32,22,-1,33,34,35,-1,35,34,36,-1,32,34,33,-1,32,37,34,-1,38,39,37,-1,37,40,34,-1,39,40,37,-1,41,42,38,-1,38,42,39,-1,29,43,28,-1,28,43,41,-1,41,43,42,-1,44,45,29,-1,29,45,43,-1,36,46,47,-1,34,46,36,-1,47,48,49,-1,49,48,50,-1,46,48,47,-1,51,52,53,-1,53,54,46,-1,46,54,48,-1,52,54,53,-1,55,56,51,-1,51,56,52,-1,48,57,50,-1,43,58,42,-1,42,58,55,-1,55,58,56,-1,59,60,43,-1,43,60,58,-1,54,61,62,-1,61,63,62,-1,56,64,63,-1,63,64,62,-1,58,64,56,-1,65,66,58,-1,58,66,64,-1,52,61,54,-1,0,14,5,-1,23,13,11,-1,23,11,24,-1,37,27,38,-1,38,27,25,-1,53,40,51,-1,51,40,39,-1]
coord Coordinate { point [-0.699999 2.29527 3.90802,-0.899998 1.70472 3.90802,-0.999998 1.99527 3.90802,-0.999998 1.75472 3.90802,-0.359999 2.23 3.90802,-0.16 2.23 3.90802,-0.359999 1.37 3.90802,-0.999998 1.65472 3.90802,-0.359999 1.23 3.90802,-0.999998 0.754723 3.90802,-0.899998 0.704723 3.90802,0.16 1.63 3.90802,-0.16 1.37 3.90802,-0.16 1.23 3.90802,0.999998 2.29527 3.90802,0.359999 1.63 3.90802,0.899998 1.70472 3.90802,0.999998 1.75472 3.90802,-0.359999 0.369999 3.90802,-0.999998 0.654723 3.90802,-0.359999 0.23 3.90802,-0.999998 -0.245275 3.90802,-0.899998 -0.295275 3.90802,-0.16 0.369999 3.90802,0.16 0.769998 3.90802,0.16 0.629999 3.90802,0.359999 0.769998 3.90802,-0.16 0.23 3.90802,0.359999 0.629999 3.90802,0.899998 0.704723 3.90802,0.999998 0.754723 3.90802,0.999998 1.65472 3.90802,-0.359999 -0.629999 3.90802,-0.999998 -0.345275 3.90802,-0.359999 -0.769998 3.90802,-0.999998 -1.24527 3.90802,-0.899998 -1.29527 3.90802,-0.16 -0.629999 3.90802,0.16 -0.23 3.90802,0.16 -0.369999 3.90802,-0.16 -0.769998 3.90802,0.359999 -0.23 3.90802,0.359999 -0.369999 3.90802,0.899998 -0.295275 3.90802,0.999998 0.654723 3.90802,0.999998 -0.245275 3.90802,-0.359999 -1.63 3.90802,-0.999998 -1.34527 3.90802,-0.359999 -1.77 3.90802,-0.999998 -2.24527 3.90802,-0.899998 -2.29527 3.90802,0.16 -1.23 3.90802,0.16 -1.37 3.90802,-0.16 -1.63 3.90802,-0.16 -1.77 3.90802,0.359999 -1.23 3.90802,0.359999 -1.37 3.90802,-0.359999 -2.29527 3.90802,0.899998 -1.29527 3.90802,0.999998 -0.345275 3.90802,0.999998 -1.24527 3.90802,0.16 -2.23 3.90802,-0.16 -2.29527 3.90802,0.359999 -2.23 3.90802,0.899998 -2.29527 3.90802,0.999998 -1.34527 3.90802,0.999998 -2.24527 3.90802]
}}
appearance Appearance{material USE IC-BODY-EPOXY-04 }}
Shape { geometry IndexedFaceSet 
{ creaseAngle 0.50 coordIndex [0,1,2,-1,2,1,3,-1]
coord Coordinate { point [-0.999998 1.99527 3.90802,-0.999998 1.99527 4.74802,-0.699999 2.29527 3.90802,-0.699999 2.29527 4.74802]
}}
appearance Appearance{material USE IC-BODY-EPOXY-04 }}
Shape { geometry IndexedFaceSet 
{ creaseAngle 0.50 coordIndex [0,1,2,-1,1,3,2,-1]
coord Coordinate { point [0.999998 1.75472 4.74802,0.999998 1.75472 3.90802,0.999998 2.29527 4.74802,0.999998 2.29527 3.90802]
}}
appearance Appearance{material USE IC-BODY-EPOXY-04 }}
Shape { geometry IndexedFaceSet 
{ creaseAngle 0.50 coordIndex [0,1,2,-1,0,2,3,-1,4,1,0,-1,5,1,4,-1,6,0,7,-1,6,4,0,-1,8,7,9,-1,8,9,10,-1,8,6,7,-1,11,6,8,-1,12,5,11,-1,13,11,8,-1,13,12,11,-1,14,15,5,-1,14,5,12,-1,16,15,14,-1,17,15,16,-1,18,10,19,-1,18,8,10,-1,20,19,21,-1,20,18,19,-1,20,21,22,-1,23,24,25,-1,26,18,20,-1,26,23,25,-1,26,25,18,-1,27,24,23,-1,27,28,24,-1,29,16,14,-1,29,28,27,-1,29,14,28,-1,30,31,16,-1,30,16,29,-1,32,22,33,-1,32,20,22,-1,34,33,35,-1,34,35,36,-1,34,32,33,-1,37,38,39,-1,40,39,32,-1,40,32,34,-1,40,37,39,-1,41,38,37,-1,41,42,38,-1,43,29,27,-1,43,27,42,-1,43,42,41,-1,44,45,29,-1,44,29,43,-1,46,36,47,-1,46,34,36,-1,48,47,49,-1,48,49,50,-1,48,46,47,-1,51,46,48,-1,52,53,51,-1,54,51,48,-1,54,52,51,-1,55,56,53,-1,55,53,52,-1,57,48,50,-1,58,43,41,-1,58,41,56,-1,58,56,55,-1,59,60,43,-1,59,43,58,-1,61,54,62,-1,63,61,62,-1,64,55,63,-1,64,63,62,-1,64,58,55,-1,65,66,58,-1,65,58,64,-1,61,52,54,-1,15,1,5,-1,13,25,12,-1,12,25,24,-1,26,39,38,-1,26,38,23,-1,40,51,53,-1,40,53,37,-1]
coord Coordinate { point [-0.899998 1.70472 4.74802,-0.699999 2.29527 4.74802,-0.999998 1.99527 4.74802,-0.999998 1.75472 4.74802,-0.359999 2.23 4.74802,-0.16 2.23 4.74802,-0.359999 1.37 4.74802,-0.999998 1.65472 4.74802,-0.359999 1.23 4.74802,-0.999998 0.754723 4.74802,-0.899998 0.704723 4.74802,-0.16 1.37 4.74802,0.16 1.63 4.74802,-0.16 1.23 4.74802,0.359999 1.63 4.74802,0.999998 2.29527 4.74802,0.899998 1.70472 4.74802,0.999998 1.75472 4.74802,-0.359999 0.369999 4.74802,-0.999998 0.654723 4.74802,-0.359999 0.23 4.74802,-0.999998 -0.245275 4.74802,-0.899998 -0.295275 4.74802,0.16 0.629999 4.74802,0.16 0.769998 4.74802,-0.16 0.369999 4.74802,-0.16 0.23 4.74802,0.359999 0.629999 4.74802,0.359999 0.769998 4.74802,0.899998 0.704723 4.74802,0.999998 0.754723 4.74802,0.999998 1.65472 4.74802,-0.359999 -0.629999 4.74802,-0.999998 -0.345275 4.74802,-0.359999 -0.769998 4.74802,-0.999998 -1.24527 4.74802,-0.899998 -1.29527 4.74802,0.16 -0.369999 4.74802,0.16 -0.23 4.74802,-0.16 -0.629999 4.74802,-0.16 -0.769998 4.74802,0.359999 -0.369999 4.74802,0.359999 -0.23 4.74802,0.899998 -0.295275 4.74802,0.999998 -0.245275 4.74802,0.999998 0.654723 4.74802,-0.359999 -1.63 4.74802,-0.999998 -1.34527 4.74802,-0.359999 -1.77 4.74802,-0.999998 -2.24527 4.74802,-0.899998 -2.29527 4.74802,-0.16 -1.63 4.74802,0.16 -1.37 4.74802,0.16 -1.23 4.74802,-0.16 -1.77 4.74802,0.359999 -1.37 4.74802,0.359999 -1.23 4.74802,-0.359999 -2.29527 4.74802,0.899998 -1.29527 4.74802,0.999998 -1.24527 4.74802,0.999998 -0.345275 4.74802,0.16 -2.23 4.74802,-0.16 -2.29527 4.74802,0.359999 -2.23 4.74802,0.899998 -2.29527 4.74802,0.999998 -2.24527 4.74802,0.999998 -1.34527 4.74802]
}}
appearance Appearance{material USE IC-BODY-EPOXY-04 }}
Shape { geometry IndexedFaceSet 
{ creaseAngle 0.50 coordIndex [0,1,2,-1,1,3,2,-1]
coord Coordinate { point [0.999998 1.75472 3.90802,0.999998 1.75472 4.74802,0.899998 1.70472 3.90802,0.899998 1.70472 4.74802]
}}
appearance Appearance{material USE IC-BODY-EPOXY-04 }}
Shape { geometry IndexedFaceSet 
{ creaseAngle 0.50 coordIndex [0,1,2,-1,2,1,3,-1]
coord Coordinate { point [0.899998 1.70472 4.74802,0.999998 1.65472 4.74802,0.899998 1.70472 3.90802,0.999998 1.65472 3.90802]
}}
appearance Appearance{material USE IC-BODY-EPOXY-04 }}
Shape { geometry IndexedFaceSet 
{ creaseAngle 0.50 coordIndex [0,1,2,-1,2,1,3,-1]
coord Coordinate { point [0.999998 0.754723 3.90802,0.999998 1.65472 3.90802,0.999998 0.754723 4.74802,0.999998 1.65472 4.74802]
}}
appearance Appearance{material USE IC-BODY-EPOXY-04 }}
Shape { geometry IndexedFaceSet 
{ creaseAngle 0.50 coordIndex [0,1,2,-1,1,3,2,-1]
coord Coordinate { point [0.999998 0.754723 3.90802,0.999998 0.754723 4.74802,0.899998 0.704723 3.90802,0.899998 0.704723 4.74802]
}}
appearance Appearance{material USE IC-BODY-EPOXY-04 }}
Shape { geometry IndexedFaceSet 
{ creaseAngle 0.50 coordIndex [0,1,2,-1,2,1,3,-1]
coord Coordinate { point [0.899998 0.704723 4.74802,0.999998 0.654723 4.74802,0.899998 0.704723 3.90802,0.999998 0.654723 3.90802]
}}
appearance Appearance{material USE IC-BODY-EPOXY-04 }}
Shape { geometry IndexedFaceSet 
{ creaseAngle 0.50 coordIndex [0,1,2,-1,2,1,3,-1]
coord Coordinate { point [0.999998 -0.245275 3.90802,0.999998 0.654723 3.90802,0.999998 -0.245275 4.74802,0.999998 0.654723 4.74802]
}}
appearance Appearance{material USE IC-BODY-EPOXY-04 }}
Shape { geometry IndexedFaceSet 
{ creaseAngle 0.50 coordIndex [0,1,2,-1,1,3,2,-1]
coord Coordinate { point [0.999998 -0.245275 3.90802,0.999998 -0.245275 4.74802,0.899998 -0.295275 3.90802,0.899998 -0.295275 4.74802]
}}
appearance Appearance{material USE IC-BODY-EPOXY-04 }}
Shape { geometry IndexedFaceSet 
{ creaseAngle 0.50 coordIndex [0,1,2,-1,2,1,3,-1]
coord Coordinate { point [0.899998 -0.295275 4.74802,0.999998 -0.345275 4.74802,0.899998 -0.295275 3.90802,0.999998 -0.345275 3.90802]
}}
appearance Appearance{material USE IC-BODY-EPOXY-04 }}
Shape { geometry IndexedFaceSet 
{ creaseAngle 0.50 coordIndex [0,1,2,-1,2,1,3,-1]
coord Coordinate { point [0.999998 -1.24527 3.90802,0.999998 -0.345275 3.90802,0.999998 -1.24527 4.74802,0.999998 -0.345275 4.74802]
}}
appearance Appearance{material USE IC-BODY-EPOXY-04 }}
Shape { geometry IndexedFaceSet 
{ creaseAngle 0.50 coordIndex [0,1,2,-1,1,3,2,-1]
coord Coordinate { point [0.999998 -1.24527 3.90802,0.999998 -1.24527 4.74802,0.899998 -1.29527 3.90802,0.899998 -1.29527 4.74802]
}}
appearance Appearance{material USE IC-BODY-EPOXY-04 }}
Shape { geometry IndexedFaceSet 
{ creaseAngle 0.50 coordIndex [0,1,2,-1,2,1,3,-1]
coord Coordinate { point [0.899998 -1.29527 4.74802,0.999998 -1.34527 4.74802,0.899998 -1.29527 3.90802,0.999998 -1.34527 3.90802]
}}
appearance Appearance{material USE IC-BODY-EPOXY-04 }}
Shape { geometry IndexedFaceSet 
{ creaseAngle 0.50 coordIndex [0,1,2,-1,2,1,3,-1]
coord Coordinate { point [0.999998 -2.24527 3.90802,0.999998 -1.34527 3.90802,0.999998 -2.24527 4.74802,0.999998 -1.34527 4.74802]
}}
appearance Appearance{material USE IC-BODY-EPOXY-04 }}
Shape { geometry IndexedFaceSet 
{ creaseAngle 0.50 coordIndex [0,1,2,-1,2,1,3,-1]
coord Coordinate { point [0.999998 -2.24527 4.74802,0.899998 -2.29527 4.74802,0.999998 -2.24527 3.90802,0.899998 -2.29527 3.90802]
}}
appearance Appearance{material USE IC-BODY-EPOXY-04 }}
Shape { geometry IndexedFaceSet 
{ creaseAngle 0.50 coordIndex [0,1,2,-1,2,1,3,-1]
coord Coordinate { point [-0.16 -2.29527 3.90802,0.899998 -2.29527 3.90802,-0.16 -2.29527 4.74802,0.899998 -2.29527 4.74802]
}}
appearance Appearance{material USE IC-BODY-EPOXY-04 }}
Shape { geometry IndexedFaceSet 
{ creaseAngle 0.50 coordIndex [0,1,2,-1,1,3,2,-1]
coord Coordinate { point [-0.16 -2.29527 3.90802,-0.16 -2.29527 4.74802,-0.16 -1.77 3.90802,-0.16 -1.77 4.74802]
}}
appearance Appearance{material USE IC-BODY-EPOXY-04 }}
Shape { geometry IndexedFaceSet 
{ creaseAngle 0.50 coordIndex [0,1,2,-1,2,1,3,-1]
coord Coordinate { point [-0.16 -1.77 4.74802,-0.359999 -1.77 4.74802,-0.16 -1.77 3.90802,-0.359999 -1.77 3.90802]
}}
appearance Appearance{material USE IC-BODY-EPOXY-04 }}
Shape { geometry IndexedFaceSet 
{ creaseAngle 0.50 coordIndex [0,1,2,-1,2,1,3,-1]
coord Coordinate { point [-0.359999 -1.77 4.74802,-0.359999 -2.29527 4.74802,-0.359999 -1.77 3.90802,-0.359999 -2.29527 3.90802]
}}
appearance Appearance{material USE IC-BODY-EPOXY-04 }}
Shape { geometry IndexedFaceSet 
{ creaseAngle 0.50 coordIndex [0,1,2,-1,1,3,2,-1]
coord Coordinate { point [-0.899998 -2.29527 4.74802,-0.899998 -2.29527 3.90802,-0.359999 -2.29527 4.74802,-0.359999 -2.29527 3.90802]
}}
appearance Appearance{material USE IC-BODY-EPOXY-04 }}
Shape { geometry IndexedFaceSet 
{ creaseAngle 0.50 coordIndex [0,1,2,-1,0,2,3,-1]
coord Coordinate { point [-0.899998 -2.29527 4.74802,-0.999998 -2.24527 4.74802,-0.999998 -2.24527 3.90802,-0.899998 -2.29527 3.90802]
}}
appearance Appearance{material USE IC-BODY-EPOXY-04 }}
Shape { geometry IndexedFaceSet 
{ creaseAngle 0.50 coordIndex [0,1,2,-1,2,1,3,-1]
coord Coordinate { point [-0.999998 -1.34527 3.90802,-0.999998 -2.24527 3.90802,-0.999998 -1.34527 4.74802,-0.999998 -2.24527 4.74802]
}}
appearance Appearance{material USE IC-BODY-EPOXY-04 }}
Shape { geometry IndexedFaceSet 
{ creaseAngle 0.50 coordIndex [0,1,2,-1,0,2,3,-1]
coord Coordinate { point [-0.999998 -1.34527 4.74802,-0.899998 -1.29527 4.74802,-0.899998 -1.29527 3.90802,-0.999998 -1.34527 3.90802]
}}
appearance Appearance{material USE IC-BODY-EPOXY-04 }}
Shape { geometry IndexedFaceSet 
{ creaseAngle 0.50 coordIndex [0,1,2,-1,3,0,2,-1]
coord Coordinate { point [-0.999998 -1.24527 4.74802,-0.999998 -1.24527 3.90802,-0.899998 -1.29527 3.90802,-0.899998 -1.29527 4.74802]
}}
appearance Appearance{material USE IC-BODY-EPOXY-04 }}
Shape { geometry IndexedFaceSet 
{ creaseAngle 0.50 coordIndex [0,1,2,-1,0,3,1,-1]
coord Coordinate { point [-0.999998 -0.345275 3.90802,-0.999998 -1.24527 4.74802,-0.999998 -0.345275 4.74802,-0.999998 -1.24527 3.90802]
}}
appearance Appearance{material USE IC-BODY-EPOXY-04 }}
Shape { geometry IndexedFaceSet 
{ creaseAngle 0.50 coordIndex [0,1,2,-1,0,2,3,-1]
coord Coordinate { point [-0.999998 -0.345275 4.74802,-0.899998 -0.295275 4.74802,-0.899998 -0.295275 3.90802,-0.999998 -0.345275 3.90802]
}}
appearance Appearance{material USE IC-BODY-EPOXY-04 }}
Shape { geometry IndexedFaceSet 
{ creaseAngle 0.50 coordIndex [0,1,2,-1,3,0,2,-1]
coord Coordinate { point [-0.999998 -0.245275 4.74802,-0.999998 -0.245275 3.90802,-0.899998 -0.295275 3.90802,-0.899998 -0.295275 4.74802]
}}
appearance Appearance{material USE IC-BODY-EPOXY-04 }}
Shape { geometry IndexedFaceSet 
{ creaseAngle 0.50 coordIndex [0,1,2,-1,2,1,3,-1]
coord Coordinate { point [-0.999998 0.654723 3.90802,-0.999998 -0.245275 3.90802,-0.999998 0.654723 4.74802,-0.999998 -0.245275 4.74802]
}}
appearance Appearance{material USE IC-BODY-EPOXY-04 }}
Shape { geometry IndexedFaceSet 
{ creaseAngle 0.50 coordIndex [0,1,2,-1,0,2,3,-1]
coord Coordinate { point [-0.999998 0.654723 4.74802,-0.899998 0.704723 4.74802,-0.899998 0.704723 3.90802,-0.999998 0.654723 3.90802]
}}
appearance Appearance{material USE IC-BODY-EPOXY-04 }}
Shape { geometry IndexedFaceSet 
{ creaseAngle 0.50 coordIndex [0,1,2,-1,3,0,2,-1]
coord Coordinate { point [-0.999998 0.754723 4.74802,-0.999998 0.754723 3.90802,-0.899998 0.704723 3.90802,-0.899998 0.704723 4.74802]
}}
appearance Appearance{material USE IC-BODY-EPOXY-04 }}
Shape { geometry IndexedFaceSet 
{ creaseAngle 0.50 coordIndex [0,1,2,-1,2,1,3,-1]
coord Coordinate { point [-0.999998 1.65472 3.90802,-0.999998 0.754723 3.90802,-0.999998 1.65472 4.74802,-0.999998 0.754723 4.74802]
}}
appearance Appearance{material USE IC-BODY-EPOXY-04 }}
Shape { geometry IndexedFaceSet 
{ creaseAngle 0.50 coordIndex [0,1,2,-1,0,2,3,-1]
coord Coordinate { point [-0.999998 1.65472 4.74802,-0.899998 1.70472 4.74802,-0.899998 1.70472 3.90802,-0.999998 1.65472 3.90802]
}}
appearance Appearance{material USE IC-BODY-EPOXY-04 }}
Shape { geometry IndexedFaceSet 
{ creaseAngle 0.50 coordIndex [0,1,2,-1,3,0,2,-1]
coord Coordinate { point [-0.999998 1.75472 4.74802,-0.999998 1.75472 3.90802,-0.899998 1.70472 3.90802,-0.899998 1.70472 4.74802]
}}
appearance Appearance{material USE IC-BODY-EPOXY-04 }}
Shape { geometry IndexedFaceSet 
{ creaseAngle 0.50 coordIndex [0,1,2,-1,1,3,2,-1]
coord Coordinate { point [-0.999998 1.99527 4.74802,-0.999998 1.99527 3.90802,-0.999998 1.75472 4.74802,-0.999998 1.75472 3.90802]
}}
appearance Appearance{material USE IC-BODY-EPOXY-04 }}
Shape { geometry IndexedFaceSet 
{ creaseAngle 0.50 coordIndex [0,1,2,-1,2,1,3,-1]
coord Coordinate { point [-0.16 2.23 4.74802,-0.359999 2.23 4.74802,-0.16 2.23 3.90802,-0.359999 2.23 3.90802]
}}
appearance Appearance{material USE IC-BODY-EPOXY-04 }}
Shape { geometry IndexedFaceSet 
{ creaseAngle 0.50 coordIndex [0,1,2,-1,2,1,3,-1]
coord Coordinate { point [-0.16 1.37 4.74802,-0.16 2.23 4.74802,-0.16 1.37 3.90802,-0.16 2.23 3.90802]
}}
appearance Appearance{material USE IC-BODY-EPOXY-04 }}
Shape { geometry IndexedFaceSet 
{ creaseAngle 0.50 coordIndex [0,1,2,-1,2,1,3,-1]
coord Coordinate { point [-0.359999 2.23 4.74802,-0.359999 1.37 4.74802,-0.359999 2.23 3.90802,-0.359999 1.37 3.90802]
}}
appearance Appearance{material USE IC-BODY-EPOXY-04 }}
Shape { geometry IndexedFaceSet 
{ creaseAngle 0.50 coordIndex [0,1,2,-1,2,1,3,-1]
coord Coordinate { point [-0.359999 1.37 4.74802,-0.16 1.37 4.74802,-0.359999 1.37 3.90802,-0.16 1.37 3.90802]
}}
appearance Appearance{material USE IC-BODY-EPOXY-04 }}
Shape { geometry IndexedFaceSet 
{ creaseAngle 0.50 coordIndex [0,1,2,-1,2,1,3,-1]
coord Coordinate { point [-0.16 1.23 4.74802,-0.359999 1.23 4.74802,-0.16 1.23 3.90802,-0.359999 1.23 3.90802]
}}
appearance Appearance{material USE IC-BODY-EPOXY-04 }}
Shape { geometry IndexedFaceSet 
{ creaseAngle 0.50 coordIndex [0,1,2,-1,2,1,3,-1]
coord Coordinate { point [-0.16 0.369999 4.74802,-0.16 1.23 4.74802,-0.16 0.369999 3.90802,-0.16 1.23 3.90802]
}}
appearance Appearance{material USE IC-BODY-EPOXY-04 }}
Shape { geometry IndexedFaceSet 
{ creaseAngle 0.50 coordIndex [0,1,2,-1,2,1,3,-1]
coord Coordinate { point [-0.359999 1.23 4.74802,-0.359999 0.369999 4.74802,-0.359999 1.23 3.90802,-0.359999 0.369999 3.90802]
}}
appearance Appearance{material USE IC-BODY-EPOXY-04 }}
Shape { geometry IndexedFaceSet 
{ creaseAngle 0.50 coordIndex [0,1,2,-1,2,1,3,-1]
coord Coordinate { point [-0.359999 0.369999 4.74802,-0.16 0.369999 4.74802,-0.359999 0.369999 3.90802,-0.16 0.369999 3.90802]
}}
appearance Appearance{material USE IC-BODY-EPOXY-04 }}
Shape { geometry IndexedFaceSet 
{ creaseAngle 0.50 coordIndex [0,1,2,-1,2,1,3,-1]
coord Coordinate { point [-0.16 0.23 4.74802,-0.359999 0.23 4.74802,-0.16 0.23 3.90802,-0.359999 0.23 3.90802]
}}
appearance Appearance{material USE IC-BODY-EPOXY-04 }}
Shape { geometry IndexedFaceSet 
{ creaseAngle 0.50 coordIndex [0,1,2,-1,2,1,3,-1]
coord Coordinate { point [-0.16 -0.629999 4.74802,-0.16 0.23 4.74802,-0.16 -0.629999 3.90802,-0.16 0.23 3.90802]
}}
appearance Appearance{material USE IC-BODY-EPOXY-04 }}
Shape { geometry IndexedFaceSet 
{ creaseAngle 0.50 coordIndex [0,1,2,-1,2,1,3,-1]
coord Coordinate { point [-0.359999 0.23 4.74802,-0.359999 -0.629999 4.74802,-0.359999 0.23 3.90802,-0.359999 -0.629999 3.90802]
}}
appearance Appearance{material USE IC-BODY-EPOXY-04 }}
Shape { geometry IndexedFaceSet 
{ creaseAngle 0.50 coordIndex [0,1,2,-1,2,1,3,-1]
coord Coordinate { point [-0.359999 -0.629999 4.74802,-0.16 -0.629999 4.74802,-0.359999 -0.629999 3.90802,-0.16 -0.629999 3.90802]
}}
appearance Appearance{material USE IC-BODY-EPOXY-04 }}
Shape { geometry IndexedFaceSet 
{ creaseAngle 0.50 coordIndex [0,1,2,-1,2,1,3,-1]
coord Coordinate { point [-0.16 -0.769998 4.74802,-0.359999 -0.769998 4.74802,-0.16 -0.769998 3.90802,-0.359999 -0.769998 3.90802]
}}
appearance Appearance{material USE IC-BODY-EPOXY-04 }}
Shape { geometry IndexedFaceSet 
{ creaseAngle 0.50 coordIndex [0,1,2,-1,2,1,3,-1]
coord Coordinate { point [-0.16 -1.63 4.74802,-0.16 -0.769998 4.74802,-0.16 -1.63 3.90802,-0.16 -0.769998 3.90802]
}}
appearance Appearance{material USE IC-BODY-EPOXY-04 }}
Shape { geometry IndexedFaceSet 
{ creaseAngle 0.50 coordIndex [0,1,2,-1,2,1,3,-1]
coord Coordinate { point [-0.359999 -0.769998 4.74802,-0.359999 -1.63 4.74802,-0.359999 -0.769998 3.90802,-0.359999 -1.63 3.90802]
}}
appearance Appearance{material USE IC-BODY-EPOXY-04 }}
Shape { geometry IndexedFaceSet 
{ creaseAngle 0.50 coordIndex [0,1,2,-1,2,1,3,-1]
coord Coordinate { point [-0.359999 -1.63 4.74802,-0.16 -1.63 4.74802,-0.359999 -1.63 3.90802,-0.16 -1.63 3.90802]
}}
appearance Appearance{material USE IC-BODY-EPOXY-04 }}
Shape { geometry IndexedFaceSet 
{ creaseAngle 0.50 coordIndex [0,1,2,-1,2,1,3,-1]
coord Coordinate { point [0.16 0.769998 4.74802,0.359999 0.769998 4.74802,0.16 0.769998 3.90802,0.359999 0.769998 3.90802]
}}
appearance Appearance{material USE IC-BODY-EPOXY-04 }}
Shape { geometry IndexedFaceSet 
{ creaseAngle 0.50 coordIndex [0,1,2,-1,2,1,3,-1]
coord Coordinate { point [0.16 1.63 4.74802,0.16 0.769998 4.74802,0.16 1.63 3.90802,0.16 0.769998 3.90802]
}}
appearance Appearance{material USE IC-BODY-EPOXY-04 }}
Shape { geometry IndexedFaceSet 
{ creaseAngle 0.50 coordIndex [0,1,2,-1,2,1,3,-1]
coord Coordinate { point [0.359999 0.769998 4.74802,0.359999 1.63 4.74802,0.359999 0.769998 3.90802,0.359999 1.63 3.90802]
}}
appearance Appearance{material USE IC-BODY-EPOXY-04 }}
Shape { geometry IndexedFaceSet 
{ creaseAngle 0.50 coordIndex [0,1,2,-1,2,1,3,-1]
coord Coordinate { point [0.359999 1.63 4.74802,0.16 1.63 4.74802,0.359999 1.63 3.90802,0.16 1.63 3.90802]
}}
appearance Appearance{material USE IC-BODY-EPOXY-04 }}
Shape { geometry IndexedFaceSet 
{ creaseAngle 0.50 coordIndex [0,1,2,-1,2,1,3,-1]
coord Coordinate { point [0.16 -0.23 4.74802,0.359999 -0.23 4.74802,0.16 -0.23 3.90802,0.359999 -0.23 3.90802]
}}
appearance Appearance{material USE IC-BODY-EPOXY-04 }}
Shape { geometry IndexedFaceSet 
{ creaseAngle 0.50 coordIndex [0,1,2,-1,2,1,3,-1]
coord Coordinate { point [0.16 0.629999 4.74802,0.16 -0.23 4.74802,0.16 0.629999 3.90802,0.16 -0.23 3.90802]
}}
appearance Appearance{material USE IC-BODY-EPOXY-04 }}
Shape { geometry IndexedFaceSet 
{ creaseAngle 0.50 coordIndex [0,1,2,-1,0,3,1,-1]
coord Coordinate { point [0.359999 -0.23 4.74802,0.359999 0.629999 3.90802,0.359999 -0.23 3.90802,0.359999 0.629999 4.74802]
}}
appearance Appearance{material USE IC-BODY-EPOXY-04 }}
Shape { geometry IndexedFaceSet 
{ creaseAngle 0.50 coordIndex [0,1,2,-1,2,1,3,-1]
coord Coordinate { point [0.359999 0.629999 4.74802,0.16 0.629999 4.74802,0.359999 0.629999 3.90802,0.16 0.629999 3.90802]
}}
appearance Appearance{material USE IC-BODY-EPOXY-04 }}
Shape { geometry IndexedFaceSet 
{ creaseAngle 0.50 coordIndex [0,1,2,-1,2,1,3,-1]
coord Coordinate { point [0.16 -1.23 4.74802,0.359999 -1.23 4.74802,0.16 -1.23 3.90802,0.359999 -1.23 3.90802]
}}
appearance Appearance{material USE IC-BODY-EPOXY-04 }}
Shape { geometry IndexedFaceSet 
{ creaseAngle 0.50 coordIndex [0,1,2,-1,2,1,3,-1]
coord Coordinate { point [0.16 -0.369999 4.74802,0.16 -1.23 4.74802,0.16 -0.369999 3.90802,0.16 -1.23 3.90802]
}}
appearance Appearance{material USE IC-BODY-EPOXY-04 }}
Shape { geometry IndexedFaceSet 
{ creaseAngle 0.50 coordIndex [0,1,2,-1,2,1,3,-1]
coord Coordinate { point [0.359999 -1.23 4.74802,0.359999 -0.369999 4.74802,0.359999 -1.23 3.90802,0.359999 -0.369999 3.90802]
}}
appearance Appearance{material USE IC-BODY-EPOXY-04 }}
Shape { geometry IndexedFaceSet 
{ creaseAngle 0.50 coordIndex [0,1,2,-1,2,1,3,-1]
coord Coordinate { point [0.359999 -0.369999 4.74802,0.16 -0.369999 4.74802,0.359999 -0.369999 3.90802,0.16 -0.369999 3.90802]
}}
appearance Appearance{material USE IC-BODY-EPOXY-04 }}
Shape { geometry IndexedFaceSet 
{ creaseAngle 0.50 coordIndex [0,1,2,-1,2,1,3,-1]
coord Coordinate { point [0.16 -2.23 4.74802,0.359999 -2.23 4.74802,0.16 -2.23 3.90802,0.359999 -2.23 3.90802]
}}
appearance Appearance{material USE IC-BODY-EPOXY-04 }}
Shape { geometry IndexedFaceSet 
{ creaseAngle 0.50 coordIndex [0,1,2,-1,2,1,3,-1]
coord Coordinate { point [0.16 -1.37 4.74802,0.16 -2.23 4.74802,0.16 -1.37 3.90802,0.16 -2.23 3.90802]
}}
appearance Appearance{material USE IC-BODY-EPOXY-04 }}
Shape { geometry IndexedFaceSet 
{ creaseAngle 0.50 coordIndex [0,1,2,-1,0,3,1,-1]
coord Coordinate { point [0.359999 -2.23 4.74802,0.359999 -1.37 3.90802,0.359999 -2.23 3.90802,0.359999 -1.37 4.74802]
}}
appearance Appearance{material USE IC-BODY-EPOXY-04 }}
Shape { geometry IndexedFaceSet 
{ creaseAngle 0.50 coordIndex [0,1,2,-1,2,1,3,-1]
coord Coordinate { point [0.359999 -1.37 4.74802,0.16 -1.37 4.74802,0.359999 -1.37 3.90802,0.16 -1.37 3.90802]
}}
appearance Appearance{material USE IC-BODY-EPOXY-04 }}
Shape { geometry IndexedFaceSet 
{ creaseAngle 0.50 coordIndex [0,1,2,-1,2,1,3,-1,3,4,5,-1,1,4,3,-1,5,6,7,-1,4,6,5,-1,7,8,9,-1,6,8,7,-1,9,10,11,-1,8,10,9,-1,11,12,13,-1,10,12,11,-1,13,14,15,-1,12,14,13,-1,15,16,17,-1,17,16,18,-1,14,16,15,-1,18,19,20,-1,16,19,18,-1,20,21,22,-1,19,21,20,-1,22,23,24,-1,21,23,22,-1,23,25,24,-1]
coord Coordinate { point [-0.999998 1.4177 3.65401,-0.999998 1.41992 3.66216,-0.999998 1.58229 3.65401,-0.999998 1.58007 3.66216,-0.999998 1.42174 3.67041,-0.999998 1.57825 3.67041,-0.999998 1.42316 3.67874,-0.999998 1.57683 3.67874,-0.999998 1.42418 3.68713,-0.999998 1.57581 3.68713,-0.999998 1.42479 3.69556,-0.999998 1.5752 3.69556,-0.999998 1.425 3.70401,-0.999998 1.575 3.70401,-0.999998 1.42479 3.71246,-0.999998 1.5752 3.71246,-0.999998 1.42418 3.72088,-0.999998 1.57581 3.72088,-0.999998 1.57683 3.72927,-0.999998 1.42316 3.72927,-0.999998 1.57825 3.7376,-0.999998 1.42174 3.7376,-0.999998 1.58007 3.74585,-0.999998 1.41992 3.74585,-0.999998 1.58229 3.75401,-0.999998 1.4177 3.75401]
}}
appearance Appearance{material USE CAP-CERAMIC-05 }}
Shape { geometry IndexedFaceSet 
{ creaseAngle 0.50 coordIndex [0,1,2,-1,1,3,2,-1]
coord Coordinate { point [-0.999998 1.58229 3.65401,10.611 1.58229 3.65401,-0.999998 1.4177 3.65401,10.611 1.4177 3.65401]
}}
appearance Appearance{material USE CAP-CERAMIC-05 }}
Shape { geometry IndexedFaceSet 
{ creaseAngle 0.50 coordIndex [0,1,2,-1,1,3,2,-1,1,4,3,-1,4,5,3,-1,6,7,8,-1,9,10,5,-1,6,11,7,-1,11,12,7,-1,13,14,10,-1,11,15,12,-1,16,17,14,-1,15,18,19,-1,20,21,17,-1,18,22,23,-1,22,24,25,-1,26,27,20,-1,20,27,21,-1,24,27,26,-1,21,27,28,-1,28,29,30,-1,27,29,28,-1,29,31,30,-1,30,32,33,-1,31,32,30,-1,33,34,35,-1,32,34,33,-1,35,36,37,-1,34,36,35,-1,37,38,39,-1,39,38,40,-1,36,38,37,-1,38,41,40,-1,40,42,43,-1,41,42,40,-1,42,44,43,-1,43,44,45,-1,44,46,45,-1,45,46,47,-1,46,48,47,-1,47,48,49,-1,49,48,50,-1,48,51,50,-1,51,52,50,-1,50,52,53,-1,53,52,54,-1,52,55,54,-1,55,56,54,-1,54,56,57,-1,57,56,58,-1,56,59,58,-1,58,59,60,-1,59,61,60,-1,61,62,60,-1,60,62,63,-1,63,62,64,-1,62,65,64,-1,65,66,64,-1,64,66,67,-1,66,68,67,-1,67,68,69,-1,68,70,69,-1,69,70,71,-1,71,70,72,-1,70,73,72,-1,73,74,72,-1,72,74,75,-1,74,76,75,-1,75,76,77,-1,76,78,77,-1,77,78,79,-1,78,80,79,-1,79,80,81,-1,82,83,84,-1,80,83,81,-1,81,83,82,-1,84,85,86,-1,83,85,84,-1,85,87,86,-1,86,88,89,-1,87,88,86,-1,89,90,91,-1,88,90,89,-1,90,92,91,-1,91,92,93,-1,92,94,93,-1,93,94,95,-1,95,96,97,-1,94,96,95,-1,97,98,99,-1,99,98,100,-1,96,98,97,-1,98,101,100,-1,100,102,103,-1,101,102,100,-1,103,104,105,-1,105,104,106,-1,102,104,103,-1,104,107,106,-1,106,108,109,-1,107,108,106,-1,109,110,111,-1,111,110,112,-1,108,110,109,-1,110,113,112,-1,112,114,115,-1,113,114,112,-1,115,116,117,-1,117,116,118,-1,114,116,115,-1,116,119,118,-1,118,120,121,-1,119,120,118,-1,121,122,123,-1,120,122,121,-1,123,124,125,-1,125,124,126,-1,122,124,123,-1,127,128,129,-1,124,130,126,-1,131,132,128,-1,126,133,129,-1,130,133,126,-1,129,134,127,-1,133,134,129,-1,135,136,132,-1,133,137,134,-1,138,139,136,-1,137,140,141,-1,142,143,139,-1,140,144,145,-1,142,146,143,-1,146,147,143,-1,144,148,149,-1,146,150,147,-1,150,151,147,-1,151,152,147,-1,148,153,154,-1,153,155,154,-1,151,156,152,-1,156,157,152,-1,155,158,159,-1,153,158,155,-1,158,160,159,-1,161,162,157,-1,158,163,160,-1,163,164,160,-1,165,166,162,-1,163,167,164,-1,168,169,166,-1,167,170,171,-1,172,173,169,-1,170,174,175,-1,174,176,177,-1,172,178,173,-1,178,179,173,-1,176,179,178,-1,173,180,181,-1,179,180,173,-1,181,182,183,-1,180,182,181,-1,183,184,185,-1,182,184,183,-1,184,186,185,-1,185,186,187,-1,186,188,187,-1,187,188,189,-1,189,188,190,-1,188,191,190,-1,191,192,190,-1,190,192,193,-1,192,194,193,-1,193,194,195,-1,195,194,196,-1,194,197,196,-1,197,198,196,-1,196,198,199,-1,198,200,199,-1,199,200,201,-1,201,200,202,-1,200,203,202,-1,203,204,202,-1,202,204,205,-1,204,206,205,-1,205,206,207,-1,207,206,208,-1,206,209,208,-1,209,210,208,-1,208,210,211,-1,211,210,212,-1,210,213,212,-1,212,214,215,-1,213,214,212,-1,215,216,217,-1,214,216,215,-1,217,218,219,-1,216,218,217,-1,219,220,221,-1,218,220,219,-1,221,222,223,-1,223,222,224,-1,220,222,221,-1,222,225,224,-1,224,226,227,-1,225,226,224,-1,227,228,229,-1,226,228,227,-1,229,230,231,-1,231,230,232,-1,228,230,229,-1,230,233,232,-1,232,234,235,-1,235,234,236,-1,233,234,232,-1,234,237,236,-1,237,238,236,-1,236,238,239,-1,238,240,239,-1,239,240,241,-1,241,240,242,-1,240,243,242,-1,242,243,244,-1,243,245,244,-1,245,246,244,-1,244,246,247,-1,246,248,247,-1,247,248,249,-1,248,250,249,-1,249,250,251,-1,250,252,251,-1,251,252,253,-1,252,254,253,-1,253,254,255,-1,254,256,255,-1,255,256,257,-1,257,256,258,-1,256,259,258,-1,259,260,258,-1,258,260,261,-1,260,262,261,-1,261,262,263,-1,263,262,264,-1,262,265,264,-1,264,265,266,-1,265,267,266,-1,267,268,266,-1,266,268,269,-1,269,268,270,-1,268,271,270,-1,271,272,270,-1,270,272,273,-1,272,274,273,-1,273,274,275,-1,275,274,276,-1,274,277,276,-1,278,279,280,-1,277,281,276,-1,276,281,282,-1,283,284,279,-1,282,285,280,-1,281,285,282,-1,280,285,278,-1,285,286,278,-1,287,288,284,-1,285,289,286,-1,290,291,288,-1,289,292,293,-1,294,295,291,-1,292,296,297,-1,294,298,295,-1,298,2,295,-1,296,299,300,-1,298,0,2,-1,299,301,302,-1,301,303,302,-1,301,6,303,-1,303,6,8,-1,178,177,176,-1,177,175,174,-1,175,171,170,-1,171,164,167,-1,154,149,148,-1,149,145,144,-1,145,141,140,-1,141,134,137,-1,168,172,169,-1,165,168,166,-1,161,165,162,-1,156,161,157,-1,138,142,139,-1,135,138,136,-1,131,135,132,-1,127,131,128,-1,26,25,24,-1,25,23,22,-1,23,19,18,-1,19,12,15,-1,16,20,17,-1,13,16,14,-1,9,13,10,-1,4,9,5,-1,290,294,291,-1,287,290,288,-1,283,287,284,-1,278,283,279,-1,302,300,299,-1,300,297,296,-1,297,293,292,-1,293,286,289,-1]
coord Coordinate { point [10.611 1.425 3.70401,10.611 1.42479 3.71246,10.711 1.425 3.70401,10.711 1.42478 3.71273,10.611 1.42418 3.72088,10.711 1.42413 3.72143,-1.1 1.425 3.70401,-0.999998 1.42479 3.71246,-0.999998 1.425 3.70401,10.611 1.42316 3.72927,10.711 1.42304 3.73009,-1.1 1.42478 3.71273,-0.999998 1.42418 3.72088,10.611 1.42174 3.7376,10.711 1.42153 3.73868,-1.1 1.42413 3.72143,10.611 1.41992 3.74585,10.711 1.41959 3.74719,-1.1 1.42304 3.73009,-0.999998 1.42316 3.72927,10.611 1.4177 3.75401,10.711 1.41722 3.75559,-1.1 1.42153 3.73868,-0.999998 1.42174 3.7376,-1.1 1.41959 3.74719,-0.999998 1.41992 3.74585,-0.999998 1.4177 3.75401,-1.1 1.41722 3.75559,10.711 1.41444 3.76386,-1.1 1.41444 3.76386,10.711 1.41126 3.77198,-1.1 1.41126 3.77198,-1.1 1.40767 3.77994,10.711 1.40767 3.77994,-1.1 1.40369 3.7877,10.711 1.40369 3.7877,-1.1 1.39932 3.79526,10.711 1.39932 3.79526,-1.1 1.39459 3.80259,10.711 1.39459 3.80259,10.711 1.3895 3.80967,-1.1 1.3895 3.80967,-1.1 1.38406 3.8165,10.711 1.38406 3.8165,-1.1 1.37828 3.82304,10.711 1.37828 3.82304,-1.1 1.37219 3.82928,10.711 1.37219 3.82928,-1.1 1.36579 3.83522,10.711 1.36579 3.83522,10.711 1.35911 3.84083,-1.1 1.35911 3.84083,-1.1 1.35215 3.8461,10.711 1.35215 3.8461,10.711 1.34494 3.85101,-1.1 1.34494 3.85101,-1.1 1.3375 3.85556,10.711 1.3375 3.85556,10.711 1.32983 3.85974,-1.1 1.32983 3.85974,10.711 1.32197 3.86352,-1.1 1.32197 3.86352,-1.1 1.31393 3.86691,10.711 1.31393 3.86691,10.711 1.30573 3.8699,-1.1 1.30573 3.8699,-1.1 1.29739 3.87247,10.711 1.29739 3.87247,-1.1 1.28894 3.87462,10.711 1.28894 3.87462,-1.1 1.28039 3.87635,10.711 1.28039 3.87635,10.711 1.27176 3.87765,-1.1 1.27176 3.87765,-1.1 1.26308 3.87852,10.711 1.26308 3.87852,-1.1 1.25436 3.87895,10.711 1.25436 3.87895,-1.1 1.24563 3.87895,10.711 1.24563 3.87895,-1.1 1.23692 3.87852,10.711 1.23692 3.87852,10.711 1.22824 3.87765,-1.1 1.22824 3.87765,10.711 1.21961 3.87635,-1.1 1.21961 3.87635,10.711 1.21106 3.87462,-1.1 1.21106 3.87462,-1.1 1.2026 3.87247,10.711 1.2026 3.87247,-1.1 1.19426 3.8699,10.711 1.19426 3.8699,-1.1 1.18606 3.86691,10.711 1.18606 3.86691,-1.1 1.17802 3.86352,10.711 1.17802 3.86352,-1.1 1.17016 3.85974,10.711 1.17016 3.85974,-1.1 1.1625 3.85556,10.711 1.1625 3.85556,10.711 1.15505 3.85101,-1.1 1.15505 3.85101,-1.1 1.14784 3.8461,10.711 1.14784 3.8461,-1.1 1.14089 3.84083,10.711 1.14089 3.84083,10.711 1.1342 3.83522,-1.1 1.1342 3.83522,-1.1 1.12781 3.82928,10.711 1.12781 3.82928,-1.1 1.12171 3.82304,10.711 1.12171 3.82304,10.711 1.11594 3.8165,-1.1 1.11594 3.8165,-1.1 1.1105 3.80967,10.711 1.1105 3.80967,-1.1 1.10541 3.80259,10.711 1.10541 3.80259,10.711 1.10067 3.79526,-1.1 1.10067 3.79526,-1.1 1.09631 3.7877,10.711 1.09631 3.7877,-1.1 1.09233 3.77994,10.711 1.09233 3.77994,-1.1 1.08874 3.77198,10.711 1.08874 3.77198,10.711 1.08555 3.76386,10.611 1.08229 3.75401,10.711 1.08041 3.74719,10.711 1.08277 3.75559,-1.1 1.08555 3.76386,10.611 1.08007 3.74585,10.711 1.07847 3.73868,-1.1 1.08277 3.75559,-0.999998 1.08229 3.75401,10.611 1.07825 3.7376,10.711 1.07695 3.73009,-1.1 1.08041 3.74719,10.611 1.07683 3.72927,10.711 1.07587 3.72143,-1.1 1.07847 3.73868,-0.999998 1.08007 3.74585,10.611 1.07581 3.72088,10.711 1.07522 3.71273,-1.1 1.07695 3.73009,-0.999998 1.07825 3.7376,10.611 1.0752 3.71246,10.711 1.075 3.70401,-1.1 1.07587 3.72143,-0.999998 1.07683 3.72927,10.611 1.075 3.70401,10.611 1.0752 3.69556,10.711 1.07522 3.69529,-1.1 1.07522 3.71273,-0.999998 1.07581 3.72088,-0.999998 1.0752 3.71246,10.611 1.07581 3.68713,10.711 1.07587 3.68658,-1.1 1.075 3.70401,-0.999998 1.075 3.70401,-0.999998 1.0752 3.69556,10.611 1.07683 3.67874,10.711 1.07695 3.67793,-1.1 1.07522 3.69529,-0.999998 1.07581 3.68713,10.611 1.07825 3.67041,10.711 1.07847 3.66933,-1.1 1.07587 3.68658,10.611 1.08007 3.66216,10.711 1.08041 3.66083,-1.1 1.07695 3.67793,-0.999998 1.07683 3.67874,10.611 1.08229 3.65401,10.711 1.08277 3.65243,-1.1 1.07847 3.66933,-0.999998 1.07825 3.67041,-1.1 1.08041 3.66083,-0.999998 1.08007 3.66216,-0.999998 1.08229 3.65401,-1.1 1.08277 3.65243,-1.1 1.08555 3.64415,10.711 1.08555 3.64415,-1.1 1.08874 3.63603,10.711 1.08874 3.63603,-1.1 1.09233 3.62808,10.711 1.09233 3.62808,-1.1 1.09631 3.62031,10.711 1.09631 3.62031,-1.1 1.10067 3.61276,10.711 1.10067 3.61276,10.711 1.10541 3.60543,-1.1 1.10541 3.60543,-1.1 1.1105 3.59834,10.711 1.1105 3.59834,-1.1 1.11594 3.59152,10.711 1.11594 3.59152,10.711 1.12171 3.58498,-1.1 1.12171 3.58498,-1.1 1.12781 3.57873,10.711 1.12781 3.57873,-1.1 1.1342 3.5728,10.711 1.1342 3.5728,10.711 1.14089 3.56719,-1.1 1.14089 3.56719,-1.1 1.14784 3.56192,10.711 1.14784 3.56192,-1.1 1.15505 3.557,10.711 1.15505 3.557,10.711 1.1625 3.55245,-1.1 1.1625 3.55245,-1.1 1.17016 3.54828,10.711 1.17016 3.54828,10.711 1.17802 3.5445,-1.1 1.17802 3.5445,-1.1 1.18606 3.54111,10.711 1.18606 3.54111,-1.1 1.19426 3.53812,10.711 1.19426 3.53812,-1.1 1.2026 3.53555,10.711 1.2026 3.53555,-1.1 1.21106 3.5334,10.711 1.21106 3.5334,-1.1 1.21961 3.53167,10.711 1.21961 3.53167,10.711 1.22824 3.53037,-1.1 1.22824 3.53037,-1.1 1.23692 3.5295,10.711 1.23692 3.5295,-1.1 1.24563 3.52906,10.711 1.24563 3.52906,-1.1 1.25436 3.52906,10.711 1.25436 3.52906,10.711 1.26308 3.5295,-1.1 1.26308 3.5295,-1.1 1.27176 3.53037,10.711 1.27176 3.53037,10.711 1.28039 3.53167,-1.1 1.28039 3.53167,-1.1 1.28894 3.5334,10.711 1.28894 3.5334,-1.1 1.29739 3.53555,10.711 1.29739 3.53555,10.711 1.30573 3.53812,-1.1 1.30573 3.53812,10.711 1.31393 3.54111,-1.1 1.31393 3.54111,-1.1 1.32197 3.5445,10.711 1.32197 3.5445,-1.1 1.32983 3.54828,10.711 1.32983 3.54828,-1.1 1.3375 3.55245,10.711 1.3375 3.55245,-1.1 1.34494 3.557,10.711 1.34494 3.557,-1.1 1.35215 3.56192,10.711 1.35215 3.56192,-1.1 1.35911 3.56719,10.711 1.35911 3.56719,10.711 1.36579 3.5728,-1.1 1.36579 3.5728,-1.1 1.37219 3.57873,10.711 1.37219 3.57873,-1.1 1.37828 3.58498,10.711 1.37828 3.58498,10.711 1.38406 3.59152,-1.1 1.38406 3.59152,10.711 1.3895 3.59834,-1.1 1.3895 3.59834,-1.1 1.39459 3.60543,10.711 1.39459 3.60543,10.711 1.39932 3.61276,-1.1 1.39932 3.61276,-1.1 1.40369 3.62031,10.711 1.40369 3.62031,-1.1 1.40767 3.62808,10.711 1.40767 3.62808,10.711 1.41126 3.63603,-1.1 1.41126 3.63603,10.611 1.4177 3.65401,10.711 1.41959 3.66083,10.711 1.41722 3.65243,-1.1 1.41444 3.64415,10.711 1.41444 3.64415,10.611 1.41992 3.66216,10.711 1.42153 3.66933,-1.1 1.41722 3.65243,-0.999998 1.4177 3.65401,10.611 1.42174 3.67041,10.711 1.42304 3.67793,-1.1 1.41959 3.66083,10.611 1.42316 3.67874,10.711 1.42413 3.68658,-1.1 1.42153 3.66933,-0.999998 1.41992 3.66216,10.611 1.42418 3.68713,10.711 1.42478 3.69529,-1.1 1.42304 3.67793,-0.999998 1.42174 3.67041,10.611 1.42479 3.69556,-1.1 1.42413 3.68658,-0.999998 1.42316 3.67874,-1.1 1.42478 3.69529,-0.999998 1.42418 3.68713,-0.999998 1.42479 3.69556]
}}
appearance Appearance{material USE RED-BODY }}
Shape { geometry IndexedFaceSet 
{ creaseAngle 0.50 coordIndex [0,1,2,-1,0,2,3,-1]
coord Coordinate { point [10.611 1.4177 3.75401,10.611 1.58229 3.75401,-0.999998 1.58229 3.75401,-0.999998 1.4177 3.75401]
}}
appearance Appearance{material USE CAP-CERAMIC-05 }}
Shape { geometry IndexedFaceSet 
{ creaseAngle 0.50 coordIndex [0,1,2,-1,1,3,2,-1,1,4,3,-1,4,5,3,-1,6,7,8,-1,9,10,5,-1,6,11,7,-1,11,12,7,-1,13,14,10,-1,11,15,12,-1,16,17,14,-1,15,18,19,-1,20,21,17,-1,18,22,23,-1,22,24,25,-1,20,26,21,-1,26,27,21,-1,24,27,26,-1,21,27,28,-1,28,29,30,-1,27,29,28,-1,29,31,30,-1,30,32,33,-1,31,32,30,-1,33,34,35,-1,32,34,33,-1,35,36,37,-1,34,36,35,-1,37,38,39,-1,39,38,40,-1,36,38,37,-1,38,41,40,-1,40,42,43,-1,41,42,40,-1,43,44,45,-1,42,44,43,-1,45,46,47,-1,44,46,45,-1,47,48,49,-1,49,48,50,-1,46,48,47,-1,48,51,50,-1,50,52,53,-1,53,52,54,-1,51,52,50,-1,52,55,54,-1,55,56,54,-1,54,56,57,-1,57,56,58,-1,56,59,58,-1,58,59,60,-1,59,61,60,-1,61,62,60,-1,60,62,63,-1,63,62,64,-1,62,65,64,-1,65,66,64,-1,64,66,67,-1,66,68,67,-1,67,68,69,-1,68,70,69,-1,69,70,71,-1,71,70,72,-1,70,73,72,-1,73,74,72,-1,72,74,75,-1,74,76,75,-1,75,76,77,-1,76,78,77,-1,77,78,79,-1,78,80,79,-1,79,80,81,-1,80,82,81,-1,81,82,83,-1,83,82,84,-1,82,85,84,-1,84,85,86,-1,85,87,86,-1,87,88,86,-1,86,88,89,-1,88,90,89,-1,89,90,91,-1,90,92,91,-1,91,92,93,-1,93,94,95,-1,92,94,93,-1,95,96,97,-1,94,96,95,-1,97,98,99,-1,99,98,100,-1,96,98,97,-1,98,101,100,-1,100,102,103,-1,101,102,100,-1,103,104,105,-1,105,104,106,-1,102,104,103,-1,104,107,106,-1,107,108,106,-1,106,108,109,-1,108,110,109,-1,109,110,111,-1,111,110,112,-1,110,113,112,-1,113,114,112,-1,112,114,115,-1,114,116,115,-1,115,116,117,-1,117,116,118,-1,116,119,118,-1,119,120,118,-1,118,120,121,-1,120,122,121,-1,121,122,123,-1,122,124,123,-1,123,124,125,-1,125,124,126,-1,124,127,126,-1,127,128,126,-1,126,128,129,-1,128,130,129,-1,129,130,131,-1,131,130,132,-1,130,133,132,-1,133,134,132,-1,132,134,135,-1,135,136,137,-1,137,136,138,-1,134,136,135,-1,136,139,138,-1,138,140,141,-1,139,140,138,-1,141,142,143,-1,143,142,144,-1,140,142,141,-1,142,145,144,-1,144,146,147,-1,147,146,148,-1,145,146,144,-1,146,149,148,-1,148,150,151,-1,151,150,152,-1,149,150,148,-1,150,153,152,-1,152,154,155,-1,153,154,152,-1,155,156,157,-1,154,156,155,-1,156,158,157,-1,157,158,159,-1,158,160,159,-1,159,160,161,-1,160,162,161,-1,161,162,163,-1,163,162,164,-1,162,165,164,-1,164,166,167,-1,165,166,164,-1,167,168,169,-1,169,168,170,-1,166,168,167,-1,168,171,170,-1,170,172,173,-1,171,172,170,-1,173,174,175,-1,175,174,176,-1,172,174,173,-1,174,177,176,-1,176,178,179,-1,177,178,176,-1,179,180,181,-1,181,180,182,-1,178,180,179,-1,180,183,182,-1,182,184,185,-1,185,184,186,-1,183,184,182,-1,184,187,186,-1,186,188,189,-1,187,188,186,-1,189,190,191,-1,188,190,189,-1,191,192,193,-1,190,192,191,-1,193,194,195,-1,192,194,193,-1,195,196,197,-1,197,196,198,-1,194,196,195,-1,196,199,198,-1,198,200,201,-1,199,200,198,-1,201,202,203,-1,200,202,201,-1,203,204,205,-1,205,204,206,-1,202,204,203,-1,204,207,206,-1,207,208,206,-1,206,208,209,-1,209,208,210,-1,208,211,210,-1,211,212,210,-1,210,212,213,-1,212,214,213,-1,213,214,215,-1,215,214,216,-1,214,217,216,-1,216,217,218,-1,217,219,218,-1,219,220,218,-1,218,220,221,-1,220,222,221,-1,221,222,223,-1,222,224,223,-1,223,224,225,-1,224,226,225,-1,225,226,227,-1,226,228,227,-1,227,228,229,-1,228,230,229,-1,229,230,231,-1,231,230,232,-1,230,233,232,-1,232,234,235,-1,233,234,232,-1,235,236,237,-1,237,236,238,-1,234,236,235,-1,238,239,240,-1,236,239,238,-1,239,241,240,-1,240,242,243,-1,243,242,244,-1,241,242,240,-1,242,245,244,-1,244,246,247,-1,245,246,244,-1,247,248,249,-1,249,248,250,-1,246,248,247,-1,248,251,250,-1,252,253,254,-1,250,255,256,-1,251,255,250,-1,257,258,253,-1,256,259,254,-1,255,259,256,-1,259,260,254,-1,254,260,252,-1,261,262,258,-1,259,263,260,-1,264,265,262,-1,263,266,267,-1,268,269,265,-1,266,270,271,-1,268,272,269,-1,272,2,269,-1,270,273,274,-1,272,0,2,-1,273,275,276,-1,275,277,276,-1,275,6,277,-1,277,6,8,-1,26,25,24,-1,25,23,22,-1,23,19,18,-1,19,12,15,-1,16,20,17,-1,13,16,14,-1,9,13,10,-1,4,9,5,-1,264,268,265,-1,261,264,262,-1,257,261,258,-1,252,257,253,-1,276,274,273,-1,274,271,270,-1,271,267,266,-1,267,260,263,-1]
coord Coordinate { point [10.611 1.575 3.70401,10.611 1.5752 3.69556,10.711 1.575 3.70401,10.711 1.57521 3.69529,10.611 1.57581 3.68713,10.711 1.57587 3.68658,-1.1 1.575 3.70401,-0.999998 1.5752 3.69556,-0.999998 1.575 3.70401,10.611 1.57683 3.67874,10.711 1.57695 3.67793,-1.1 1.57521 3.69529,-0.999998 1.57581 3.68713,10.611 1.57825 3.67041,10.711 1.57847 3.66933,-1.1 1.57587 3.68658,10.611 1.58007 3.66216,10.711 1.58041 3.66083,-1.1 1.57695 3.67793,-0.999998 1.57683 3.67874,10.611 1.58229 3.65401,10.711 1.58277 3.65243,-1.1 1.57847 3.66933,-0.999998 1.57825 3.67041,-1.1 1.58041 3.66083,-0.999998 1.58007 3.66216,-0.999998 1.58229 3.65401,-1.1 1.58277 3.65243,10.711 1.58555 3.64415,-1.1 1.58555 3.64415,10.711 1.58874 3.63603,-1.1 1.58874 3.63603,-1.1 1.59233 3.62808,10.711 1.59233 3.62808,-1.1 1.59631 3.62031,10.711 1.59631 3.62031,-1.1 1.60067 3.61276,10.711 1.60067 3.61276,-1.1 1.60541 3.60543,10.711 1.60541 3.60543,10.711 1.6105 3.59834,-1.1 1.6105 3.59834,-1.1 1.61594 3.59152,10.711 1.61594 3.59152,-1.1 1.62171 3.58498,10.711 1.62171 3.58498,-1.1 1.62781 3.57873,10.711 1.62781 3.57873,-1.1 1.6342 3.5728,10.711 1.6342 3.5728,10.711 1.64089 3.56719,-1.1 1.64089 3.56719,-1.1 1.64784 3.56192,10.711 1.64784 3.56192,10.711 1.65505 3.557,-1.1 1.65505 3.557,-1.1 1.6625 3.55245,10.711 1.6625 3.55245,10.711 1.67016 3.54828,-1.1 1.67016 3.54828,10.711 1.67802 3.5445,-1.1 1.67802 3.5445,-1.1 1.68606 3.54111,10.711 1.68606 3.54111,10.711 1.69426 3.53812,-1.1 1.69426 3.53812,-1.1 1.7026 3.53555,10.711 1.7026 3.53555,-1.1 1.71106 3.5334,10.711 1.71106 3.5334,-1.1 1.71961 3.53167,10.711 1.71961 3.53167,10.711 1.72824 3.53037,-1.1 1.72824 3.53037,-1.1 1.73692 3.5295,10.711 1.73692 3.5295,-1.1 1.74563 3.52906,10.711 1.74563 3.52906,-1.1 1.75436 3.52906,10.711 1.75436 3.52906,-1.1 1.76307 3.5295,10.711 1.76307 3.5295,-1.1 1.77176 3.53037,10.711 1.77176 3.53037,10.711 1.78038 3.53167,-1.1 1.78038 3.53167,10.711 1.78894 3.5334,-1.1 1.78894 3.5334,-1.1 1.79739 3.53555,10.711 1.79739 3.53555,-1.1 1.80573 3.53812,10.711 1.80573 3.53812,-1.1 1.81393 3.54111,10.711 1.81393 3.54111,-1.1 1.82197 3.5445,10.711 1.82197 3.5445,-1.1 1.82983 3.54828,10.711 1.82983 3.54828,-1.1 1.8375 3.55245,10.711 1.8375 3.55245,10.711 1.84494 3.557,-1.1 1.84494 3.557,-1.1 1.85215 3.56192,10.711 1.85215 3.56192,-1.1 1.85911 3.56719,10.711 1.85911 3.56719,10.711 1.86579 3.5728,-1.1 1.86579 3.5728,-1.1 1.87219 3.57873,10.711 1.87219 3.57873,-1.1 1.87828 3.58498,10.711 1.87828 3.58498,10.711 1.88405 3.59152,-1.1 1.88405 3.59152,-1.1 1.88949 3.59834,10.711 1.88949 3.59834,-1.1 1.89459 3.60543,10.711 1.89459 3.60543,10.711 1.89932 3.61276,-1.1 1.89932 3.61276,-1.1 1.90368 3.62031,10.711 1.90368 3.62031,-1.1 1.90767 3.62808,10.711 1.90767 3.62808,-1.1 1.91125 3.63603,10.711 1.91125 3.63603,10.711 1.91444 3.64415,-1.1 1.91444 3.64415,-1.1 1.91722 3.65243,10.711 1.91722 3.65243,-1.1 1.91958 3.66083,10.711 1.91958 3.66083,10.711 1.92153 3.66933,-1.1 1.92153 3.66933,-1.1 1.92304 3.67793,10.711 1.92304 3.67793,-1.1 1.92413 3.68658,10.711 1.92413 3.68658,10.711 1.92478 3.69529,-1.1 1.92478 3.69529,-1.1 1.925 3.70401,10.711 1.925 3.70401,-1.1 1.92478 3.71273,10.711 1.92478 3.71273,10.711 1.92413 3.72143,-1.1 1.92413 3.72143,-1.1 1.92304 3.73009,10.711 1.92304 3.73009,10.711 1.92153 3.73868,-1.1 1.92153 3.73868,-1.1 1.91958 3.74719,10.711 1.91958 3.74719,10.711 1.91722 3.75559,-1.1 1.91722 3.75559,-1.1 1.91444 3.76386,10.711 1.91444 3.76386,-1.1 1.91125 3.77198,10.711 1.91125 3.77198,-1.1 1.90767 3.77994,10.711 1.90767 3.77994,-1.1 1.90368 3.7877,10.711 1.90368 3.7877,-1.1 1.89932 3.79526,10.711 1.89932 3.79526,10.711 1.89459 3.80259,-1.1 1.89459 3.80259,-1.1 1.88949 3.80967,10.711 1.88949 3.80967,-1.1 1.88405 3.8165,10.711 1.88405 3.8165,10.711 1.87828 3.82304,-1.1 1.87828 3.82304,-1.1 1.87219 3.82928,10.711 1.87219 3.82928,-1.1 1.86579 3.83522,10.711 1.86579 3.83522,10.711 1.85911 3.84083,-1.1 1.85911 3.84083,-1.1 1.85215 3.8461,10.711 1.85215 3.8461,-1.1 1.84494 3.85101,10.711 1.84494 3.85101,10.711 1.8375 3.85556,-1.1 1.8375 3.85556,-1.1 1.82983 3.85974,10.711 1.82983 3.85974,10.711 1.82197 3.86352,-1.1 1.82197 3.86352,-1.1 1.81393 3.86691,10.711 1.81393 3.86691,-1.1 1.80573 3.8699,10.711 1.80573 3.8699,-1.1 1.79739 3.87247,10.711 1.79739 3.87247,-1.1 1.78894 3.87462,10.711 1.78894 3.87462,-1.1 1.78038 3.87635,10.711 1.78038 3.87635,10.711 1.77176 3.87765,-1.1 1.77176 3.87765,-1.1 1.76307 3.87852,10.711 1.76307 3.87852,-1.1 1.75436 3.87895,10.711 1.75436 3.87895,-1.1 1.74563 3.87895,10.711 1.74563 3.87895,10.711 1.73692 3.87852,-1.1 1.73692 3.87852,-1.1 1.72824 3.87765,10.711 1.72824 3.87765,10.711 1.71961 3.87635,-1.1 1.71961 3.87635,-1.1 1.71106 3.87462,10.711 1.71106 3.87462,-1.1 1.7026 3.87247,10.711 1.7026 3.87247,10.711 1.69426 3.8699,-1.1 1.69426 3.8699,10.711 1.68606 3.86691,-1.1 1.68606 3.86691,-1.1 1.67802 3.86352,10.711 1.67802 3.86352,-1.1 1.67016 3.85974,10.711 1.67016 3.85974,-1.1 1.6625 3.85556,10.711 1.6625 3.85556,-1.1 1.65505 3.85101,10.711 1.65505 3.85101,-1.1 1.64784 3.8461,10.711 1.64784 3.8461,-1.1 1.64089 3.84083,10.711 1.64089 3.84083,10.711 1.6342 3.83522,-1.1 1.6342 3.83522,-1.1 1.62781 3.82928,10.711 1.62781 3.82928,-1.1 1.62171 3.82304,10.711 1.62171 3.82304,10.711 1.61594 3.8165,-1.1 1.61594 3.8165,10.711 1.6105 3.80967,-1.1 1.6105 3.80967,-1.1 1.60541 3.80259,10.711 1.60541 3.80259,10.711 1.60067 3.79526,-1.1 1.60067 3.79526,-1.1 1.59631 3.7877,10.711 1.59631 3.7877,-1.1 1.59233 3.77994,10.711 1.59233 3.77994,10.711 1.58874 3.77198,-1.1 1.58874 3.77198,10.611 1.58229 3.75401,10.711 1.58041 3.74719,10.711 1.58277 3.75559,-1.1 1.58555 3.76386,10.711 1.58555 3.76386,10.611 1.58007 3.74585,10.711 1.57847 3.73868,-1.1 1.58277 3.75559,-0.999998 1.58229 3.75401,10.611 1.57825 3.7376,10.711 1.57695 3.73009,-1.1 1.58041 3.74719,10.611 1.57683 3.72927,10.711 1.57587 3.72143,-1.1 1.57847 3.73868,-0.999998 1.58007 3.74585,10.611 1.57581 3.72088,10.711 1.57521 3.71273,-1.1 1.57695 3.73009,-0.999998 1.57825 3.7376,10.611 1.5752 3.71246,-1.1 1.57587 3.72143,-0.999998 1.57683 3.72927,-1.1 1.57521 3.71273,-0.999998 1.57581 3.72088,-0.999998 1.5752 3.71246]
}}
appearance Appearance{material USE CAP-CERAMIC-06 }}
Shape { geometry IndexedFaceSet 
{ creaseAngle 0.50 coordIndex [0,1,2,-1,0,2,3,-1,4,3,5,-1,4,0,3,-1,6,5,7,-1,6,4,5,-1,8,7,9,-1,8,6,7,-1,10,9,11,-1,10,8,9,-1,12,11,13,-1,12,10,11,-1,14,13,15,-1,14,12,13,-1,16,15,17,-1,16,14,15,-1,18,17,19,-1,18,16,17,-1,20,19,21,-1,20,18,19,-1,22,21,23,-1,22,20,21,-1,24,23,25,-1,24,22,23,-1]
coord Coordinate { point [10.611 1.41992 3.66216,10.611 1.4177 3.65401,10.611 1.58229 3.65401,10.611 1.58007 3.66216,10.611 1.42174 3.67041,10.611 1.57825 3.67041,10.611 1.42316 3.67874,10.611 1.57683 3.67874,10.611 1.42418 3.68713,10.611 1.57581 3.68713,10.611 1.42479 3.69556,10.611 1.5752 3.69556,10.611 1.425 3.70401,10.611 1.575 3.70401,10.611 1.42479 3.71246,10.611 1.5752 3.71246,10.611 1.42418 3.72088,10.611 1.57581 3.72088,10.611 1.42316 3.72927,10.611 1.57683 3.72927,10.611 1.42174 3.7376,10.611 1.57825 3.7376,10.611 1.41992 3.74585,10.611 1.58007 3.74585,10.611 1.4177 3.75401,10.611 1.58229 3.75401]
}}
appearance Appearance{material USE CAP-CERAMIC-05 }}
Shape { geometry IndexedFaceSet 
{ creaseAngle 0.50 coordIndex [0,1,2,-1,1,3,2,-1,2,3,4,-1,0,5,1,-1,6,5,0,-1,3,7,4,-1,4,7,8,-1,6,9,5,-1,10,9,6,-1,7,11,8,-1,8,11,12,-1,10,13,9,-1,14,13,10,-1,12,15,16,-1,11,15,12,-1,14,17,13,-1,18,17,14,-1,15,19,16,-1,16,19,20,-1,18,21,17,-1,22,21,18,-1,19,23,20,-1,20,23,24,-1,25,26,22,-1,22,26,21,-1,23,27,24,-1,24,27,28,-1,29,30,25,-1,25,30,26,-1,27,31,28,-1,28,31,32,-1,33,34,29,-1,29,34,30,-1,31,35,32,-1,32,35,36,-1,33,37,34,-1,38,37,33,-1,35,39,36,-1,36,39,40,-1,41,42,38,-1,38,42,37,-1,39,43,40,-1,40,43,44,-1,45,46,41,-1,41,46,42,-1,43,47,44,-1,44,47,48,-1,45,49,46,-1,50,49,45,-1,47,51,48,-1,48,51,52,-1,50,53,49,-1,54,53,50,-1,51,55,52,-1,52,55,56,-1,54,57,53,-1,58,57,54,-1,55,59,56,-1,56,59,60,-1,58,61,57,-1,62,61,58,-1,59,63,60,-1,60,63,64,-1,62,65,61,-1,66,65,62,-1,63,67,64,-1,64,67,68,-1,66,69,65,-1,70,69,66,-1,67,71,68,-1,68,71,72,-1,70,73,69,-1,74,73,70,-1,71,75,72,-1,72,75,76,-1,74,77,73,-1,78,77,74,-1,75,79,76,-1,76,79,80,-1,78,81,77,-1,82,81,78,-1,79,83,80,-1,80,83,84,-1,82,85,81,-1,86,85,82,-1,84,87,88,-1,83,87,84,-1,86,89,85,-1,90,89,86,-1,88,91,92,-1,87,91,88,-1,93,94,90,-1,90,94,89,-1,92,95,96,-1,91,95,92,-1,97,98,93,-1,93,98,94,-1,96,99,100,-1,95,99,96,-1,101,102,97,-1,97,102,98,-1,100,103,104,-1,99,103,100,-1,105,106,101,-1,101,106,102,-1,104,107,108,-1,103,107,104,-1,109,110,105,-1,105,110,106,-1,108,111,112,-1,107,111,108,-1,109,113,110,-1,114,113,109,-1,112,115,116,-1,111,115,112,-1,117,118,114,-1,114,118,113,-1,116,119,120,-1,115,119,116,-1,121,122,117,-1,117,122,118,-1,119,123,120,-1,123,124,120,-1,121,125,122,-1,123,126,124,-1,121,127,125,-1,127,128,125,-1,129,130,126,-1,126,130,124,-1,128,131,132,-1,127,131,128,-1,133,134,129,-1,129,134,130,-1,132,135,136,-1,131,135,132,-1,133,137,134,-1,138,137,133,-1,136,139,140,-1,135,139,136,-1,141,142,138,-1,138,142,137,-1,139,143,140,-1,140,143,144,-1,145,146,141,-1,141,146,142,-1,143,147,144,-1,144,147,148,-1,149,150,145,-1,145,150,146,-1,147,151,148,-1,148,151,152,-1,153,154,149,-1,149,154,150,-1,151,155,152,-1,152,155,156,-1,157,158,153,-1,153,158,154,-1,155,159,156,-1,156,159,160,-1,161,162,157,-1,157,162,158,-1,159,163,160,-1,160,163,164,-1,161,165,162,-1,166,165,161,-1,163,167,164,-1,164,167,168,-1,166,169,165,-1,170,169,166,-1,167,171,168,-1,168,171,172,-1,173,174,170,-1,170,174,169,-1,171,175,172,-1,172,175,176,-1,177,178,173,-1,173,178,174,-1,175,179,176,-1,176,179,180,-1,181,182,177,-1,177,182,178,-1,179,183,180,-1,180,183,184,-1,181,185,182,-1,186,185,181,-1,183,187,184,-1,184,187,188,-1,189,190,186,-1,186,190,185,-1,188,191,192,-1,187,191,188,-1,193,194,189,-1,189,194,190,-1,192,195,196,-1,191,195,192,-1,197,198,193,-1,193,198,194,-1,196,199,200,-1,195,199,196,-1,197,201,198,-1,202,201,197,-1,200,203,204,-1,199,203,200,-1,205,206,202,-1,202,206,201,-1,203,207,204,-1,204,207,208,-1,205,209,206,-1,210,209,205,-1,207,211,208,-1,208,211,212,-1,210,213,209,-1,214,213,210,-1,211,215,212,-1,212,215,216,-1,214,217,213,-1,218,217,214,-1,215,219,216,-1,216,219,220,-1,221,222,218,-1,218,222,217,-1,219,223,220,-1,220,223,224,-1,221,225,222,-1,226,225,221,-1,223,227,224,-1,224,227,228,-1,226,229,225,-1,230,229,226,-1,227,231,228,-1,228,231,232,-1,233,234,230,-1,230,234,229,-1,231,235,232,-1,232,235,236,-1,233,237,234,-1,238,237,233,-1,235,239,236,-1,236,239,240,-1,238,241,237,-1,242,241,238,-1,239,243,240,-1,240,243,244,-1,242,245,241,-1,246,245,242,-1,243,247,244,-1,244,247,248,-1,246,249,245,-1,250,249,246,-1,247,251,248,-1,250,251,249,-1,248,251,250,-1]
coord Coordinate { point [-1.1 1.12171 3.58498,-1.1 1.20475 3.65988,-1.1 1.12781 3.57873,-1.1 1.20701 3.65768,-1.1 1.1342 3.5728,-1.1 1.20261 3.66219,-1.1 1.11594 3.59152,-1.1 1.20937 3.65559,-1.1 1.14089 3.56719,-1.1 1.20058 3.6646,-1.1 1.1105 3.59834,-1.1 1.21183 3.65363,-1.1 1.14784 3.56192,-1.1 1.19868 3.66711,-1.1 1.10541 3.60543,-1.1 1.21439 3.65179,-1.1 1.15505 3.557,-1.1 1.1969 3.66972,-1.1 1.10067 3.61276,-1.1 1.21704 3.65008,-1.1 1.1625 3.55245,-1.1 1.19526 3.67241,-1.1 1.09631 3.62031,-1.1 1.21977 3.6485,-1.1 1.17016 3.54828,-1.1 1.09233 3.62808,-1.1 1.19375 3.67517,-1.1 1.22257 3.64706,-1.1 1.17802 3.5445,-1.1 1.08874 3.63603,-1.1 1.19239 3.67801,-1.1 1.22545 3.64577,-1.1 1.18606 3.54111,-1.1 1.08555 3.64415,-1.1 1.19116 3.68092,-1.1 1.22838 3.64462,-1.1 1.19426 3.53812,-1.1 1.19008 3.68388,-1.1 1.08277 3.65243,-1.1 1.23137 3.64361,-1.1 1.2026 3.53555,-1.1 1.08041 3.66083,-1.1 1.18915 3.68689,-1.1 1.2344 3.64276,-1.1 1.21106 3.5334,-1.1 1.07847 3.66933,-1.1 1.18838 3.68994,-1.1 1.23747 3.64206,-1.1 1.21961 3.53167,-1.1 1.18775 3.69303,-1.1 1.07695 3.67793,-1.1 1.24058 3.64151,-1.1 1.22824 3.53037,-1.1 1.18728 3.69615,-1.1 1.07587 3.68658,-1.1 1.2437 3.64112,-1.1 1.23692 3.5295,-1.1 1.18697 3.69929,-1.1 1.07522 3.69529,-1.1 1.24685 3.64088,-1.1 1.24563 3.52906,-1.1 1.18681 3.70243,-1.1 1.075 3.70401,-1.1 1.25 3.6408,-1.1 1.25436 3.52906,-1.1 1.18681 3.70558,-1.1 1.07522 3.71273,-1.1 1.25315 3.64088,-1.1 1.26308 3.5295,-1.1 1.18697 3.70873,-1.1 1.07587 3.72143,-1.1 1.25629 3.64112,-1.1 1.27176 3.53037,-1.1 1.18728 3.71187,-1.1 1.07695 3.73009,-1.1 1.25942 3.64151,-1.1 1.28039 3.53167,-1.1 1.18775 3.71498,-1.1 1.07847 3.73868,-1.1 1.26252 3.64206,-1.1 1.28894 3.5334,-1.1 1.18838 3.71807,-1.1 1.08041 3.74719,-1.1 1.26559 3.64276,-1.1 1.29739 3.53555,-1.1 1.18915 3.72113,-1.1 1.08277 3.75559,-1.1 1.26863 3.64361,-1.1 1.30573 3.53812,-1.1 1.19008 3.72414,-1.1 1.08555 3.76386,-1.1 1.27161 3.64462,-1.1 1.31393 3.54111,-1.1 1.08874 3.77198,-1.1 1.19116 3.7271,-1.1 1.27455 3.64577,-1.1 1.32197 3.5445,-1.1 1.09233 3.77994,-1.1 1.19239 3.73,-1.1 1.27742 3.64706,-1.1 1.32983 3.54828,-1.1 1.09631 3.7877,-1.1 1.19375 3.73284,-1.1 1.28023 3.6485,-1.1 1.3375 3.55245,-1.1 1.10067 3.79526,-1.1 1.19526 3.73561,-1.1 1.28295 3.65008,-1.1 1.34494 3.557,-1.1 1.10541 3.80259,-1.1 1.1969 3.7383,-1.1 1.2856 3.65179,-1.1 1.35215 3.56192,-1.1 1.19868 3.7409,-1.1 1.1105 3.80967,-1.1 1.28816 3.65363,-1.1 1.35911 3.56719,-1.1 1.11594 3.8165,-1.1 1.20058 3.74342,-1.1 1.29062 3.65559,-1.1 1.36579 3.5728,-1.1 1.12171 3.82304,-1.1 1.20261 3.74583,-1.1 1.29299 3.65768,-1.1 1.37219 3.57873,-1.1 1.20475 3.74814,-1.1 1.29524 3.65988,-1.1 1.12781 3.82928,-1.1 1.20701 3.75034,-1.1 1.29739 3.66219,-1.1 1.37828 3.58498,-1.1 1.1342 3.83522,-1.1 1.20937 3.75243,-1.1 1.29941 3.6646,-1.1 1.38406 3.59152,-1.1 1.14089 3.84083,-1.1 1.21183 3.75439,-1.1 1.3895 3.59834,-1.1 1.30132 3.66711,-1.1 1.14784 3.8461,-1.1 1.21439 3.75623,-1.1 1.30309 3.66972,-1.1 1.39459 3.60543,-1.1 1.15505 3.85101,-1.1 1.21704 3.75794,-1.1 1.30473 3.67241,-1.1 1.39932 3.61276,-1.1 1.1625 3.85556,-1.1 1.21977 3.75952,-1.1 1.30624 3.67517,-1.1 1.40369 3.62031,-1.1 1.17016 3.85974,-1.1 1.22257 3.76095,-1.1 1.30761 3.67801,-1.1 1.40767 3.62808,-1.1 1.17802 3.86352,-1.1 1.22545 3.76225,-1.1 1.30883 3.68092,-1.1 1.41126 3.63603,-1.1 1.18606 3.86691,-1.1 1.22838 3.7634,-1.1 1.30991 3.68388,-1.1 1.41444 3.64415,-1.1 1.19426 3.8699,-1.1 1.23137 3.76441,-1.1 1.41722 3.65243,-1.1 1.31084 3.68689,-1.1 1.2026 3.87247,-1.1 1.2344 3.76526,-1.1 1.41959 3.66083,-1.1 1.31162 3.68994,-1.1 1.21106 3.87462,-1.1 1.23747 3.76596,-1.1 1.31224 3.69303,-1.1 1.42153 3.66933,-1.1 1.21961 3.87635,-1.1 1.24058 3.76651,-1.1 1.31271 3.69615,-1.1 1.42304 3.67793,-1.1 1.22824 3.87765,-1.1 1.2437 3.7669,-1.1 1.31303 3.69929,-1.1 1.42413 3.68658,-1.1 1.23692 3.87852,-1.1 1.24685 3.76713,-1.1 1.42478 3.69529,-1.1 1.31318 3.70243,-1.1 1.24563 3.87895,-1.1 1.25 3.76721,-1.1 1.31318 3.70558,-1.1 1.425 3.70401,-1.1 1.25436 3.87895,-1.1 1.25315 3.76713,-1.1 1.31303 3.70873,-1.1 1.42478 3.71273,-1.1 1.26308 3.87852,-1.1 1.25629 3.7669,-1.1 1.31271 3.71187,-1.1 1.42413 3.72143,-1.1 1.27176 3.87765,-1.1 1.25942 3.76651,-1.1 1.42304 3.73009,-1.1 1.31224 3.71498,-1.1 1.28039 3.87635,-1.1 1.26252 3.76596,-1.1 1.31162 3.71807,-1.1 1.42153 3.73868,-1.1 1.28894 3.87462,-1.1 1.26559 3.76526,-1.1 1.41959 3.74719,-1.1 1.31084 3.72113,-1.1 1.29739 3.87247,-1.1 1.26863 3.76441,-1.1 1.41722 3.75559,-1.1 1.30991 3.72414,-1.1 1.30573 3.8699,-1.1 1.27161 3.7634,-1.1 1.41444 3.76386,-1.1 1.30883 3.7271,-1.1 1.31393 3.86691,-1.1 1.27455 3.76225,-1.1 1.30761 3.73,-1.1 1.41126 3.77198,-1.1 1.32197 3.86352,-1.1 1.27742 3.76095,-1.1 1.40767 3.77994,-1.1 1.30624 3.73284,-1.1 1.32983 3.85974,-1.1 1.28023 3.75952,-1.1 1.40369 3.7877,-1.1 1.30473 3.73561,-1.1 1.3375 3.85556,-1.1 1.28295 3.75794,-1.1 1.30309 3.7383,-1.1 1.39932 3.79526,-1.1 1.34494 3.85101,-1.1 1.2856 3.75623,-1.1 1.39459 3.80259,-1.1 1.30132 3.7409,-1.1 1.35215 3.8461,-1.1 1.28816 3.75439,-1.1 1.3895 3.80967,-1.1 1.29941 3.74342,-1.1 1.35911 3.84083,-1.1 1.29062 3.75243,-1.1 1.38406 3.8165,-1.1 1.29739 3.74583,-1.1 1.36579 3.83522,-1.1 1.29299 3.75034,-1.1 1.37828 3.82304,-1.1 1.29524 3.74814,-1.1 1.37219 3.82928]
}}
appearance Appearance{material USE RED-BODY }}
Shape { geometry IndexedFaceSet 
{ creaseAngle 0.50 coordIndex [0,1,2,-1,3,0,2,-1,3,2,4,-1,5,1,0,-1,5,6,1,-1,7,3,4,-1,7,4,8,-1,9,6,5,-1,9,10,6,-1,11,7,8,-1,11,8,12,-1,13,10,9,-1,13,14,10,-1,15,12,16,-1,15,11,12,-1,17,14,13,-1,17,18,14,-1,19,15,16,-1,19,16,20,-1,21,18,17,-1,21,22,18,-1,23,19,20,-1,23,20,24,-1,25,26,22,-1,25,22,21,-1,27,23,24,-1,27,24,28,-1,29,30,26,-1,29,26,25,-1,31,27,28,-1,31,28,32,-1,33,34,30,-1,33,30,29,-1,35,31,32,-1,35,32,36,-1,37,34,33,-1,37,38,34,-1,39,35,36,-1,39,36,40,-1,41,42,38,-1,41,38,37,-1,43,39,40,-1,43,40,44,-1,45,46,42,-1,45,42,41,-1,47,43,44,-1,47,44,48,-1,49,46,45,-1,49,50,46,-1,51,47,48,-1,51,48,52,-1,53,50,49,-1,53,54,50,-1,55,51,52,-1,55,52,56,-1,57,54,53,-1,57,58,54,-1,59,55,56,-1,59,56,60,-1,61,58,57,-1,61,62,58,-1,63,59,60,-1,63,60,64,-1,65,62,61,-1,65,66,62,-1,67,63,64,-1,67,64,68,-1,69,66,65,-1,69,70,66,-1,71,67,68,-1,71,68,72,-1,73,70,69,-1,73,74,70,-1,75,71,72,-1,75,72,76,-1,77,74,73,-1,77,78,74,-1,79,75,76,-1,79,76,80,-1,81,78,77,-1,81,82,78,-1,83,79,80,-1,83,80,84,-1,85,82,81,-1,85,86,82,-1,87,84,88,-1,87,83,84,-1,89,86,85,-1,89,90,86,-1,91,88,92,-1,91,87,88,-1,93,94,90,-1,93,90,89,-1,95,92,96,-1,95,91,92,-1,97,98,94,-1,97,94,93,-1,99,96,100,-1,99,95,96,-1,101,102,98,-1,101,98,97,-1,103,100,104,-1,103,99,100,-1,105,106,102,-1,105,102,101,-1,107,104,108,-1,107,103,104,-1,109,110,106,-1,109,106,105,-1,111,108,112,-1,111,107,108,-1,113,110,109,-1,113,114,110,-1,115,112,116,-1,115,111,112,-1,117,118,114,-1,117,114,113,-1,119,116,120,-1,119,115,116,-1,121,122,118,-1,121,118,117,-1,123,119,120,-1,124,123,120,-1,125,122,121,-1,126,123,124,-1,127,122,125,-1,128,127,125,-1,129,130,126,-1,129,126,124,-1,131,128,132,-1,131,127,128,-1,133,134,130,-1,133,130,129,-1,135,132,136,-1,135,131,132,-1,137,134,133,-1,137,138,134,-1,139,136,140,-1,139,135,136,-1,141,142,138,-1,141,138,137,-1,143,139,140,-1,143,140,144,-1,145,146,142,-1,145,142,141,-1,147,143,144,-1,147,144,148,-1,149,150,146,-1,149,146,145,-1,151,147,148,-1,151,148,152,-1,153,154,150,-1,153,150,149,-1,155,151,152,-1,155,152,156,-1,157,158,154,-1,157,154,153,-1,159,155,156,-1,159,156,160,-1,161,162,158,-1,161,158,157,-1,163,159,160,-1,163,160,164,-1,165,162,161,-1,165,166,162,-1,167,163,164,-1,167,164,168,-1,169,166,165,-1,169,170,166,-1,171,167,168,-1,171,168,172,-1,173,174,170,-1,173,170,169,-1,175,171,172,-1,175,172,176,-1,177,178,174,-1,177,174,173,-1,179,175,176,-1,179,176,180,-1,181,182,178,-1,181,178,177,-1,183,179,180,-1,183,180,184,-1,185,182,181,-1,185,186,182,-1,187,183,184,-1,187,184,188,-1,189,190,186,-1,189,186,185,-1,191,188,192,-1,191,187,188,-1,193,194,190,-1,193,190,189,-1,195,192,196,-1,195,191,192,-1,197,198,194,-1,197,194,193,-1,199,196,200,-1,199,195,196,-1,201,198,197,-1,201,202,198,-1,203,200,204,-1,203,199,200,-1,205,206,202,-1,205,202,201,-1,207,203,204,-1,207,204,208,-1,209,206,205,-1,209,210,206,-1,211,207,208,-1,211,208,212,-1,213,210,209,-1,213,214,210,-1,215,211,212,-1,215,212,216,-1,217,214,213,-1,217,218,214,-1,219,215,216,-1,219,216,220,-1,221,222,218,-1,221,218,217,-1,223,219,220,-1,223,220,224,-1,225,222,221,-1,225,226,222,-1,227,223,224,-1,227,224,228,-1,229,226,225,-1,229,230,226,-1,231,227,228,-1,231,228,232,-1,233,234,230,-1,233,230,229,-1,235,231,232,-1,235,232,236,-1,237,234,233,-1,237,238,234,-1,239,235,236,-1,239,236,240,-1,241,238,237,-1,241,242,238,-1,243,239,240,-1,243,240,244,-1,245,242,241,-1,245,246,242,-1,247,243,244,-1,247,244,248,-1,249,246,245,-1,249,250,246,-1,251,247,248,-1,251,250,249,-1,251,248,250,-1]
coord Coordinate { point [10.711 1.20475 3.65988,10.711 1.12171 3.58498,10.711 1.12781 3.57873,10.711 1.20701 3.65768,10.711 1.1342 3.5728,10.711 1.20261 3.66219,10.711 1.11594 3.59152,10.711 1.20937 3.65559,10.711 1.14089 3.56719,10.711 1.20058 3.6646,10.711 1.1105 3.59834,10.711 1.21183 3.65363,10.711 1.14784 3.56192,10.711 1.19868 3.66711,10.711 1.10541 3.60543,10.711 1.21439 3.65179,10.711 1.15505 3.557,10.711 1.1969 3.66972,10.711 1.10067 3.61276,10.711 1.21704 3.65008,10.711 1.1625 3.55245,10.711 1.19526 3.67241,10.711 1.09631 3.62031,10.711 1.21977 3.6485,10.711 1.17016 3.54828,10.711 1.19375 3.67517,10.711 1.09233 3.62808,10.711 1.22257 3.64706,10.711 1.17802 3.5445,10.711 1.19239 3.67801,10.711 1.08874 3.63603,10.711 1.22545 3.64577,10.711 1.18606 3.54111,10.711 1.19116 3.68092,10.711 1.08555 3.64415,10.711 1.22838 3.64462,10.711 1.19426 3.53812,10.711 1.19008 3.68388,10.711 1.08277 3.65243,10.711 1.23137 3.64361,10.711 1.2026 3.53555,10.711 1.18915 3.68689,10.711 1.08041 3.66083,10.711 1.2344 3.64276,10.711 1.21106 3.5334,10.711 1.18838 3.68994,10.711 1.07847 3.66933,10.711 1.23747 3.64206,10.711 1.21961 3.53167,10.711 1.18775 3.69303,10.711 1.07695 3.67793,10.711 1.24058 3.64151,10.711 1.22824 3.53037,10.711 1.18728 3.69615,10.711 1.07587 3.68658,10.711 1.2437 3.64112,10.711 1.23692 3.5295,10.711 1.18697 3.69929,10.711 1.07522 3.69529,10.711 1.24685 3.64088,10.711 1.24563 3.52906,10.711 1.18681 3.70243,10.711 1.075 3.70401,10.711 1.25 3.6408,10.711 1.25436 3.52906,10.711 1.18681 3.70558,10.711 1.07522 3.71273,10.711 1.25315 3.64088,10.711 1.26308 3.5295,10.711 1.18697 3.70873,10.711 1.07587 3.72143,10.711 1.25629 3.64112,10.711 1.27176 3.53037,10.711 1.18728 3.71187,10.711 1.07695 3.73009,10.711 1.25942 3.64151,10.711 1.28039 3.53167,10.711 1.18775 3.71498,10.711 1.07847 3.73868,10.711 1.26252 3.64206,10.711 1.28894 3.5334,10.711 1.18838 3.71807,10.711 1.08041 3.74719,10.711 1.26559 3.64276,10.711 1.29739 3.53555,10.711 1.18915 3.72113,10.711 1.08277 3.75559,10.711 1.26863 3.64361,10.711 1.30573 3.53812,10.711 1.19008 3.72414,10.711 1.08555 3.76386,10.711 1.27161 3.64462,10.711 1.31393 3.54111,10.711 1.19116 3.7271,10.711 1.08874 3.77198,10.711 1.27455 3.64577,10.711 1.32197 3.5445,10.711 1.19239 3.73,10.711 1.09233 3.77994,10.711 1.27742 3.64706,10.711 1.32983 3.54828,10.711 1.19375 3.73284,10.711 1.09631 3.7877,10.711 1.28023 3.6485,10.711 1.3375 3.55245,10.711 1.19526 3.73561,10.711 1.10067 3.79526,10.711 1.28295 3.65008,10.711 1.34494 3.557,10.711 1.1969 3.7383,10.711 1.10541 3.80259,10.711 1.2856 3.65179,10.711 1.35215 3.56192,10.711 1.19868 3.7409,10.711 1.1105 3.80967,10.711 1.28816 3.65363,10.711 1.35911 3.56719,10.711 1.20058 3.74342,10.711 1.11594 3.8165,10.711 1.29062 3.65559,10.711 1.36579 3.5728,10.711 1.20261 3.74583,10.711 1.12171 3.82304,10.711 1.29299 3.65768,10.711 1.37219 3.57873,10.711 1.20475 3.74814,10.711 1.29524 3.65988,10.711 1.12781 3.82928,10.711 1.20701 3.75034,10.711 1.37828 3.58498,10.711 1.29739 3.66219,10.711 1.1342 3.83522,10.711 1.20937 3.75243,10.711 1.38406 3.59152,10.711 1.29941 3.6646,10.711 1.14089 3.84083,10.711 1.21183 3.75439,10.711 1.3895 3.59834,10.711 1.30132 3.66711,10.711 1.14784 3.8461,10.711 1.21439 3.75623,10.711 1.39459 3.60543,10.711 1.30309 3.66972,10.711 1.15505 3.85101,10.711 1.21704 3.75794,10.711 1.39932 3.61276,10.711 1.30473 3.67241,10.711 1.1625 3.85556,10.711 1.21977 3.75952,10.711 1.40369 3.62031,10.711 1.30624 3.67517,10.711 1.17016 3.85974,10.711 1.22257 3.76095,10.711 1.40767 3.62808,10.711 1.30761 3.67801,10.711 1.17802 3.86352,10.711 1.22545 3.76225,10.711 1.41126 3.63603,10.711 1.30883 3.68092,10.711 1.18606 3.86691,10.711 1.22838 3.7634,10.711 1.41444 3.64415,10.711 1.30991 3.68388,10.711 1.19426 3.8699,10.711 1.23137 3.76441,10.711 1.41722 3.65243,10.711 1.31084 3.68689,10.711 1.2026 3.87247,10.711 1.2344 3.76526,10.711 1.41959 3.66083,10.711 1.31162 3.68994,10.711 1.21106 3.87462,10.711 1.23747 3.76596,10.711 1.42153 3.66933,10.711 1.31224 3.69303,10.711 1.21961 3.87635,10.711 1.24058 3.76651,10.711 1.42304 3.67793,10.711 1.31271 3.69615,10.711 1.22824 3.87765,10.711 1.2437 3.7669,10.711 1.42413 3.68658,10.711 1.31303 3.69929,10.711 1.23692 3.87852,10.711 1.24685 3.76713,10.711 1.42478 3.69529,10.711 1.31318 3.70243,10.711 1.24563 3.87895,10.711 1.25 3.76721,10.711 1.425 3.70401,10.711 1.31318 3.70558,10.711 1.25436 3.87895,10.711 1.25315 3.76713,10.711 1.42478 3.71273,10.711 1.31303 3.70873,10.711 1.26308 3.87852,10.711 1.25629 3.7669,10.711 1.42413 3.72143,10.711 1.31271 3.71187,10.711 1.27176 3.87765,10.711 1.25942 3.76651,10.711 1.42304 3.73009,10.711 1.31224 3.71498,10.711 1.28039 3.87635,10.711 1.26252 3.76596,10.711 1.42153 3.73868,10.711 1.31162 3.71807,10.711 1.28894 3.87462,10.711 1.26559 3.76526,10.711 1.41959 3.74719,10.711 1.31084 3.72113,10.711 1.29739 3.87247,10.711 1.26863 3.76441,10.711 1.41722 3.75559,10.711 1.30991 3.72414,10.711 1.30573 3.8699,10.711 1.27161 3.7634,10.711 1.41444 3.76386,10.711 1.30883 3.7271,10.711 1.31393 3.86691,10.711 1.27455 3.76225,10.711 1.41126 3.77198,10.711 1.30761 3.73,10.711 1.32197 3.86352,10.711 1.27742 3.76095,10.711 1.40767 3.77994,10.711 1.30624 3.73284,10.711 1.32983 3.85974,10.711 1.28023 3.75952,10.711 1.40369 3.7877,10.711 1.30473 3.73561,10.711 1.3375 3.85556,10.711 1.28295 3.75794,10.711 1.39932 3.79526,10.711 1.30309 3.7383,10.711 1.34494 3.85101,10.711 1.2856 3.75623,10.711 1.39459 3.80259,10.711 1.30132 3.7409,10.711 1.35215 3.8461,10.711 1.28816 3.75439,10.711 1.3895 3.80967,10.711 1.29941 3.74342,10.711 1.35911 3.84083,10.711 1.29062 3.75243,10.711 1.38406 3.8165,10.711 1.29739 3.74583,10.711 1.36579 3.83522,10.711 1.29299 3.75034,10.711 1.37828 3.82304,10.711 1.29524 3.74814,10.711 1.37219 3.82928]
}}
appearance Appearance{material USE RED-BODY }}
Shape { geometry IndexedFaceSet 
{ creaseAngle 0.50 coordIndex [0,1,2,-1,2,3,4,-1,1,3,2,-1,4,5,6,-1,3,5,4,-1,6,7,8,-1,5,7,6,-1,8,9,10,-1,7,9,8,-1,9,11,10,-1,10,12,13,-1,11,12,10,-1,13,14,15,-1,12,14,13,-1,15,16,17,-1,14,16,15,-1,17,18,19,-1,16,18,17,-1,19,20,21,-1,18,20,19,-1,21,22,23,-1,20,22,21,-1,23,24,25,-1,22,24,23,-1]
coord Coordinate { point [-0.999998 1.08229 3.65401,-0.999998 0.917703 3.65401,-0.999998 1.08007 3.66216,-0.999998 0.919921 3.66216,-0.999998 1.07825 3.67041,-0.999998 0.921743 3.67041,-0.999998 1.07683 3.67874,-0.999998 0.923165 3.67874,-0.999998 1.07581 3.68713,-0.999998 0.924183 3.68713,-0.999998 1.0752 3.69556,-0.999998 0.924794 3.69556,-0.999998 0.924998 3.70401,-0.999998 1.075 3.70401,-0.999998 0.924794 3.71246,-0.999998 1.0752 3.71246,-0.999998 0.924183 3.72088,-0.999998 1.07581 3.72088,-0.999998 0.923165 3.72927,-0.999998 1.07683 3.72927,-0.999998 0.921743 3.7376,-0.999998 1.07825 3.7376,-0.999998 0.919921 3.74585,-0.999998 1.08007 3.74585,-0.999998 0.917703 3.75401,-0.999998 1.08229 3.75401]
}}
appearance Appearance{material USE CAP-CERAMIC-05 }}
Shape { geometry IndexedFaceSet 
{ creaseAngle 0.50 coordIndex [0,1,2,-1,3,0,2,-1]
coord Coordinate { point [10.611 1.08229 3.75401,-0.999998 1.08229 3.75401,-0.999998 0.917703 3.75401,10.611 0.917703 3.75401]
}}
appearance Appearance{material USE CAP-CERAMIC-05 }}
Shape { geometry IndexedFaceSet 
{ creaseAngle 0.50 coordIndex [0,1,2,-1,3,2,4,-1,3,0,2,-1,5,4,6,-1,5,3,4,-1,7,6,8,-1,7,5,6,-1,9,7,8,-1,10,8,11,-1,10,9,8,-1,12,11,13,-1,12,10,11,-1,14,13,15,-1,14,12,13,-1,16,15,17,-1,16,14,15,-1,18,17,19,-1,18,16,17,-1,20,19,21,-1,20,18,19,-1,22,21,23,-1,22,20,21,-1,24,23,25,-1,24,22,23,-1]
coord Coordinate { point [10.611 0.917703 3.65401,10.611 1.08229 3.65401,10.611 1.08007 3.66216,10.611 0.919921 3.66216,10.611 1.07825 3.67041,10.611 0.921743 3.67041,10.611 1.07683 3.67874,10.611 0.923165 3.67874,10.611 1.07581 3.68713,10.611 0.924183 3.68713,10.611 0.924794 3.69556,10.611 1.0752 3.69556,10.611 0.924998 3.70401,10.611 1.075 3.70401,10.611 0.924794 3.71246,10.611 1.0752 3.71246,10.611 0.924183 3.72088,10.611 1.07581 3.72088,10.611 0.923165 3.72927,10.611 1.07683 3.72927,10.611 0.921743 3.7376,10.611 1.07825 3.7376,10.611 0.919921 3.74585,10.611 1.08007 3.74585,10.611 0.917703 3.75401,10.611 1.08229 3.75401]
}}
appearance Appearance{material USE CAP-CERAMIC-05 }}
Shape { geometry IndexedFaceSet 
{ creaseAngle 0.50 coordIndex [0,1,2,-1,1,3,2,-1]
coord Coordinate { point [-0.999998 1.08229 3.65401,10.611 1.08229 3.65401,-0.999998 0.917703 3.65401,10.611 0.917703 3.65401]
}}
appearance Appearance{material USE CAP-CERAMIC-05 }}
Shape { geometry IndexedFaceSet 
{ creaseAngle 0.50 coordIndex [0,1,2,-1,1,3,2,-1,2,3,4,-1,0,5,1,-1,6,5,0,-1,3,7,4,-1,4,7,8,-1,6,9,5,-1,10,9,6,-1,7,11,8,-1,8,11,12,-1,10,13,9,-1,14,13,10,-1,11,15,12,-1,12,15,16,-1,14,17,13,-1,18,17,14,-1,15,19,16,-1,16,19,20,-1,18,21,17,-1,22,21,18,-1,19,23,20,-1,20,23,24,-1,25,26,22,-1,22,26,21,-1,23,27,24,-1,24,27,28,-1,29,30,25,-1,25,30,26,-1,28,31,32,-1,27,31,28,-1,33,34,29,-1,29,34,30,-1,31,35,32,-1,32,35,36,-1,33,37,34,-1,38,37,33,-1,35,39,36,-1,36,39,40,-1,38,41,37,-1,42,41,38,-1,39,43,40,-1,40,43,44,-1,45,46,42,-1,42,46,41,-1,43,47,44,-1,44,47,48,-1,45,49,46,-1,50,49,45,-1,47,51,48,-1,48,51,52,-1,53,54,50,-1,50,54,49,-1,51,55,52,-1,52,55,56,-1,57,58,53,-1,53,58,54,-1,55,59,56,-1,56,59,60,-1,57,61,58,-1,62,61,57,-1,59,63,60,-1,60,63,64,-1,62,65,61,-1,66,65,62,-1,63,67,64,-1,64,67,68,-1,66,69,65,-1,70,69,66,-1,67,71,68,-1,68,71,72,-1,73,74,70,-1,70,74,69,-1,71,75,72,-1,72,75,76,-1,77,78,73,-1,73,78,74,-1,75,79,76,-1,76,79,80,-1,77,81,78,-1,82,81,77,-1,79,83,80,-1,80,83,84,-1,82,85,81,-1,86,85,82,-1,84,87,88,-1,83,87,84,-1,86,89,85,-1,90,89,86,-1,88,91,92,-1,87,91,88,-1,93,94,90,-1,90,94,89,-1,92,95,96,-1,91,95,92,-1,97,98,93,-1,93,98,94,-1,96,99,100,-1,95,99,96,-1,97,101,98,-1,102,101,97,-1,100,103,104,-1,99,103,100,-1,105,106,102,-1,102,106,101,-1,104,107,108,-1,103,107,104,-1,109,110,105,-1,105,110,106,-1,108,111,112,-1,107,111,108,-1,109,113,110,-1,114,113,109,-1,112,115,116,-1,111,115,112,-1,114,117,113,-1,118,117,114,-1,116,119,120,-1,115,119,116,-1,121,122,118,-1,118,122,117,-1,119,123,120,-1,123,124,120,-1,121,125,122,-1,123,126,124,-1,121,127,125,-1,127,128,125,-1,126,129,124,-1,130,129,126,-1,127,131,128,-1,128,131,132,-1,133,134,130,-1,130,134,129,-1,131,135,132,-1,132,135,136,-1,137,138,133,-1,133,138,134,-1,136,139,140,-1,135,139,136,-1,141,142,137,-1,137,142,138,-1,140,143,144,-1,139,143,140,-1,145,146,141,-1,141,146,142,-1,144,147,148,-1,143,147,144,-1,149,150,145,-1,145,150,146,-1,148,151,152,-1,147,151,148,-1,153,154,149,-1,149,154,150,-1,151,155,152,-1,152,155,156,-1,157,158,153,-1,153,158,154,-1,155,159,156,-1,156,159,160,-1,161,162,157,-1,157,162,158,-1,160,163,164,-1,159,163,160,-1,165,166,161,-1,161,166,162,-1,164,167,168,-1,163,167,164,-1,169,170,165,-1,165,170,166,-1,168,171,172,-1,167,171,168,-1,173,174,169,-1,169,174,170,-1,171,175,172,-1,172,175,176,-1,177,178,173,-1,173,178,174,-1,176,179,180,-1,175,179,176,-1,181,182,177,-1,177,182,178,-1,180,183,184,-1,179,183,180,-1,185,186,181,-1,181,186,182,-1,184,187,188,-1,183,187,184,-1,189,190,185,-1,185,190,186,-1,188,191,192,-1,187,191,188,-1,193,194,189,-1,189,194,190,-1,192,195,196,-1,191,195,192,-1,197,198,193,-1,193,198,194,-1,195,199,196,-1,196,199,200,-1,201,202,197,-1,197,202,198,-1,199,203,200,-1,200,203,204,-1,205,206,201,-1,201,206,202,-1,203,207,204,-1,204,207,208,-1,209,210,205,-1,205,210,206,-1,207,211,208,-1,208,211,212,-1,213,214,209,-1,209,214,210,-1,211,215,212,-1,212,215,216,-1,217,218,213,-1,213,218,214,-1,215,219,216,-1,216,219,220,-1,217,221,218,-1,222,221,217,-1,219,223,220,-1,220,223,224,-1,222,225,221,-1,226,225,222,-1,223,227,224,-1,224,227,228,-1,226,229,225,-1,230,229,226,-1,227,231,228,-1,228,231,232,-1,230,233,229,-1,234,233,230,-1,231,235,232,-1,232,235,236,-1,234,237,233,-1,238,237,234,-1,235,239,236,-1,236,239,240,-1,241,242,238,-1,238,242,237,-1,240,243,244,-1,239,243,240,-1,245,246,241,-1,241,246,242,-1,244,247,248,-1,243,247,244,-1,249,250,245,-1,245,250,246,-1,248,251,249,-1,247,251,248,-1,249,251,250,-1]
coord Coordinate { point [-1.1 1.87828 3.82304,-1.1 1.79524 3.74814,-1.1 1.87219 3.82928,-1.1 1.79299 3.75034,-1.1 1.86579 3.83522,-1.1 1.79739 3.74583,-1.1 1.88405 3.8165,-1.1 1.79062 3.75243,-1.1 1.85911 3.84083,-1.1 1.79941 3.74342,-1.1 1.88949 3.80967,-1.1 1.78816 3.75439,-1.1 1.85215 3.8461,-1.1 1.80131 3.7409,-1.1 1.89459 3.80259,-1.1 1.7856 3.75623,-1.1 1.84494 3.85101,-1.1 1.80309 3.7383,-1.1 1.89932 3.79526,-1.1 1.78295 3.75794,-1.1 1.8375 3.85556,-1.1 1.80473 3.73561,-1.1 1.90368 3.7877,-1.1 1.78022 3.75952,-1.1 1.82983 3.85974,-1.1 1.90767 3.77994,-1.1 1.80624 3.73284,-1.1 1.77742 3.76095,-1.1 1.82197 3.86352,-1.1 1.91125 3.77198,-1.1 1.80761 3.73,-1.1 1.77455 3.76225,-1.1 1.81393 3.86691,-1.1 1.91444 3.76386,-1.1 1.80883 3.7271,-1.1 1.77161 3.7634,-1.1 1.80573 3.8699,-1.1 1.80991 3.72414,-1.1 1.91722 3.75559,-1.1 1.76863 3.76441,-1.1 1.79739 3.87247,-1.1 1.81084 3.72113,-1.1 1.91958 3.74719,-1.1 1.76559 3.76526,-1.1 1.78894 3.87462,-1.1 1.92153 3.73868,-1.1 1.81162 3.71807,-1.1 1.76252 3.76596,-1.1 1.78038 3.87635,-1.1 1.81224 3.71498,-1.1 1.92304 3.73009,-1.1 1.75942 3.76651,-1.1 1.77176 3.87765,-1.1 1.92413 3.72143,-1.1 1.81271 3.71187,-1.1 1.75629 3.7669,-1.1 1.76307 3.87852,-1.1 1.92478 3.71273,-1.1 1.81302 3.70873,-1.1 1.75315 3.76713,-1.1 1.75436 3.87895,-1.1 1.81318 3.70558,-1.1 1.925 3.70401,-1.1 1.75 3.76721,-1.1 1.74563 3.87895,-1.1 1.81318 3.70243,-1.1 1.92478 3.69529,-1.1 1.74685 3.76713,-1.1 1.73692 3.87852,-1.1 1.81302 3.69929,-1.1 1.92413 3.68658,-1.1 1.7437 3.7669,-1.1 1.72824 3.87765,-1.1 1.92304 3.67793,-1.1 1.81271 3.69615,-1.1 1.74058 3.76651,-1.1 1.71961 3.87635,-1.1 1.92153 3.66933,-1.1 1.81224 3.69303,-1.1 1.73747 3.76596,-1.1 1.71106 3.87462,-1.1 1.81162 3.68994,-1.1 1.91958 3.66083,-1.1 1.7344 3.76526,-1.1 1.7026 3.87247,-1.1 1.81084 3.68689,-1.1 1.91722 3.65243,-1.1 1.73137 3.76441,-1.1 1.69426 3.8699,-1.1 1.80991 3.68388,-1.1 1.91444 3.64415,-1.1 1.72838 3.7634,-1.1 1.68606 3.86691,-1.1 1.91125 3.63603,-1.1 1.80883 3.68092,-1.1 1.72545 3.76225,-1.1 1.67802 3.86352,-1.1 1.90767 3.62808,-1.1 1.80761 3.67801,-1.1 1.72257 3.76095,-1.1 1.67016 3.85974,-1.1 1.80624 3.67517,-1.1 1.90368 3.62031,-1.1 1.71977 3.75952,-1.1 1.6625 3.85556,-1.1 1.89932 3.61276,-1.1 1.80473 3.67241,-1.1 1.71704 3.75794,-1.1 1.65505 3.85101,-1.1 1.89459 3.60543,-1.1 1.80309 3.66972,-1.1 1.71439 3.75623,-1.1 1.64784 3.8461,-1.1 1.80131 3.66711,-1.1 1.88949 3.59834,-1.1 1.71183 3.75439,-1.1 1.64089 3.84083,-1.1 1.79941 3.6646,-1.1 1.88405 3.59152,-1.1 1.70937 3.75243,-1.1 1.6342 3.83522,-1.1 1.87828 3.58498,-1.1 1.79739 3.66219,-1.1 1.70701 3.75034,-1.1 1.62781 3.82928,-1.1 1.79524 3.65988,-1.1 1.70475 3.74814,-1.1 1.87219 3.57873,-1.1 1.79299 3.65768,-1.1 1.62171 3.82304,-1.1 1.70261 3.74583,-1.1 1.86579 3.5728,-1.1 1.79062 3.65559,-1.1 1.70058 3.74342,-1.1 1.61594 3.8165,-1.1 1.85911 3.56719,-1.1 1.78816 3.65363,-1.1 1.69868 3.7409,-1.1 1.6105 3.80967,-1.1 1.85215 3.56192,-1.1 1.7856 3.65179,-1.1 1.6969 3.7383,-1.1 1.60541 3.80259,-1.1 1.84494 3.557,-1.1 1.78295 3.65008,-1.1 1.69526 3.73561,-1.1 1.60067 3.79526,-1.1 1.8375 3.55245,-1.1 1.78022 3.6485,-1.1 1.69375 3.73284,-1.1 1.59631 3.7877,-1.1 1.82983 3.54828,-1.1 1.77742 3.64706,-1.1 1.69238 3.73,-1.1 1.59233 3.77994,-1.1 1.82197 3.5445,-1.1 1.77455 3.64577,-1.1 1.69116 3.7271,-1.1 1.58874 3.77198,-1.1 1.81393 3.54111,-1.1 1.77161 3.64462,-1.1 1.69008 3.72414,-1.1 1.58555 3.76386,-1.1 1.80573 3.53812,-1.1 1.76863 3.64361,-1.1 1.68915 3.72113,-1.1 1.58277 3.75559,-1.1 1.79739 3.53555,-1.1 1.76559 3.64276,-1.1 1.68838 3.71807,-1.1 1.58041 3.74719,-1.1 1.78894 3.5334,-1.1 1.76252 3.64206,-1.1 1.68775 3.71498,-1.1 1.57847 3.73868,-1.1 1.78038 3.53167,-1.1 1.75942 3.64151,-1.1 1.68728 3.71187,-1.1 1.57695 3.73009,-1.1 1.77176 3.53037,-1.1 1.75629 3.64112,-1.1 1.68697 3.70873,-1.1 1.57587 3.72143,-1.1 1.76307 3.5295,-1.1 1.75315 3.64088,-1.1 1.68681 3.70558,-1.1 1.57521 3.71273,-1.1 1.75436 3.52906,-1.1 1.75 3.6408,-1.1 1.68681 3.70243,-1.1 1.575 3.70401,-1.1 1.74563 3.52906,-1.1 1.74685 3.64088,-1.1 1.68697 3.69929,-1.1 1.57521 3.69529,-1.1 1.73692 3.5295,-1.1 1.7437 3.64112,-1.1 1.68728 3.69615,-1.1 1.57587 3.68658,-1.1 1.72824 3.53037,-1.1 1.74058 3.64151,-1.1 1.68775 3.69303,-1.1 1.57695 3.67793,-1.1 1.71961 3.53167,-1.1 1.73747 3.64206,-1.1 1.68838 3.68994,-1.1 1.57847 3.66933,-1.1 1.71106 3.5334,-1.1 1.7344 3.64276,-1.1 1.68915 3.68689,-1.1 1.58041 3.66083,-1.1 1.7026 3.53555,-1.1 1.73137 3.64361,-1.1 1.69008 3.68388,-1.1 1.58277 3.65243,-1.1 1.69426 3.53812,-1.1 1.72838 3.64462,-1.1 1.69116 3.68092,-1.1 1.58555 3.64415,-1.1 1.68606 3.54111,-1.1 1.72545 3.64577,-1.1 1.58874 3.63603,-1.1 1.69238 3.67801,-1.1 1.67802 3.5445,-1.1 1.72257 3.64706,-1.1 1.59233 3.62808,-1.1 1.69375 3.67517,-1.1 1.67016 3.54828,-1.1 1.71977 3.6485,-1.1 1.59631 3.62031,-1.1 1.69526 3.67241,-1.1 1.6625 3.55245,-1.1 1.71704 3.65008,-1.1 1.60067 3.61276,-1.1 1.6969 3.66972,-1.1 1.65505 3.557,-1.1 1.71439 3.65179,-1.1 1.60541 3.60543,-1.1 1.69868 3.66711,-1.1 1.64784 3.56192,-1.1 1.71183 3.65363,-1.1 1.70058 3.6646,-1.1 1.6105 3.59834,-1.1 1.64089 3.56719,-1.1 1.70937 3.65559,-1.1 1.70261 3.66219,-1.1 1.61594 3.59152,-1.1 1.6342 3.5728,-1.1 1.70701 3.65768,-1.1 1.70475 3.65988,-1.1 1.62171 3.58498,-1.1 1.62781 3.57873]
}}
appearance Appearance{material USE CAP-CERAMIC-06 }}
Shape { geometry IndexedFaceSet 
{ creaseAngle 0.50 coordIndex [0,1,2,-1,3,0,2,-1,3,2,4,-1,5,1,0,-1,5,6,1,-1,7,3,4,-1,7,4,8,-1,9,6,5,-1,9,10,6,-1,11,7,8,-1,11,8,12,-1,13,10,9,-1,13,14,10,-1,15,11,12,-1,15,12,16,-1,17,14,13,-1,17,18,14,-1,19,15,16,-1,19,16,20,-1,21,18,17,-1,21,22,18,-1,23,19,20,-1,23,20,24,-1,25,26,22,-1,25,22,21,-1,27,23,24,-1,27,24,28,-1,29,30,26,-1,29,26,25,-1,31,28,32,-1,31,27,28,-1,33,34,30,-1,33,30,29,-1,35,31,32,-1,35,32,36,-1,37,34,33,-1,37,38,34,-1,39,35,36,-1,39,36,40,-1,41,38,37,-1,41,42,38,-1,43,39,40,-1,43,40,44,-1,45,46,42,-1,45,42,41,-1,47,43,44,-1,47,44,48,-1,49,46,45,-1,49,50,46,-1,51,47,48,-1,51,48,52,-1,53,54,50,-1,53,50,49,-1,55,51,52,-1,55,52,56,-1,57,58,54,-1,57,54,53,-1,59,55,56,-1,59,56,60,-1,61,58,57,-1,61,62,58,-1,63,59,60,-1,63,60,64,-1,65,62,61,-1,65,66,62,-1,67,63,64,-1,67,64,68,-1,69,66,65,-1,69,70,66,-1,71,67,68,-1,71,68,72,-1,73,74,70,-1,73,70,69,-1,75,71,72,-1,75,72,76,-1,77,78,74,-1,77,74,73,-1,79,75,76,-1,79,76,80,-1,81,78,77,-1,81,82,78,-1,83,79,80,-1,83,80,84,-1,85,82,81,-1,85,86,82,-1,87,84,88,-1,87,83,84,-1,89,86,85,-1,89,90,86,-1,91,88,92,-1,91,87,88,-1,93,94,90,-1,93,90,89,-1,95,92,96,-1,95,91,92,-1,97,98,94,-1,97,94,93,-1,99,96,100,-1,99,95,96,-1,101,98,97,-1,101,102,98,-1,103,100,104,-1,103,99,100,-1,105,106,102,-1,105,102,101,-1,107,104,108,-1,107,103,104,-1,109,110,106,-1,109,106,105,-1,111,108,112,-1,111,107,108,-1,113,110,109,-1,113,114,110,-1,115,112,116,-1,115,111,112,-1,117,114,113,-1,117,118,114,-1,119,116,120,-1,119,115,116,-1,121,122,118,-1,121,118,117,-1,123,119,120,-1,124,123,120,-1,125,122,121,-1,126,123,124,-1,127,122,125,-1,128,127,125,-1,129,126,124,-1,129,130,126,-1,131,127,128,-1,131,128,132,-1,133,134,130,-1,133,130,129,-1,135,131,132,-1,135,132,136,-1,137,138,134,-1,137,134,133,-1,139,136,140,-1,139,135,136,-1,141,142,138,-1,141,138,137,-1,143,140,144,-1,143,139,140,-1,145,146,142,-1,145,142,141,-1,147,144,148,-1,147,143,144,-1,149,150,146,-1,149,146,145,-1,151,148,152,-1,151,147,148,-1,153,154,150,-1,153,150,149,-1,155,151,152,-1,155,152,156,-1,157,158,154,-1,157,154,153,-1,159,155,156,-1,159,156,160,-1,161,162,158,-1,161,158,157,-1,163,160,164,-1,163,159,160,-1,165,166,162,-1,165,162,161,-1,167,164,168,-1,167,163,164,-1,169,170,166,-1,169,166,165,-1,171,168,172,-1,171,167,168,-1,173,174,170,-1,173,170,169,-1,175,171,172,-1,175,172,176,-1,177,178,174,-1,177,174,173,-1,179,176,180,-1,179,175,176,-1,181,182,178,-1,181,178,177,-1,183,180,184,-1,183,179,180,-1,185,186,182,-1,185,182,181,-1,187,184,188,-1,187,183,184,-1,189,190,186,-1,189,186,185,-1,191,188,192,-1,191,187,188,-1,193,194,190,-1,193,190,189,-1,195,192,196,-1,195,191,192,-1,197,198,194,-1,197,194,193,-1,199,195,196,-1,199,196,200,-1,201,202,198,-1,201,198,197,-1,203,199,200,-1,203,200,204,-1,205,206,202,-1,205,202,201,-1,207,203,204,-1,207,204,208,-1,209,210,206,-1,209,206,205,-1,211,207,208,-1,211,208,212,-1,213,214,210,-1,213,210,209,-1,215,211,212,-1,215,212,216,-1,217,218,214,-1,217,214,213,-1,219,215,216,-1,219,216,220,-1,221,218,217,-1,221,222,218,-1,223,219,220,-1,223,220,224,-1,225,222,221,-1,225,226,222,-1,227,223,224,-1,227,224,228,-1,229,226,225,-1,229,230,226,-1,231,227,228,-1,231,228,232,-1,233,230,229,-1,233,234,230,-1,235,231,232,-1,235,232,236,-1,237,234,233,-1,237,238,234,-1,239,235,236,-1,239,236,240,-1,241,242,238,-1,241,238,237,-1,243,240,244,-1,243,239,240,-1,245,246,242,-1,245,242,241,-1,247,244,248,-1,247,243,244,-1,249,250,246,-1,249,246,245,-1,251,248,250,-1,251,247,248,-1,251,250,249,-1]
coord Coordinate { point [10.711 1.79524 3.74814,10.711 1.87828 3.82304,10.711 1.87219 3.82928,10.711 1.79299 3.75034,10.711 1.86579 3.83522,10.711 1.79739 3.74583,10.711 1.88405 3.8165,10.711 1.79062 3.75243,10.711 1.85911 3.84083,10.711 1.79941 3.74342,10.711 1.88949 3.80967,10.711 1.78816 3.75439,10.711 1.85215 3.8461,10.711 1.80131 3.7409,10.711 1.89459 3.80259,10.711 1.7856 3.75623,10.711 1.84494 3.85101,10.711 1.80309 3.7383,10.711 1.89932 3.79526,10.711 1.78295 3.75794,10.711 1.8375 3.85556,10.711 1.80473 3.73561,10.711 1.90368 3.7877,10.711 1.78022 3.75952,10.711 1.82983 3.85974,10.711 1.80624 3.73284,10.711 1.90767 3.77994,10.711 1.77742 3.76095,10.711 1.82197 3.86352,10.711 1.80761 3.73,10.711 1.91125 3.77198,10.711 1.77455 3.76225,10.711 1.81393 3.86691,10.711 1.80883 3.7271,10.711 1.91444 3.76386,10.711 1.77161 3.7634,10.711 1.80573 3.8699,10.711 1.80991 3.72414,10.711 1.91722 3.75559,10.711 1.76863 3.76441,10.711 1.79739 3.87247,10.711 1.81084 3.72113,10.711 1.91958 3.74719,10.711 1.76559 3.76526,10.711 1.78894 3.87462,10.711 1.81162 3.71807,10.711 1.92153 3.73868,10.711 1.76252 3.76596,10.711 1.78038 3.87635,10.711 1.81224 3.71498,10.711 1.92304 3.73009,10.711 1.75942 3.76651,10.711 1.77176 3.87765,10.711 1.81271 3.71187,10.711 1.92413 3.72143,10.711 1.75629 3.7669,10.711 1.76307 3.87852,10.711 1.81302 3.70873,10.711 1.92478 3.71273,10.711 1.75315 3.76713,10.711 1.75436 3.87895,10.711 1.81318 3.70558,10.711 1.925 3.70401,10.711 1.75 3.76721,10.711 1.74563 3.87895,10.711 1.81318 3.70243,10.711 1.92478 3.69529,10.711 1.74685 3.76713,10.711 1.73692 3.87852,10.711 1.81302 3.69929,10.711 1.92413 3.68658,10.711 1.7437 3.7669,10.711 1.72824 3.87765,10.711 1.81271 3.69615,10.711 1.92304 3.67793,10.711 1.74058 3.76651,10.711 1.71961 3.87635,10.711 1.81224 3.69303,10.711 1.92153 3.66933,10.711 1.73747 3.76596,10.711 1.71106 3.87462,10.711 1.81162 3.68994,10.711 1.91958 3.66083,10.711 1.7344 3.76526,10.711 1.7026 3.87247,10.711 1.81084 3.68689,10.711 1.91722 3.65243,10.711 1.73137 3.76441,10.711 1.69426 3.8699,10.711 1.80991 3.68388,10.711 1.91444 3.64415,10.711 1.72838 3.7634,10.711 1.68606 3.86691,10.711 1.80883 3.68092,10.711 1.91125 3.63603,10.711 1.72545 3.76225,10.711 1.67802 3.86352,10.711 1.80761 3.67801,10.711 1.90767 3.62808,10.711 1.72257 3.76095,10.711 1.67016 3.85974,10.711 1.80624 3.67517,10.711 1.90368 3.62031,10.711 1.71977 3.75952,10.711 1.6625 3.85556,10.711 1.80473 3.67241,10.711 1.89932 3.61276,10.711 1.71704 3.75794,10.711 1.65505 3.85101,10.711 1.80309 3.66972,10.711 1.89459 3.60543,10.711 1.71439 3.75623,10.711 1.64784 3.8461,10.711 1.80131 3.66711,10.711 1.88949 3.59834,10.711 1.71183 3.75439,10.711 1.64089 3.84083,10.711 1.79941 3.6646,10.711 1.88405 3.59152,10.711 1.70937 3.75243,10.711 1.6342 3.83522,10.711 1.79739 3.66219,10.711 1.87828 3.58498,10.711 1.70701 3.75034,10.711 1.62781 3.82928,10.711 1.79524 3.65988,10.711 1.70475 3.74814,10.711 1.87219 3.57873,10.711 1.79299 3.65768,10.711 1.62171 3.82304,10.711 1.70261 3.74583,10.711 1.86579 3.5728,10.711 1.79062 3.65559,10.711 1.61594 3.8165,10.711 1.70058 3.74342,10.711 1.85911 3.56719,10.711 1.78816 3.65363,10.711 1.6105 3.80967,10.711 1.69868 3.7409,10.711 1.85215 3.56192,10.711 1.7856 3.65179,10.711 1.60541 3.80259,10.711 1.6969 3.7383,10.711 1.84494 3.557,10.711 1.78295 3.65008,10.711 1.60067 3.79526,10.711 1.69526 3.73561,10.711 1.8375 3.55245,10.711 1.78022 3.6485,10.711 1.59631 3.7877,10.711 1.69375 3.73284,10.711 1.82983 3.54828,10.711 1.77742 3.64706,10.711 1.59233 3.77994,10.711 1.69238 3.73,10.711 1.82197 3.5445,10.711 1.77455 3.64577,10.711 1.58874 3.77198,10.711 1.69116 3.7271,10.711 1.81393 3.54111,10.711 1.77161 3.64462,10.711 1.58555 3.76386,10.711 1.69008 3.72414,10.711 1.80573 3.53812,10.711 1.76863 3.64361,10.711 1.58277 3.75559,10.711 1.68915 3.72113,10.711 1.79739 3.53555,10.711 1.76559 3.64276,10.711 1.58041 3.74719,10.711 1.68838 3.71807,10.711 1.78894 3.5334,10.711 1.76252 3.64206,10.711 1.57847 3.73868,10.711 1.68775 3.71498,10.711 1.78038 3.53167,10.711 1.75942 3.64151,10.711 1.57695 3.73009,10.711 1.68728 3.71187,10.711 1.77176 3.53037,10.711 1.75629 3.64112,10.711 1.57587 3.72143,10.711 1.68697 3.70873,10.711 1.76307 3.5295,10.711 1.75315 3.64088,10.711 1.57521 3.71273,10.711 1.68681 3.70558,10.711 1.75436 3.52906,10.711 1.75 3.6408,10.711 1.575 3.70401,10.711 1.68681 3.70243,10.711 1.74563 3.52906,10.711 1.74685 3.64088,10.711 1.57521 3.69529,10.711 1.68697 3.69929,10.711 1.73692 3.5295,10.711 1.7437 3.64112,10.711 1.57587 3.68658,10.711 1.68728 3.69615,10.711 1.72824 3.53037,10.711 1.74058 3.64151,10.711 1.57695 3.67793,10.711 1.68775 3.69303,10.711 1.71961 3.53167,10.711 1.73747 3.64206,10.711 1.57847 3.66933,10.711 1.68838 3.68994,10.711 1.71106 3.5334,10.711 1.7344 3.64276,10.711 1.58041 3.66083,10.711 1.68915 3.68689,10.711 1.7026 3.53555,10.711 1.73137 3.64361,10.711 1.58277 3.65243,10.711 1.69008 3.68388,10.711 1.69426 3.53812,10.711 1.72838 3.64462,10.711 1.58555 3.64415,10.711 1.69116 3.68092,10.711 1.68606 3.54111,10.711 1.72545 3.64577,10.711 1.58874 3.63603,10.711 1.69238 3.67801,10.711 1.67802 3.5445,10.711 1.72257 3.64706,10.711 1.59233 3.62808,10.711 1.69375 3.67517,10.711 1.67016 3.54828,10.711 1.71977 3.6485,10.711 1.59631 3.62031,10.711 1.69526 3.67241,10.711 1.6625 3.55245,10.711 1.71704 3.65008,10.711 1.60067 3.61276,10.711 1.6969 3.66972,10.711 1.65505 3.557,10.711 1.71439 3.65179,10.711 1.60541 3.60543,10.711 1.69868 3.66711,10.711 1.64784 3.56192,10.711 1.71183 3.65363,10.711 1.6105 3.59834,10.711 1.70058 3.6646,10.711 1.64089 3.56719,10.711 1.70937 3.65559,10.711 1.61594 3.59152,10.711 1.70261 3.66219,10.711 1.6342 3.5728,10.711 1.70701 3.65768,10.711 1.62171 3.58498,10.711 1.70475 3.65988,10.711 1.62781 3.57873]
}}
appearance Appearance{material USE CAP-CERAMIC-06 }}
Shape { geometry IndexedFaceSet 
{ creaseAngle 0.50 coordIndex [0,1,2,-1,2,1,3,-1,3,1,4,-1,1,5,6,-1,7,8,9,-1,9,8,10,-1,10,8,11,-1,12,13,14,-1,12,15,13,-1,5,15,12,-1,13,15,16,-1,17,18,19,-1,19,18,20,-1,20,18,21,-1,21,18,22,-1,22,18,23,-1,23,18,24,-1,24,18,25,-1,25,18,26,-1,26,18,27,-1,27,18,28,-1,28,18,29,-1,29,18,30,-1,31,18,32,-1,32,18,33,-1,33,18,34,-1,35,18,36,-1,36,18,37,-1,38,18,39,-1,39,18,40,-1,40,18,41,-1,41,18,8,-1,11,18,42,-1,42,18,43,-1,43,18,44,-1,44,18,45,-1,45,18,46,-1,46,18,47,-1,47,18,48,-1,48,18,49,-1,49,18,50,-1,50,18,51,-1,51,18,52,-1,52,18,53,-1,53,18,54,-1,54,18,55,-1,55,18,56,-1,56,18,57,-1,57,18,58,-1,58,18,59,-1,59,18,60,-1,60,18,61,-1,62,18,63,-1,63,18,64,-1,64,18,65,-1,65,18,66,-1,66,18,67,-1,67,18,68,-1,68,18,69,-1,69,18,70,-1,70,18,71,-1,71,18,72,-1,72,18,73,-1,73,18,74,-1,74,18,75,-1,75,18,76,-1,76,18,77,-1,77,18,78,-1,78,18,79,-1,79,18,80,-1,80,18,81,-1,81,18,82,-1,82,18,83,-1,83,18,84,-1,84,18,85,-1,85,18,86,-1,86,18,87,-1,87,18,88,-1,88,18,89,-1,89,18,90,-1,90,18,91,-1,91,18,92,-1,92,18,93,-1,93,18,94,-1,94,18,95,-1,95,18,96,-1,96,18,97,-1,97,18,98,-1,98,18,99,-1,99,18,100,-1,100,18,101,-1,101,18,102,-1,102,18,103,-1,103,18,104,-1,104,18,105,-1,30,31,106,-1,105,18,107,-1,107,18,108,-1,108,18,109,-1,109,18,110,-1,110,18,17,-1,111,18,112,-1,112,18,35,-1,30,18,31,-1,61,18,62,-1,8,18,11,-1,34,18,113,-1,113,18,111,-1,37,18,0,-1,1,18,5,-1,0,18,1,-1,5,18,15,-1,114,61,62,-1,34,113,115,-1,113,116,117,-1,116,111,118,-1,113,111,116,-1,111,112,119,-1,119,112,120,-1,120,112,121,-1,112,35,122,-1,122,35,123,-1,37,0,124,-1,124,0,125,-1]
coord Coordinate { point [-1.1 1.31224 3.71498,-1.1 1.30883 3.7271,-1.1 1.31162 3.71807,-1.1 1.31084 3.72113,-1.1 1.30991 3.72414,-1.1 1.30624 3.73284,-1.1 1.30761 3.73,-1.1 1.28023 3.75952,-1.1 1.28295 3.75794,-1.1 1.27742 3.76095,-1.1 1.27455 3.76225,-1.1 1.27161 3.7634,-1.1 1.30473 3.73561,-1.1 1.30132 3.7409,-1.1 1.30309 3.7383,-1.1 1.29739 3.74583,-1.1 1.29941 3.74342,-1.1 1.25 3.6408,-1.1 1.29524 3.74814,-1.1 1.25315 3.64088,-1.1 1.25629 3.64112,-1.1 1.25942 3.64151,-1.1 1.26252 3.64206,-1.1 1.26559 3.64276,-1.1 1.26863 3.64361,-1.1 1.27161 3.64462,-1.1 1.27455 3.64577,-1.1 1.27742 3.64706,-1.1 1.28023 3.6485,-1.1 1.28295 3.65008,-1.1 1.2856 3.65179,-1.1 1.29062 3.65559,-1.1 1.29299 3.65768,-1.1 1.29524 3.65988,-1.1 1.29739 3.66219,-1.1 1.31303 3.69929,-1.1 1.31318 3.70243,-1.1 1.31318 3.70558,-1.1 1.29299 3.75034,-1.1 1.29062 3.75243,-1.1 1.28816 3.75439,-1.1 1.2856 3.75623,-1.1 1.26863 3.76441,-1.1 1.26559 3.76526,-1.1 1.26252 3.76596,-1.1 1.25942 3.76651,-1.1 1.25629 3.7669,-1.1 1.25315 3.76713,-1.1 1.25 3.76721,-1.1 1.24685 3.76713,-1.1 1.2437 3.7669,-1.1 1.24058 3.76651,-1.1 1.23747 3.76596,-1.1 1.2344 3.76526,-1.1 1.23137 3.76441,-1.1 1.22838 3.7634,-1.1 1.22545 3.76225,-1.1 1.22257 3.76095,-1.1 1.21977 3.75952,-1.1 1.21704 3.75794,-1.1 1.21439 3.75623,-1.1 1.21183 3.75439,-1.1 1.20701 3.75034,-1.1 1.20475 3.74814,-1.1 1.20261 3.74583,-1.1 1.20058 3.74342,-1.1 1.19868 3.7409,-1.1 1.1969 3.7383,-1.1 1.19526 3.73561,-1.1 1.19375 3.73284,-1.1 1.19239 3.73,-1.1 1.19116 3.7271,-1.1 1.19008 3.72414,-1.1 1.18915 3.72113,-1.1 1.18838 3.71807,-1.1 1.18775 3.71498,-1.1 1.18728 3.71187,-1.1 1.18697 3.70873,-1.1 1.18681 3.70558,-1.1 1.18681 3.70243,-1.1 1.18697 3.69929,-1.1 1.18728 3.69615,-1.1 1.18775 3.69303,-1.1 1.18838 3.68994,-1.1 1.18915 3.68689,-1.1 1.19008 3.68388,-1.1 1.19116 3.68092,-1.1 1.19239 3.67801,-1.1 1.19375 3.67517,-1.1 1.19526 3.67241,-1.1 1.1969 3.66972,-1.1 1.19868 3.66711,-1.1 1.20058 3.6646,-1.1 1.20261 3.66219,-1.1 1.20475 3.65988,-1.1 1.20701 3.65768,-1.1 1.20937 3.65559,-1.1 1.21183 3.65363,-1.1 1.21439 3.65179,-1.1 1.21704 3.65008,-1.1 1.21977 3.6485,-1.1 1.22257 3.64706,-1.1 1.22545 3.64577,-1.1 1.22838 3.64462,-1.1 1.23137 3.64361,-1.1 1.2344 3.64276,-1.1 1.28816 3.65363,-1.1 1.23747 3.64206,-1.1 1.24058 3.64151,-1.1 1.2437 3.64112,-1.1 1.24685 3.64088,-1.1 1.30761 3.67801,-1.1 1.31162 3.68994,-1.1 1.30132 3.66711,-1.1 1.20937 3.75243,-1.1 1.29941 3.6646,-1.1 1.30473 3.67241,-1.1 1.30309 3.66972,-1.1 1.30624 3.67517,-1.1 1.30883 3.68092,-1.1 1.30991 3.68388,-1.1 1.31084 3.68689,-1.1 1.31224 3.69303,-1.1 1.31271 3.69615,-1.1 1.31303 3.70873,-1.1 1.31271 3.71187]
}}
appearance Appearance{material USE MET-COPPER }}
Shape { geometry IndexedFaceSet 
{ creaseAngle 0.50 coordIndex [0,1,2,-1,0,2,3,-1,0,3,4,-1,5,0,6,-1,7,8,9,-1,7,9,10,-1,7,10,11,-1,12,13,14,-1,15,13,12,-1,15,5,13,-1,15,12,16,-1,17,18,19,-1,17,19,20,-1,17,20,21,-1,17,21,22,-1,17,22,23,-1,17,23,24,-1,17,24,25,-1,17,25,26,-1,17,26,27,-1,17,27,28,-1,17,28,29,-1,17,29,30,-1,17,31,32,-1,17,32,33,-1,17,33,34,-1,17,35,36,-1,17,36,37,-1,17,38,39,-1,17,39,40,-1,17,40,41,-1,17,41,7,-1,17,11,42,-1,17,42,43,-1,17,43,44,-1,17,44,45,-1,17,45,46,-1,17,46,47,-1,17,47,48,-1,17,48,49,-1,17,49,50,-1,17,50,51,-1,17,51,52,-1,17,52,53,-1,17,53,54,-1,17,54,55,-1,17,55,56,-1,17,56,57,-1,17,57,58,-1,17,58,59,-1,17,59,60,-1,17,60,61,-1,17,62,63,-1,17,63,64,-1,17,64,65,-1,17,65,66,-1,17,66,67,-1,17,67,68,-1,17,68,69,-1,17,69,70,-1,17,70,71,-1,17,71,72,-1,17,72,73,-1,17,73,74,-1,17,74,75,-1,17,75,76,-1,17,76,77,-1,17,77,78,-1,17,78,79,-1,17,79,80,-1,17,80,81,-1,17,81,82,-1,17,82,83,-1,17,83,84,-1,17,84,85,-1,17,85,86,-1,17,86,87,-1,17,87,88,-1,17,88,89,-1,17,89,90,-1,17,90,91,-1,17,91,92,-1,17,92,93,-1,17,93,94,-1,17,94,95,-1,17,95,96,-1,17,96,97,-1,17,97,98,-1,17,98,99,-1,17,99,100,-1,17,100,101,-1,17,101,102,-1,17,102,103,-1,17,103,104,-1,17,104,105,-1,31,30,106,-1,17,105,107,-1,17,107,108,-1,17,108,109,-1,17,109,110,-1,17,110,18,-1,17,111,112,-1,17,112,35,-1,17,30,31,-1,17,61,62,-1,17,7,11,-1,17,34,113,-1,17,113,111,-1,17,37,1,-1,17,0,5,-1,17,1,0,-1,17,5,15,-1,61,114,62,-1,113,34,115,-1,116,113,117,-1,111,116,118,-1,111,113,116,-1,112,111,119,-1,112,119,120,-1,112,120,121,-1,35,112,122,-1,35,122,123,-1,1,37,124,-1,1,124,125,-1]
coord Coordinate { point [10.711 1.30883 3.7271,10.711 1.31224 3.71498,10.711 1.31162 3.71807,10.711 1.31084 3.72113,10.711 1.30991 3.72414,10.711 1.30624 3.73284,10.711 1.30761 3.73,10.711 1.28295 3.75794,10.711 1.28023 3.75952,10.711 1.27742 3.76095,10.711 1.27455 3.76225,10.711 1.27161 3.7634,10.711 1.30132 3.7409,10.711 1.30473 3.73561,10.711 1.30309 3.7383,10.711 1.29739 3.74583,10.711 1.29941 3.74342,10.711 1.29524 3.74814,10.711 1.25 3.6408,10.711 1.25315 3.64088,10.711 1.25629 3.64112,10.711 1.25942 3.64151,10.711 1.26252 3.64206,10.711 1.26559 3.64276,10.711 1.26863 3.64361,10.711 1.27161 3.64462,10.711 1.27455 3.64577,10.711 1.27742 3.64706,10.711 1.28023 3.6485,10.711 1.28295 3.65008,10.711 1.2856 3.65179,10.711 1.29062 3.65559,10.711 1.29299 3.65768,10.711 1.29524 3.65988,10.711 1.29739 3.66219,10.711 1.31303 3.69929,10.711 1.31318 3.70243,10.711 1.31318 3.70558,10.711 1.29299 3.75034,10.711 1.29062 3.75243,10.711 1.28816 3.75439,10.711 1.2856 3.75623,10.711 1.26863 3.76441,10.711 1.26559 3.76526,10.711 1.26252 3.76596,10.711 1.25942 3.76651,10.711 1.25629 3.7669,10.711 1.25315 3.76713,10.711 1.25 3.76721,10.711 1.24685 3.76713,10.711 1.2437 3.7669,10.711 1.24058 3.76651,10.711 1.23747 3.76596,10.711 1.2344 3.76526,10.711 1.23137 3.76441,10.711 1.22838 3.7634,10.711 1.22545 3.76225,10.711 1.22257 3.76095,10.711 1.21977 3.75952,10.711 1.21704 3.75794,10.711 1.21439 3.75623,10.711 1.21183 3.75439,10.711 1.20701 3.75034,10.711 1.20475 3.74814,10.711 1.20261 3.74583,10.711 1.20058 3.74342,10.711 1.19868 3.7409,10.711 1.1969 3.7383,10.711 1.19526 3.73561,10.711 1.19375 3.73284,10.711 1.19239 3.73,10.711 1.19116 3.7271,10.711 1.19008 3.72414,10.711 1.18915 3.72113,10.711 1.18838 3.71807,10.711 1.18775 3.71498,10.711 1.18728 3.71187,10.711 1.18697 3.70873,10.711 1.18681 3.70558,10.711 1.18681 3.70243,10.711 1.18697 3.69929,10.711 1.18728 3.69615,10.711 1.18775 3.69303,10.711 1.18838 3.68994,10.711 1.18915 3.68689,10.711 1.19008 3.68388,10.711 1.19116 3.68092,10.711 1.19239 3.67801,10.711 1.19375 3.67517,10.711 1.19526 3.67241,10.711 1.1969 3.66972,10.711 1.19868 3.66711,10.711 1.20058 3.6646,10.711 1.20261 3.66219,10.711 1.20475 3.65988,10.711 1.20701 3.65768,10.711 1.20937 3.65559,10.711 1.21183 3.65363,10.711 1.21439 3.65179,10.711 1.21704 3.65008,10.711 1.21977 3.6485,10.711 1.22257 3.64706,10.711 1.22545 3.64577,10.711 1.22838 3.64462,10.711 1.23137 3.64361,10.711 1.2344 3.64276,10.711 1.28816 3.65363,10.711 1.23747 3.64206,10.711 1.24058 3.64151,10.711 1.2437 3.64112,10.711 1.24685 3.64088,10.711 1.30761 3.67801,10.711 1.31162 3.68994,10.711 1.30132 3.66711,10.711 1.20937 3.75243,10.711 1.29941 3.6646,10.711 1.30473 3.67241,10.711 1.30309 3.66972,10.711 1.30624 3.67517,10.711 1.30883 3.68092,10.711 1.30991 3.68388,10.711 1.31084 3.68689,10.711 1.31224 3.69303,10.711 1.31271 3.69615,10.711 1.31303 3.70873,10.711 1.31271 3.71187]
}}
appearance Appearance{material USE MET-COPPER }}
Shape { geometry IndexedFaceSet 
{ creaseAngle 0.50 coordIndex [0,1,2,-1,1,3,2,-1,1,4,3,-1,4,5,3,-1,6,7,8,-1,9,10,5,-1,6,11,7,-1,11,12,7,-1,13,14,10,-1,11,15,12,-1,16,17,14,-1,15,18,19,-1,20,21,17,-1,18,22,23,-1,22,24,25,-1,20,26,21,-1,26,27,21,-1,24,27,26,-1,21,27,28,-1,28,29,30,-1,27,29,28,-1,29,31,30,-1,30,32,33,-1,31,32,30,-1,33,34,35,-1,32,34,33,-1,35,36,37,-1,34,36,35,-1,37,38,39,-1,39,38,40,-1,36,38,37,-1,38,41,40,-1,40,42,43,-1,41,42,40,-1,42,44,43,-1,43,44,45,-1,44,46,45,-1,45,46,47,-1,46,48,47,-1,47,48,49,-1,49,48,50,-1,48,51,50,-1,51,52,50,-1,50,52,53,-1,53,52,54,-1,52,55,54,-1,55,56,54,-1,54,56,57,-1,57,56,58,-1,56,59,58,-1,58,59,60,-1,59,61,60,-1,61,62,60,-1,60,62,63,-1,63,62,64,-1,62,65,64,-1,65,66,64,-1,64,66,67,-1,66,68,67,-1,67,68,69,-1,68,70,69,-1,69,70,71,-1,71,70,72,-1,70,73,72,-1,73,74,72,-1,72,74,75,-1,74,76,75,-1,75,76,77,-1,76,78,77,-1,77,78,79,-1,78,80,79,-1,79,80,81,-1,82,83,84,-1,80,83,81,-1,81,83,82,-1,84,85,86,-1,83,85,84,-1,85,87,86,-1,86,88,89,-1,87,88,86,-1,89,90,91,-1,88,90,89,-1,90,92,91,-1,91,92,93,-1,92,94,93,-1,93,94,95,-1,95,96,97,-1,94,96,95,-1,97,98,99,-1,99,98,100,-1,96,98,97,-1,98,101,100,-1,100,102,103,-1,101,102,100,-1,103,104,105,-1,105,104,106,-1,102,104,103,-1,104,107,106,-1,106,108,109,-1,107,108,106,-1,109,110,111,-1,111,110,112,-1,108,110,109,-1,110,113,112,-1,112,114,115,-1,113,114,112,-1,115,116,117,-1,117,116,118,-1,114,116,115,-1,116,119,118,-1,118,120,121,-1,119,120,118,-1,121,122,123,-1,120,122,121,-1,123,124,125,-1,125,124,126,-1,122,124,123,-1,127,128,129,-1,124,130,126,-1,131,132,128,-1,126,133,129,-1,130,133,126,-1,129,134,127,-1,133,134,129,-1,135,136,132,-1,133,137,134,-1,138,139,136,-1,137,140,141,-1,142,143,139,-1,140,144,145,-1,142,146,143,-1,146,147,143,-1,144,148,149,-1,146,150,147,-1,150,151,147,-1,151,152,147,-1,148,153,154,-1,153,155,154,-1,151,156,152,-1,156,157,152,-1,155,158,159,-1,153,158,155,-1,158,160,159,-1,161,162,157,-1,158,163,160,-1,163,164,160,-1,165,166,162,-1,163,167,164,-1,168,169,166,-1,167,170,171,-1,172,173,169,-1,170,174,175,-1,174,176,177,-1,172,178,173,-1,178,179,173,-1,176,179,178,-1,173,180,181,-1,179,180,173,-1,181,182,183,-1,180,182,181,-1,183,184,185,-1,182,184,183,-1,184,186,185,-1,185,186,187,-1,186,188,187,-1,187,188,189,-1,189,188,190,-1,188,191,190,-1,191,192,190,-1,190,192,193,-1,192,194,193,-1,193,194,195,-1,195,194,196,-1,194,197,196,-1,197,198,196,-1,196,198,199,-1,198,200,199,-1,199,200,201,-1,201,200,202,-1,200,203,202,-1,203,204,202,-1,202,204,205,-1,204,206,205,-1,205,206,207,-1,207,206,208,-1,206,209,208,-1,209,210,208,-1,208,210,211,-1,211,210,212,-1,210,213,212,-1,212,214,215,-1,213,214,212,-1,215,216,217,-1,214,216,215,-1,217,218,219,-1,216,218,217,-1,219,220,221,-1,218,220,219,-1,221,222,223,-1,223,222,224,-1,220,222,221,-1,222,225,224,-1,224,226,227,-1,225,226,224,-1,227,228,229,-1,226,228,227,-1,229,230,231,-1,231,230,232,-1,228,230,229,-1,230,233,232,-1,232,234,235,-1,235,234,236,-1,233,234,232,-1,234,237,236,-1,237,238,236,-1,236,238,239,-1,238,240,239,-1,239,240,241,-1,241,240,242,-1,240,243,242,-1,242,243,244,-1,243,245,244,-1,245,246,244,-1,244,246,247,-1,246,248,247,-1,247,248,249,-1,248,250,249,-1,249,250,251,-1,250,252,251,-1,251,252,253,-1,252,254,253,-1,253,254,255,-1,254,256,255,-1,255,256,257,-1,257,256,258,-1,256,259,258,-1,259,260,258,-1,258,260,261,-1,260,262,261,-1,261,262,263,-1,263,262,264,-1,262,265,264,-1,264,265,266,-1,265,267,266,-1,267,268,266,-1,266,268,269,-1,269,268,270,-1,268,271,270,-1,271,272,270,-1,270,272,273,-1,272,274,273,-1,273,274,275,-1,275,274,276,-1,274,277,276,-1,278,279,280,-1,277,281,276,-1,276,281,282,-1,283,284,279,-1,282,285,280,-1,281,285,282,-1,280,285,278,-1,285,286,278,-1,287,288,284,-1,285,289,286,-1,290,291,288,-1,289,292,293,-1,294,295,291,-1,292,296,297,-1,294,298,295,-1,298,2,295,-1,296,299,300,-1,298,0,2,-1,299,301,302,-1,301,303,302,-1,301,6,303,-1,303,6,8,-1,178,177,176,-1,177,175,174,-1,175,171,170,-1,171,164,167,-1,154,149,148,-1,149,145,144,-1,145,141,140,-1,141,134,137,-1,168,172,169,-1,165,168,166,-1,161,165,162,-1,156,161,157,-1,138,142,139,-1,135,138,136,-1,131,135,132,-1,127,131,128,-1,26,25,24,-1,25,23,22,-1,23,19,18,-1,19,12,15,-1,16,20,17,-1,13,16,14,-1,9,13,10,-1,4,9,5,-1,290,294,291,-1,287,290,288,-1,283,287,284,-1,278,283,279,-1,302,300,299,-1,300,297,296,-1,297,293,292,-1,293,286,289,-1]
coord Coordinate { point [10.611 0.924998 3.70401,10.611 0.924794 3.71246,10.711 0.924998 3.70401,10.711 0.924781 3.71273,10.611 0.924183 3.72088,10.711 0.924129 3.72143,-1.1 0.924998 3.70401,-0.999998 0.924794 3.71246,-0.999998 0.924998 3.70401,10.611 0.923165 3.72927,10.711 0.923044 3.73009,-1.1 0.924781 3.71273,-0.999998 0.924183 3.72088,10.611 0.921743 3.7376,10.711 0.921528 3.73868,-1.1 0.924129 3.72143,10.611 0.919921 3.74585,10.711 0.919587 3.74719,-1.1 0.923044 3.73009,-0.999998 0.923165 3.72927,10.611 0.917703 3.75401,10.711 0.917223 3.75559,-1.1 0.921528 3.73868,-0.999998 0.921743 3.7376,-1.1 0.919587 3.74719,-0.999998 0.919921 3.74585,-0.999998 0.917703 3.75401,-1.1 0.917223 3.75559,10.711 0.914444 3.76386,-1.1 0.914444 3.76386,10.711 0.911257 3.77198,-1.1 0.911257 3.77198,-1.1 0.907668 3.77994,10.711 0.907668 3.77994,-1.1 0.903687 3.7877,10.711 0.903687 3.7877,-1.1 0.899324 3.79526,10.711 0.899324 3.79526,-1.1 0.89459 3.80259,10.711 0.89459 3.80259,10.711 0.889496 3.80967,-1.1 0.889496 3.80967,-1.1 0.884056 3.8165,10.711 0.884056 3.8165,-1.1 0.878282 3.82304,10.711 0.878282 3.82304,-1.1 0.87219 3.82928,10.711 0.87219 3.82928,-1.1 0.865793 3.83522,10.711 0.865793 3.83522,10.711 0.859109 3.84083,-1.1 0.859109 3.84083,-1.1 0.852153 3.8461,10.711 0.852153 3.8461,10.711 0.844944 3.85101,-1.1 0.844944 3.85101,-1.1 0.837498 3.85556,10.711 0.837498 3.85556,10.711 0.829835 3.85974,-1.1 0.829835 3.85974,10.711 0.821974 3.86352,-1.1 0.821974 3.86352,-1.1 0.813933 3.86691,10.711 0.813933 3.86691,10.711 0.805734 3.8699,-1.1 0.805734 3.8699,-1.1 0.797395 3.87247,10.711 0.797395 3.87247,-1.1 0.78894 3.87462,10.711 0.78894 3.87462,-1.1 0.780387 3.87635,10.711 0.780387 3.87635,10.711 0.771759 3.87765,-1.1 0.771759 3.87765,-1.1 0.763076 3.87852,10.711 0.763076 3.87852,-1.1 0.754361 3.87895,10.711 0.754361 3.87895,-1.1 0.745636 3.87895,10.711 0.745636 3.87895,-1.1 0.736921 3.87852,10.711 0.736921 3.87852,10.711 0.728238 3.87765,-1.1 0.728238 3.87765,10.711 0.71961 3.87635,-1.1 0.71961 3.87635,10.711 0.711057 3.87462,-1.1 0.711057 3.87462,-1.1 0.702602 3.87247,10.711 0.702602 3.87247,-1.1 0.694263 3.8699,10.711 0.694263 3.8699,-1.1 0.686064 3.86691,10.711 0.686064 3.86691,-1.1 0.678023 3.86352,10.711 0.678023 3.86352,-1.1 0.670162 3.85974,10.711 0.670162 3.85974,-1.1 0.662499 3.85556,10.711 0.662499 3.85556,10.711 0.655053 3.85101,-1.1 0.655053 3.85101,-1.1 0.647844 3.8461,10.711 0.647844 3.8461,-1.1 0.640888 3.84083,10.711 0.640888 3.84083,10.711 0.634204 3.83522,-1.1 0.634204 3.83522,-1.1 0.627807 3.82928,10.711 0.627807 3.82928,-1.1 0.621715 3.82304,10.711 0.621715 3.82304,10.711 0.615941 3.8165,-1.1 0.615941 3.8165,-1.1 0.610501 3.80967,10.711 0.610501 3.80967,-1.1 0.605407 3.80259,10.711 0.605407 3.80259,10.711 0.600673 3.79526,-1.1 0.600673 3.79526,-1.1 0.59631 3.7877,10.711 0.59631 3.7877,-1.1 0.592329 3.77994,10.711 0.592329 3.77994,-1.1 0.58874 3.77198,10.711 0.58874 3.77198,10.711 0.585553 3.76386,10.611 0.582294 3.75401,10.711 0.58041 3.74719,10.711 0.582774 3.75559,-1.1 0.585553 3.76386,10.611 0.580076 3.74585,10.711 0.578469 3.73868,-1.1 0.582774 3.75559,-0.999998 0.582294 3.75401,10.611 0.578254 3.7376,10.711 0.576953 3.73009,-1.1 0.58041 3.74719,10.611 0.576832 3.72927,10.711 0.575868 3.72143,-1.1 0.578469 3.73868,-0.999998 0.580076 3.74585,10.611 0.575814 3.72088,10.711 0.575216 3.71273,-1.1 0.576953 3.73009,-0.999998 0.578254 3.7376,10.611 0.575203 3.71246,10.711 0.574999 3.70401,-1.1 0.575868 3.72143,-0.999998 0.576832 3.72927,10.611 0.574999 3.70401,10.611 0.575203 3.69556,10.711 0.575216 3.69529,-1.1 0.575216 3.71273,-0.999998 0.575814 3.72088,-0.999998 0.575203 3.71246,10.611 0.575814 3.68713,10.711 0.575868 3.68658,-1.1 0.574999 3.70401,-0.999998 0.574999 3.70401,-0.999998 0.575203 3.69556,10.611 0.576832 3.67874,10.711 0.576953 3.67793,-1.1 0.575216 3.69529,-0.999998 0.575814 3.68713,10.611 0.578254 3.67041,10.711 0.578469 3.66933,-1.1 0.575868 3.68658,10.611 0.580076 3.66216,10.711 0.58041 3.66083,-1.1 0.576953 3.67793,-0.999998 0.576832 3.67874,10.611 0.582294 3.65401,10.711 0.582774 3.65243,-1.1 0.578469 3.66933,-0.999998 0.578254 3.67041,-1.1 0.58041 3.66083,-0.999998 0.580076 3.66216,-0.999998 0.582294 3.65401,-1.1 0.582774 3.65243,-1.1 0.585553 3.64415,10.711 0.585553 3.64415,-1.1 0.58874 3.63603,10.711 0.58874 3.63603,-1.1 0.592329 3.62808,10.711 0.592329 3.62808,-1.1 0.59631 3.62031,10.711 0.59631 3.62031,-1.1 0.600673 3.61276,10.711 0.600673 3.61276,10.711 0.605407 3.60543,-1.1 0.605407 3.60543,-1.1 0.610501 3.59834,10.711 0.610501 3.59834,-1.1 0.615941 3.59152,10.711 0.615941 3.59152,10.711 0.621715 3.58498,-1.1 0.621715 3.58498,-1.1 0.627807 3.57873,10.711 0.627807 3.57873,-1.1 0.634204 3.5728,10.711 0.634204 3.5728,10.711 0.640888 3.56719,-1.1 0.640888 3.56719,-1.1 0.647844 3.56192,10.711 0.647844 3.56192,-1.1 0.655053 3.557,10.711 0.655053 3.557,10.711 0.662499 3.55245,-1.1 0.662499 3.55245,-1.1 0.670162 3.54828,10.711 0.670162 3.54828,10.711 0.678023 3.5445,-1.1 0.678023 3.5445,-1.1 0.686064 3.54111,10.711 0.686064 3.54111,-1.1 0.694263 3.53812,10.711 0.694263 3.53812,-1.1 0.702602 3.53555,10.711 0.702602 3.53555,-1.1 0.711057 3.5334,10.711 0.711057 3.5334,-1.1 0.71961 3.53167,10.711 0.71961 3.53167,10.711 0.728238 3.53037,-1.1 0.728238 3.53037,-1.1 0.736921 3.5295,10.711 0.736921 3.5295,-1.1 0.745636 3.52906,10.711 0.745636 3.52906,-1.1 0.754361 3.52906,10.711 0.754361 3.52906,10.711 0.763076 3.5295,-1.1 0.763076 3.5295,-1.1 0.771759 3.53037,10.711 0.771759 3.53037,10.711 0.780387 3.53167,-1.1 0.780387 3.53167,-1.1 0.78894 3.5334,10.711 0.78894 3.5334,-1.1 0.797395 3.53555,10.711 0.797395 3.53555,10.711 0.805734 3.53812,-1.1 0.805734 3.53812,10.711 0.813933 3.54111,-1.1 0.813933 3.54111,-1.1 0.821974 3.5445,10.711 0.821974 3.5445,-1.1 0.829835 3.54828,10.711 0.829835 3.54828,-1.1 0.837498 3.55245,10.711 0.837498 3.55245,-1.1 0.844944 3.557,10.711 0.844944 3.557,-1.1 0.852153 3.56192,10.711 0.852153 3.56192,-1.1 0.859109 3.56719,10.711 0.859109 3.56719,10.711 0.865793 3.5728,-1.1 0.865793 3.5728,-1.1 0.87219 3.57873,10.711 0.87219 3.57873,-1.1 0.878282 3.58498,10.711 0.878282 3.58498,10.711 0.884056 3.59152,-1.1 0.884056 3.59152,10.711 0.889496 3.59834,-1.1 0.889496 3.59834,-1.1 0.89459 3.60543,10.711 0.89459 3.60543,10.711 0.899324 3.61276,-1.1 0.899324 3.61276,-1.1 0.903687 3.62031,10.711 0.903687 3.62031,-1.1 0.907668 3.62808,10.711 0.907668 3.62808,10.711 0.911257 3.63603,-1.1 0.911257 3.63603,10.611 0.917703 3.65401,10.711 0.919587 3.66083,10.711 0.917223 3.65243,-1.1 0.914444 3.64415,10.711 0.914444 3.64415,10.611 0.919921 3.66216,10.711 0.921528 3.66933,-1.1 0.917223 3.65243,-0.999998 0.917703 3.65401,10.611 0.921743 3.67041,10.711 0.923044 3.67793,-1.1 0.919587 3.66083,10.611 0.923165 3.67874,10.711 0.924129 3.68658,-1.1 0.921528 3.66933,-0.999998 0.919921 3.66216,10.611 0.924183 3.68713,10.711 0.924781 3.69529,-1.1 0.923044 3.67793,-0.999998 0.921743 3.67041,10.611 0.924794 3.69556,-1.1 0.924129 3.68658,-0.999998 0.923165 3.67874,-1.1 0.924781 3.69529,-0.999998 0.924183 3.68713,-0.999998 0.924794 3.69556]
}}
appearance Appearance{material USE PLASTIC-ORANGE-01 }}
Shape { geometry IndexedFaceSet 
{ creaseAngle 0.50 coordIndex [0,1,2,-1,3,4,5,-1,5,4,6,-1,6,4,7,-1,7,4,8,-1,9,10,11,-1,10,12,13,-1,13,12,14,-1,15,16,17,-1,18,19,20,-1,20,19,21,-1,21,19,22,-1,22,19,23,-1,23,19,24,-1,24,19,25,-1,25,19,26,-1,26,19,27,-1,27,19,28,-1,28,19,29,-1,29,19,30,-1,30,19,31,-1,31,19,32,-1,32,19,33,-1,33,19,34,-1,34,19,35,-1,35,19,36,-1,36,19,37,-1,37,19,38,-1,38,19,39,-1,39,19,40,-1,40,19,41,-1,41,19,42,-1,42,19,43,-1,43,19,44,-1,44,19,45,-1,45,19,46,-1,46,19,47,-1,47,19,48,-1,48,19,49,-1,49,19,50,-1,50,19,51,-1,51,19,52,-1,52,19,53,-1,53,19,54,-1,54,19,55,-1,55,19,56,-1,56,19,57,-1,57,19,58,-1,58,19,59,-1,59,19,60,-1,60,19,61,-1,61,19,62,-1,62,19,63,-1,63,19,64,-1,64,19,65,-1,65,19,66,-1,66,19,67,-1,67,19,68,-1,68,19,69,-1,69,19,70,-1,70,19,71,-1,71,19,72,-1,72,19,73,-1,73,19,74,-1,74,19,75,-1,75,19,76,-1,76,19,77,-1,77,19,78,-1,78,19,79,-1,79,19,80,-1,80,19,81,-1,81,19,82,-1,82,19,83,-1,83,19,84,-1,84,19,85,-1,85,19,86,-1,86,19,87,-1,87,19,88,-1,88,19,89,-1,89,19,90,-1,90,19,91,-1,91,19,15,-1,92,19,93,-1,93,19,94,-1,94,19,95,-1,95,19,96,-1,97,19,98,-1,98,19,99,-1,99,19,100,-1,100,19,101,-1,102,19,103,-1,103,19,104,-1,104,19,0,-1,1,19,9,-1,105,19,106,-1,106,19,107,-1,107,19,108,-1,108,19,4,-1,8,19,109,-1,109,19,110,-1,110,19,111,-1,111,19,112,-1,112,19,113,-1,113,19,18,-1,16,19,114,-1,101,19,102,-1,114,19,92,-1,0,19,1,-1,15,19,16,-1,10,19,12,-1,4,19,8,-1,96,19,115,-1,115,19,116,-1,116,19,97,-1,9,19,10,-1,16,114,117,-1,114,92,118,-1,96,115,119,-1,119,115,120,-1,115,116,121,-1,116,97,122,-1,101,102,123,-1,123,102,124,-1,124,102,125,-1]
coord Coordinate { point [-1.1 1.69008 3.68388,-1.1 1.69238 3.67801,-1.1 1.69116 3.68092,-1.1 1.71977 3.6485,-1.1 1.71704 3.65008,-1.1 1.72257 3.64706,-1.1 1.72545 3.64577,-1.1 1.72838 3.64462,-1.1 1.73137 3.64361,-1.1 1.69375 3.67517,-1.1 1.6969 3.66972,-1.1 1.69526 3.67241,-1.1 1.70261 3.66219,-1.1 1.69868 3.66711,-1.1 1.70058 3.6646,-1.1 1.71977 3.75952,-1.1 1.71439 3.75623,-1.1 1.71704 3.75794,-1.1 1.75 3.6408,-1.1 1.70475 3.65988,-1.1 1.75315 3.64088,-1.1 1.75629 3.64112,-1.1 1.75942 3.64151,-1.1 1.76252 3.64206,-1.1 1.76559 3.64276,-1.1 1.76863 3.64361,-1.1 1.77161 3.64462,-1.1 1.77455 3.64577,-1.1 1.77742 3.64706,-1.1 1.78022 3.6485,-1.1 1.78295 3.65008,-1.1 1.7856 3.65179,-1.1 1.78816 3.65363,-1.1 1.79062 3.65559,-1.1 1.79299 3.65768,-1.1 1.79524 3.65988,-1.1 1.79739 3.66219,-1.1 1.79941 3.6646,-1.1 1.80131 3.66711,-1.1 1.80309 3.66972,-1.1 1.80473 3.67241,-1.1 1.80624 3.67517,-1.1 1.80761 3.67801,-1.1 1.80883 3.68092,-1.1 1.80991 3.68388,-1.1 1.81084 3.68689,-1.1 1.81162 3.68994,-1.1 1.81224 3.69303,-1.1 1.81271 3.69615,-1.1 1.81302 3.69929,-1.1 1.81318 3.70243,-1.1 1.81318 3.70558,-1.1 1.81302 3.70873,-1.1 1.81271 3.71187,-1.1 1.81224 3.71498,-1.1 1.81162 3.71807,-1.1 1.81084 3.72113,-1.1 1.80991 3.72414,-1.1 1.80883 3.7271,-1.1 1.80761 3.73,-1.1 1.80624 3.73284,-1.1 1.80473 3.73561,-1.1 1.80309 3.7383,-1.1 1.80131 3.7409,-1.1 1.79941 3.74342,-1.1 1.79739 3.74583,-1.1 1.79524 3.74814,-1.1 1.79299 3.75034,-1.1 1.79062 3.75243,-1.1 1.78816 3.75439,-1.1 1.7856 3.75623,-1.1 1.78295 3.75794,-1.1 1.78022 3.75952,-1.1 1.77742 3.76095,-1.1 1.77455 3.76225,-1.1 1.77161 3.7634,-1.1 1.76863 3.76441,-1.1 1.76559 3.76526,-1.1 1.76252 3.76596,-1.1 1.75942 3.76651,-1.1 1.75629 3.7669,-1.1 1.75315 3.76713,-1.1 1.75 3.76721,-1.1 1.74685 3.76713,-1.1 1.7437 3.7669,-1.1 1.74058 3.76651,-1.1 1.73747 3.76596,-1.1 1.7344 3.76526,-1.1 1.73137 3.76441,-1.1 1.72838 3.7634,-1.1 1.72545 3.76225,-1.1 1.72257 3.76095,-1.1 1.70475 3.74814,-1.1 1.70261 3.74583,-1.1 1.70058 3.74342,-1.1 1.69868 3.7409,-1.1 1.6969 3.7383,-1.1 1.68838 3.71807,-1.1 1.68775 3.71498,-1.1 1.68728 3.71187,-1.1 1.68697 3.70873,-1.1 1.68681 3.70558,-1.1 1.68775 3.69303,-1.1 1.68838 3.68994,-1.1 1.68915 3.68689,-1.1 1.70701 3.65768,-1.1 1.70937 3.65559,-1.1 1.71183 3.65363,-1.1 1.71439 3.65179,-1.1 1.7344 3.64276,-1.1 1.73747 3.64206,-1.1 1.74058 3.64151,-1.1 1.7437 3.64112,-1.1 1.74685 3.64088,-1.1 1.70937 3.75243,-1.1 1.69238 3.73,-1.1 1.69008 3.72414,-1.1 1.71183 3.75439,-1.1 1.70701 3.75034,-1.1 1.69526 3.73561,-1.1 1.69375 3.73284,-1.1 1.69116 3.7271,-1.1 1.68915 3.72113,-1.1 1.68681 3.70243,-1.1 1.68697 3.69929,-1.1 1.68728 3.69615]
}}
appearance Appearance{material USE MET-COPPER }}
Shape { geometry IndexedFaceSet 
{ creaseAngle 0.50 coordIndex [0,1,2,-1,3,4,5,-1,3,5,6,-1,3,6,7,-1,3,7,8,-1,9,10,11,-1,12,9,13,-1,12,13,14,-1,15,16,17,-1,18,19,20,-1,18,20,21,-1,18,21,22,-1,18,22,23,-1,18,23,24,-1,18,24,25,-1,18,25,26,-1,18,26,27,-1,18,27,28,-1,18,28,29,-1,18,29,30,-1,18,30,31,-1,18,31,32,-1,18,32,33,-1,18,33,34,-1,18,34,35,-1,18,35,36,-1,18,36,37,-1,18,37,38,-1,18,38,39,-1,18,39,40,-1,18,40,41,-1,18,41,42,-1,18,42,43,-1,18,43,44,-1,18,44,45,-1,18,45,46,-1,18,46,47,-1,18,47,48,-1,18,48,49,-1,18,49,50,-1,18,50,51,-1,18,51,52,-1,18,52,53,-1,18,53,54,-1,18,54,55,-1,18,55,56,-1,18,56,57,-1,18,57,58,-1,18,58,59,-1,18,59,60,-1,18,60,61,-1,18,61,62,-1,18,62,63,-1,18,63,64,-1,18,64,65,-1,18,65,66,-1,18,66,67,-1,18,67,68,-1,18,68,69,-1,18,69,70,-1,18,70,71,-1,18,71,72,-1,18,72,73,-1,18,73,74,-1,18,74,75,-1,18,75,76,-1,18,76,77,-1,18,77,78,-1,18,78,79,-1,18,79,80,-1,18,80,81,-1,18,81,82,-1,18,82,83,-1,18,83,84,-1,18,84,85,-1,18,85,86,-1,18,86,87,-1,18,87,88,-1,18,88,89,-1,18,89,90,-1,18,90,91,-1,18,91,16,-1,18,92,93,-1,18,93,94,-1,18,94,95,-1,18,95,96,-1,18,97,98,-1,18,98,99,-1,18,99,100,-1,18,100,101,-1,18,102,103,-1,18,103,104,-1,18,104,1,-1,18,0,10,-1,18,105,106,-1,18,106,107,-1,18,107,108,-1,18,108,3,-1,18,8,109,-1,18,109,110,-1,18,110,111,-1,18,111,112,-1,18,112,113,-1,18,113,19,-1,18,15,114,-1,18,101,102,-1,18,114,92,-1,18,1,0,-1,18,16,15,-1,18,9,12,-1,18,3,8,-1,18,96,115,-1,18,115,116,-1,18,116,97,-1,18,10,9,-1,114,15,117,-1,92,114,118,-1,115,96,119,-1,115,119,120,-1,116,115,121,-1,97,116,122,-1,102,101,123,-1,102,123,124,-1,102,124,125,-1]
coord Coordinate { point [10.711 1.69238 3.67801,10.711 1.69008 3.68388,10.711 1.69116 3.68092,10.711 1.71704 3.65008,10.711 1.71977 3.6485,10.711 1.72257 3.64706,10.711 1.72545 3.64577,10.711 1.72838 3.64462,10.711 1.73137 3.64361,10.711 1.6969 3.66972,10.711 1.69375 3.67517,10.711 1.69526 3.67241,10.711 1.70261 3.66219,10.711 1.69868 3.66711,10.711 1.70058 3.6646,10.711 1.71439 3.75623,10.711 1.71977 3.75952,10.711 1.71704 3.75794,10.711 1.70475 3.65988,10.711 1.75 3.6408,10.711 1.75315 3.64088,10.711 1.75629 3.64112,10.711 1.75942 3.64151,10.711 1.76252 3.64206,10.711 1.76559 3.64276,10.711 1.76863 3.64361,10.711 1.77161 3.64462,10.711 1.77455 3.64577,10.711 1.77742 3.64706,10.711 1.78022 3.6485,10.711 1.78295 3.65008,10.711 1.7856 3.65179,10.711 1.78816 3.65363,10.711 1.79062 3.65559,10.711 1.79299 3.65768,10.711 1.79524 3.65988,10.711 1.79739 3.66219,10.711 1.79941 3.6646,10.711 1.80131 3.66711,10.711 1.80309 3.66972,10.711 1.80473 3.67241,10.711 1.80624 3.67517,10.711 1.80761 3.67801,10.711 1.80883 3.68092,10.711 1.80991 3.68388,10.711 1.81084 3.68689,10.711 1.81162 3.68994,10.711 1.81224 3.69303,10.711 1.81271 3.69615,10.711 1.81302 3.69929,10.711 1.81318 3.70243,10.711 1.81318 3.70558,10.711 1.81302 3.70873,10.711 1.81271 3.71187,10.711 1.81224 3.71498,10.711 1.81162 3.71807,10.711 1.81084 3.72113,10.711 1.80991 3.72414,10.711 1.80883 3.7271,10.711 1.80761 3.73,10.711 1.80624 3.73284,10.711 1.80473 3.73561,10.711 1.80309 3.7383,10.711 1.80131 3.7409,10.711 1.79941 3.74342,10.711 1.79739 3.74583,10.711 1.79524 3.74814,10.711 1.79299 3.75034,10.711 1.79062 3.75243,10.711 1.78816 3.75439,10.711 1.7856 3.75623,10.711 1.78295 3.75794,10.711 1.78022 3.75952,10.711 1.77742 3.76095,10.711 1.77455 3.76225,10.711 1.77161 3.7634,10.711 1.76863 3.76441,10.711 1.76559 3.76526,10.711 1.76252 3.76596,10.711 1.75942 3.76651,10.711 1.75629 3.7669,10.711 1.75315 3.76713,10.711 1.75 3.76721,10.711 1.74685 3.76713,10.711 1.7437 3.7669,10.711 1.74058 3.76651,10.711 1.73747 3.76596,10.711 1.7344 3.76526,10.711 1.73137 3.76441,10.711 1.72838 3.7634,10.711 1.72545 3.76225,10.711 1.72257 3.76095,10.711 1.70475 3.74814,10.711 1.70261 3.74583,10.711 1.70058 3.74342,10.711 1.69868 3.7409,10.711 1.6969 3.7383,10.711 1.68838 3.71807,10.711 1.68775 3.71498,10.711 1.68728 3.71187,10.711 1.68697 3.70873,10.711 1.68681 3.70558,10.711 1.68775 3.69303,10.711 1.68838 3.68994,10.711 1.68915 3.68689,10.711 1.70701 3.65768,10.711 1.70937 3.65559,10.711 1.71183 3.65363,10.711 1.71439 3.65179,10.711 1.7344 3.64276,10.711 1.73747 3.64206,10.711 1.74058 3.64151,10.711 1.7437 3.64112,10.711 1.74685 3.64088,10.711 1.70937 3.75243,10.711 1.69238 3.73,10.711 1.69008 3.72414,10.711 1.71183 3.75439,10.711 1.70701 3.75034,10.711 1.69526 3.73561,10.711 1.69375 3.73284,10.711 1.69116 3.7271,10.711 1.68915 3.72113,10.711 1.68681 3.70243,10.711 1.68697 3.69929,10.711 1.68728 3.69615]
}}
appearance Appearance{material USE MET-COPPER }}
Shape { geometry IndexedFaceSet 
{ creaseAngle 0.50 coordIndex [0,1,2,-1,1,3,2,-1,2,3,4,-1,0,5,1,-1,6,5,0,-1,3,7,4,-1,4,7,8,-1,6,9,5,-1,10,9,6,-1,7,11,8,-1,8,11,12,-1,10,13,9,-1,14,13,10,-1,12,15,16,-1,11,15,12,-1,14,17,13,-1,18,17,14,-1,15,19,16,-1,16,19,20,-1,18,21,17,-1,22,21,18,-1,19,23,20,-1,20,23,24,-1,25,26,22,-1,22,26,21,-1,23,27,24,-1,24,27,28,-1,29,30,25,-1,25,30,26,-1,27,31,28,-1,28,31,32,-1,33,34,29,-1,29,34,30,-1,31,35,32,-1,32,35,36,-1,33,37,34,-1,38,37,33,-1,35,39,36,-1,36,39,40,-1,41,42,38,-1,38,42,37,-1,39,43,40,-1,40,43,44,-1,45,46,41,-1,41,46,42,-1,43,47,44,-1,44,47,48,-1,49,50,45,-1,45,50,46,-1,47,51,48,-1,48,51,52,-1,53,54,49,-1,49,54,50,-1,51,55,52,-1,52,55,56,-1,53,57,54,-1,58,57,53,-1,55,59,56,-1,56,59,60,-1,58,61,57,-1,62,61,58,-1,59,63,60,-1,60,63,64,-1,62,65,61,-1,66,65,62,-1,63,67,64,-1,64,67,68,-1,66,69,65,-1,70,69,66,-1,67,71,68,-1,68,71,72,-1,70,73,69,-1,74,73,70,-1,71,75,72,-1,72,75,76,-1,74,77,73,-1,78,77,74,-1,75,79,76,-1,76,79,80,-1,78,81,77,-1,82,81,78,-1,79,83,80,-1,80,83,84,-1,82,85,81,-1,86,85,82,-1,84,87,88,-1,83,87,84,-1,86,89,85,-1,90,89,86,-1,88,91,92,-1,87,91,88,-1,90,93,89,-1,94,93,90,-1,92,95,96,-1,91,95,92,-1,97,98,94,-1,94,98,93,-1,96,99,100,-1,95,99,96,-1,97,101,98,-1,102,101,97,-1,100,103,104,-1,99,103,100,-1,105,106,102,-1,102,106,101,-1,104,107,108,-1,103,107,104,-1,109,110,105,-1,105,110,106,-1,108,111,112,-1,107,111,108,-1,109,113,110,-1,114,113,109,-1,112,115,116,-1,111,115,112,-1,117,118,114,-1,114,118,113,-1,116,119,120,-1,115,119,116,-1,121,122,117,-1,117,122,118,-1,119,123,120,-1,123,124,120,-1,121,125,122,-1,123,126,124,-1,121,127,125,-1,127,128,125,-1,129,130,126,-1,126,130,124,-1,128,131,132,-1,127,131,128,-1,133,134,129,-1,129,134,130,-1,132,135,136,-1,131,135,132,-1,133,137,134,-1,138,137,133,-1,136,139,140,-1,135,139,136,-1,138,141,137,-1,142,141,138,-1,139,143,140,-1,140,143,144,-1,142,145,141,-1,146,145,142,-1,143,147,144,-1,144,147,148,-1,146,149,145,-1,150,149,146,-1,147,151,148,-1,148,151,152,-1,153,154,150,-1,150,154,149,-1,151,155,152,-1,152,155,156,-1,153,157,154,-1,158,157,153,-1,155,159,156,-1,156,159,160,-1,158,161,157,-1,162,161,158,-1,159,163,160,-1,160,163,164,-1,165,166,162,-1,162,166,161,-1,163,167,164,-1,164,167,168,-1,169,170,165,-1,165,170,166,-1,167,171,168,-1,168,171,172,-1,173,174,169,-1,169,174,170,-1,171,175,172,-1,172,175,176,-1,177,178,173,-1,173,178,174,-1,175,179,176,-1,176,179,180,-1,181,182,177,-1,177,182,178,-1,179,183,180,-1,180,183,184,-1,181,185,182,-1,186,185,181,-1,183,187,184,-1,184,187,188,-1,189,190,186,-1,186,190,185,-1,188,191,192,-1,187,191,188,-1,193,194,189,-1,189,194,190,-1,192,195,196,-1,191,195,192,-1,197,198,193,-1,193,198,194,-1,196,199,200,-1,195,199,196,-1,201,202,197,-1,197,202,198,-1,200,203,204,-1,199,203,200,-1,205,206,201,-1,201,206,202,-1,203,207,204,-1,204,207,208,-1,205,209,206,-1,210,209,205,-1,207,211,208,-1,208,211,212,-1,213,214,210,-1,210,214,209,-1,211,215,212,-1,212,215,216,-1,213,217,214,-1,218,217,213,-1,215,219,216,-1,216,219,220,-1,218,221,217,-1,222,221,218,-1,219,223,220,-1,220,223,224,-1,225,226,222,-1,222,226,221,-1,223,227,224,-1,224,227,228,-1,225,229,226,-1,230,229,225,-1,227,231,228,-1,228,231,232,-1,233,234,230,-1,230,234,229,-1,231,235,232,-1,232,235,236,-1,233,237,234,-1,238,237,233,-1,235,239,236,-1,236,239,240,-1,238,241,237,-1,242,241,238,-1,239,243,240,-1,240,243,244,-1,242,245,241,-1,246,245,242,-1,243,247,244,-1,244,247,248,-1,246,249,245,-1,250,249,246,-1,247,251,248,-1,250,251,249,-1,248,251,250,-1]
coord Coordinate { point [-1.1 0.621715 3.58498,-1.1 0.704752 3.65988,-1.1 0.627807 3.57873,-1.1 0.707008 3.65768,-1.1 0.634204 3.5728,-1.1 0.702609 3.66219,-1.1 0.615941 3.59152,-1.1 0.709371 3.65559,-1.1 0.640888 3.56719,-1.1 0.700583 3.6646,-1.1 0.610501 3.59834,-1.1 0.711835 3.65363,-1.1 0.647844 3.56192,-1.1 0.69868 3.66711,-1.1 0.605407 3.60543,-1.1 0.714394 3.65179,-1.1 0.655053 3.557,-1.1 0.696905 3.66972,-1.1 0.600673 3.61276,-1.1 0.717041 3.65008,-1.1 0.662499 3.55245,-1.1 0.695261 3.67241,-1.1 0.59631 3.62031,-1.1 0.719771 3.6485,-1.1 0.670162 3.54828,-1.1 0.592329 3.62808,-1.1 0.693754 3.67517,-1.1 0.722575 3.64706,-1.1 0.678023 3.5445,-1.1 0.58874 3.63603,-1.1 0.692387 3.67801,-1.1 0.725448 3.64577,-1.1 0.686064 3.54111,-1.1 0.585553 3.64415,-1.1 0.691163 3.68092,-1.1 0.728381 3.64462,-1.1 0.694263 3.53812,-1.1 0.690085 3.68388,-1.1 0.582774 3.65243,-1.1 0.731369 3.64361,-1.1 0.702602 3.53555,-1.1 0.58041 3.66083,-1.1 0.689156 3.68689,-1.1 0.734402 3.64276,-1.1 0.711057 3.5334,-1.1 0.578469 3.66933,-1.1 0.688378 3.68994,-1.1 0.737475 3.64206,-1.1 0.71961 3.53167,-1.1 0.576953 3.67793,-1.1 0.687754 3.69303,-1.1 0.740578 3.64151,-1.1 0.728238 3.53037,-1.1 0.575868 3.68658,-1.1 0.687284 3.69615,-1.1 0.743705 3.64112,-1.1 0.736921 3.5295,-1.1 0.68697 3.69929,-1.1 0.575216 3.69529,-1.1 0.746848 3.64088,-1.1 0.745636 3.52906,-1.1 0.686813 3.70243,-1.1 0.574999 3.70401,-1.1 0.749998 3.6408,-1.1 0.754361 3.52906,-1.1 0.686813 3.70558,-1.1 0.575216 3.71273,-1.1 0.753149 3.64088,-1.1 0.763076 3.5295,-1.1 0.68697 3.70873,-1.1 0.575868 3.72143,-1.1 0.756292 3.64112,-1.1 0.771759 3.53037,-1.1 0.687284 3.71187,-1.1 0.576953 3.73009,-1.1 0.759419 3.64151,-1.1 0.780387 3.53167,-1.1 0.687754 3.71498,-1.1 0.578469 3.73868,-1.1 0.762522 3.64206,-1.1 0.78894 3.5334,-1.1 0.688378 3.71807,-1.1 0.58041 3.74719,-1.1 0.765595 3.64276,-1.1 0.797395 3.53555,-1.1 0.689156 3.72113,-1.1 0.582774 3.75559,-1.1 0.768628 3.64361,-1.1 0.805734 3.53812,-1.1 0.690085 3.72414,-1.1 0.585553 3.76386,-1.1 0.771616 3.64462,-1.1 0.813933 3.54111,-1.1 0.691163 3.7271,-1.1 0.58874 3.77198,-1.1 0.774549 3.64577,-1.1 0.821974 3.5445,-1.1 0.592329 3.77994,-1.1 0.692387 3.73,-1.1 0.777422 3.64706,-1.1 0.829835 3.54828,-1.1 0.693754 3.73284,-1.1 0.59631 3.7877,-1.1 0.780226 3.6485,-1.1 0.837498 3.55245,-1.1 0.600673 3.79526,-1.1 0.695261 3.73561,-1.1 0.782956 3.65008,-1.1 0.844944 3.557,-1.1 0.605407 3.80259,-1.1 0.696905 3.7383,-1.1 0.785603 3.65179,-1.1 0.852153 3.56192,-1.1 0.69868 3.7409,-1.1 0.610501 3.80967,-1.1 0.788162 3.65363,-1.1 0.859109 3.56719,-1.1 0.615941 3.8165,-1.1 0.700583 3.74342,-1.1 0.790626 3.65559,-1.1 0.865793 3.5728,-1.1 0.621715 3.82304,-1.1 0.702609 3.74583,-1.1 0.792989 3.65768,-1.1 0.87219 3.57873,-1.1 0.704752 3.74814,-1.1 0.795245 3.65988,-1.1 0.627807 3.82928,-1.1 0.707008 3.75034,-1.1 0.797388 3.66219,-1.1 0.878282 3.58498,-1.1 0.634204 3.83522,-1.1 0.709371 3.75243,-1.1 0.799414 3.6646,-1.1 0.884056 3.59152,-1.1 0.640888 3.84083,-1.1 0.711835 3.75439,-1.1 0.889496 3.59834,-1.1 0.801317 3.66711,-1.1 0.647844 3.8461,-1.1 0.714394 3.75623,-1.1 0.89459 3.60543,-1.1 0.803092 3.66972,-1.1 0.655053 3.85101,-1.1 0.717041 3.75794,-1.1 0.899324 3.61276,-1.1 0.804736 3.67241,-1.1 0.662499 3.85556,-1.1 0.719771 3.75952,-1.1 0.903687 3.62031,-1.1 0.806243 3.67517,-1.1 0.670162 3.85974,-1.1 0.722575 3.76095,-1.1 0.80761 3.67801,-1.1 0.907668 3.62808,-1.1 0.678023 3.86352,-1.1 0.725448 3.76225,-1.1 0.911257 3.63603,-1.1 0.808834 3.68092,-1.1 0.686064 3.86691,-1.1 0.728381 3.7634,-1.1 0.914444 3.64415,-1.1 0.809912 3.68388,-1.1 0.694263 3.8699,-1.1 0.731369 3.76441,-1.1 0.810841 3.68689,-1.1 0.917223 3.65243,-1.1 0.702602 3.87247,-1.1 0.734402 3.76526,-1.1 0.811619 3.68994,-1.1 0.919587 3.66083,-1.1 0.711057 3.87462,-1.1 0.737475 3.76596,-1.1 0.812243 3.69303,-1.1 0.921528 3.66933,-1.1 0.71961 3.87635,-1.1 0.740578 3.76651,-1.1 0.812713 3.69615,-1.1 0.923044 3.67793,-1.1 0.728238 3.87765,-1.1 0.743705 3.7669,-1.1 0.813027 3.69929,-1.1 0.924129 3.68658,-1.1 0.736921 3.87852,-1.1 0.746848 3.76713,-1.1 0.924781 3.69529,-1.1 0.813184 3.70243,-1.1 0.745636 3.87895,-1.1 0.749998 3.76721,-1.1 0.813184 3.70558,-1.1 0.924998 3.70401,-1.1 0.754361 3.87895,-1.1 0.753149 3.76713,-1.1 0.813027 3.70873,-1.1 0.924781 3.71273,-1.1 0.763076 3.87852,-1.1 0.756292 3.7669,-1.1 0.812713 3.71187,-1.1 0.924129 3.72143,-1.1 0.771759 3.87765,-1.1 0.759419 3.76651,-1.1 0.812243 3.71498,-1.1 0.923044 3.73009,-1.1 0.780387 3.87635,-1.1 0.762522 3.76596,-1.1 0.811619 3.71807,-1.1 0.921528 3.73868,-1.1 0.78894 3.87462,-1.1 0.765595 3.76526,-1.1 0.919587 3.74719,-1.1 0.810841 3.72113,-1.1 0.797395 3.87247,-1.1 0.768628 3.76441,-1.1 0.809912 3.72414,-1.1 0.917223 3.75559,-1.1 0.805734 3.8699,-1.1 0.771616 3.7634,-1.1 0.914444 3.76386,-1.1 0.808834 3.7271,-1.1 0.813933 3.86691,-1.1 0.774549 3.76225,-1.1 0.911257 3.77198,-1.1 0.80761 3.73,-1.1 0.821974 3.86352,-1.1 0.777422 3.76095,-1.1 0.806243 3.73284,-1.1 0.907668 3.77994,-1.1 0.829835 3.85974,-1.1 0.780226 3.75952,-1.1 0.903687 3.7877,-1.1 0.804736 3.73561,-1.1 0.837498 3.85556,-1.1 0.782956 3.75794,-1.1 0.803092 3.7383,-1.1 0.899324 3.79526,-1.1 0.844944 3.85101,-1.1 0.785603 3.75623,-1.1 0.89459 3.80259,-1.1 0.801317 3.7409,-1.1 0.852153 3.8461,-1.1 0.788162 3.75439,-1.1 0.889496 3.80967,-1.1 0.799414 3.74342,-1.1 0.859109 3.84083,-1.1 0.790626 3.75243,-1.1 0.884056 3.8165,-1.1 0.797388 3.74583,-1.1 0.865793 3.83522,-1.1 0.792989 3.75034,-1.1 0.878282 3.82304,-1.1 0.795245 3.74814,-1.1 0.87219 3.82928]
}}
appearance Appearance{material USE PLASTIC-ORANGE-01 }}
Shape { geometry IndexedFaceSet 
{ creaseAngle 0.50 coordIndex [0,1,2,-1,3,0,2,-1,3,2,4,-1,5,1,0,-1,5,6,1,-1,7,3,4,-1,7,4,8,-1,9,6,5,-1,9,10,6,-1,11,7,8,-1,11,8,12,-1,13,10,9,-1,13,14,10,-1,15,12,16,-1,15,11,12,-1,17,14,13,-1,17,18,14,-1,19,15,16,-1,19,16,20,-1,21,18,17,-1,21,22,18,-1,23,19,20,-1,23,20,24,-1,25,26,22,-1,25,22,21,-1,27,23,24,-1,27,24,28,-1,29,30,26,-1,29,26,25,-1,31,27,28,-1,31,28,32,-1,33,34,30,-1,33,30,29,-1,35,31,32,-1,35,32,36,-1,37,34,33,-1,37,38,34,-1,39,35,36,-1,39,36,40,-1,41,42,38,-1,41,38,37,-1,43,39,40,-1,43,40,44,-1,45,46,42,-1,45,42,41,-1,47,43,44,-1,47,44,48,-1,49,50,46,-1,49,46,45,-1,51,47,48,-1,51,48,52,-1,53,54,50,-1,53,50,49,-1,55,51,52,-1,55,52,56,-1,57,54,53,-1,57,58,54,-1,59,55,56,-1,59,56,60,-1,61,58,57,-1,61,62,58,-1,63,59,60,-1,63,60,64,-1,65,62,61,-1,65,66,62,-1,67,63,64,-1,67,64,68,-1,69,66,65,-1,69,70,66,-1,71,67,68,-1,71,68,72,-1,73,70,69,-1,73,74,70,-1,75,71,72,-1,75,72,76,-1,77,74,73,-1,77,78,74,-1,79,75,76,-1,79,76,80,-1,81,78,77,-1,81,82,78,-1,83,79,80,-1,83,80,84,-1,85,82,81,-1,85,86,82,-1,87,84,88,-1,87,83,84,-1,89,86,85,-1,89,90,86,-1,91,88,92,-1,91,87,88,-1,93,90,89,-1,93,94,90,-1,95,92,96,-1,95,91,92,-1,97,98,94,-1,97,94,93,-1,99,96,100,-1,99,95,96,-1,101,98,97,-1,101,102,98,-1,103,100,104,-1,103,99,100,-1,105,106,102,-1,105,102,101,-1,107,104,108,-1,107,103,104,-1,109,110,106,-1,109,106,105,-1,111,108,112,-1,111,107,108,-1,113,110,109,-1,113,114,110,-1,115,112,116,-1,115,111,112,-1,117,118,114,-1,117,114,113,-1,119,116,120,-1,119,115,116,-1,121,122,118,-1,121,118,117,-1,123,119,120,-1,124,123,120,-1,125,122,121,-1,126,123,124,-1,127,122,125,-1,128,127,125,-1,129,130,126,-1,129,126,124,-1,131,128,132,-1,131,127,128,-1,133,134,130,-1,133,130,129,-1,135,132,136,-1,135,131,132,-1,137,134,133,-1,137,138,134,-1,139,136,140,-1,139,135,136,-1,141,138,137,-1,141,142,138,-1,143,139,140,-1,143,140,144,-1,145,142,141,-1,145,146,142,-1,147,143,144,-1,147,144,148,-1,149,146,145,-1,149,150,146,-1,151,147,148,-1,151,148,152,-1,153,154,150,-1,153,150,149,-1,155,151,152,-1,155,152,156,-1,157,154,153,-1,157,158,154,-1,159,155,156,-1,159,156,160,-1,161,158,157,-1,161,162,158,-1,163,159,160,-1,163,160,164,-1,165,166,162,-1,165,162,161,-1,167,163,164,-1,167,164,168,-1,169,170,166,-1,169,166,165,-1,171,167,168,-1,171,168,172,-1,173,174,170,-1,173,170,169,-1,175,171,172,-1,175,172,176,-1,177,178,174,-1,177,174,173,-1,179,175,176,-1,179,176,180,-1,181,182,178,-1,181,178,177,-1,183,179,180,-1,183,180,184,-1,185,182,181,-1,185,186,182,-1,187,183,184,-1,187,184,188,-1,189,190,186,-1,189,186,185,-1,191,188,192,-1,191,187,188,-1,193,194,190,-1,193,190,189,-1,195,192,196,-1,195,191,192,-1,197,198,194,-1,197,194,193,-1,199,196,200,-1,199,195,196,-1,201,202,198,-1,201,198,197,-1,203,200,204,-1,203,199,200,-1,205,206,202,-1,205,202,201,-1,207,203,204,-1,207,204,208,-1,209,206,205,-1,209,210,206,-1,211,207,208,-1,211,208,212,-1,213,214,210,-1,213,210,209,-1,215,211,212,-1,215,212,216,-1,217,214,213,-1,217,218,214,-1,219,215,216,-1,219,216,220,-1,221,218,217,-1,221,222,218,-1,223,219,220,-1,223,220,224,-1,225,226,222,-1,225,222,221,-1,227,223,224,-1,227,224,228,-1,229,226,225,-1,229,230,226,-1,231,227,228,-1,231,228,232,-1,233,234,230,-1,233,230,229,-1,235,231,232,-1,235,232,236,-1,237,234,233,-1,237,238,234,-1,239,235,236,-1,239,236,240,-1,241,238,237,-1,241,242,238,-1,243,239,240,-1,243,240,244,-1,245,242,241,-1,245,246,242,-1,247,243,244,-1,247,244,248,-1,249,246,245,-1,249,250,246,-1,251,247,248,-1,251,250,249,-1,251,248,250,-1]
coord Coordinate { point [10.711 0.704752 3.65988,10.711 0.621715 3.58498,10.711 0.627807 3.57873,10.711 0.707008 3.65768,10.711 0.634204 3.5728,10.711 0.702609 3.66219,10.711 0.615941 3.59152,10.711 0.709371 3.65559,10.711 0.640888 3.56719,10.711 0.700583 3.6646,10.711 0.610501 3.59834,10.711 0.711835 3.65363,10.711 0.647844 3.56192,10.711 0.69868 3.66711,10.711 0.605407 3.60543,10.711 0.714394 3.65179,10.711 0.655053 3.557,10.711 0.696905 3.66972,10.711 0.600673 3.61276,10.711 0.717041 3.65008,10.711 0.662499 3.55245,10.711 0.695261 3.67241,10.711 0.59631 3.62031,10.711 0.719771 3.6485,10.711 0.670162 3.54828,10.711 0.693754 3.67517,10.711 0.592329 3.62808,10.711 0.722575 3.64706,10.711 0.678023 3.5445,10.711 0.692387 3.67801,10.711 0.58874 3.63603,10.711 0.725448 3.64577,10.711 0.686064 3.54111,10.711 0.691163 3.68092,10.711 0.585553 3.64415,10.711 0.728381 3.64462,10.711 0.694263 3.53812,10.711 0.690085 3.68388,10.711 0.582774 3.65243,10.711 0.731369 3.64361,10.711 0.702602 3.53555,10.711 0.689156 3.68689,10.711 0.58041 3.66083,10.711 0.734402 3.64276,10.711 0.711057 3.5334,10.711 0.688378 3.68994,10.711 0.578469 3.66933,10.711 0.737475 3.64206,10.711 0.71961 3.53167,10.711 0.687754 3.69303,10.711 0.576953 3.67793,10.711 0.740578 3.64151,10.711 0.728238 3.53037,10.711 0.687284 3.69615,10.711 0.575868 3.68658,10.711 0.743705 3.64112,10.711 0.736921 3.5295,10.711 0.68697 3.69929,10.711 0.575216 3.69529,10.711 0.746848 3.64088,10.711 0.745636 3.52906,10.711 0.686813 3.70243,10.711 0.574999 3.70401,10.711 0.749998 3.6408,10.711 0.754361 3.52906,10.711 0.686813 3.70558,10.711 0.575216 3.71273,10.711 0.753149 3.64088,10.711 0.763076 3.5295,10.711 0.68697 3.70873,10.711 0.575868 3.72143,10.711 0.756292 3.64112,10.711 0.771759 3.53037,10.711 0.687284 3.71187,10.711 0.576953 3.73009,10.711 0.759419 3.64151,10.711 0.780387 3.53167,10.711 0.687754 3.71498,10.711 0.578469 3.73868,10.711 0.762522 3.64206,10.711 0.78894 3.5334,10.711 0.688378 3.71807,10.711 0.58041 3.74719,10.711 0.765595 3.64276,10.711 0.797395 3.53555,10.711 0.689156 3.72113,10.711 0.582774 3.75559,10.711 0.768628 3.64361,10.711 0.805734 3.53812,10.711 0.690085 3.72414,10.711 0.585553 3.76386,10.711 0.771616 3.64462,10.711 0.813933 3.54111,10.711 0.691163 3.7271,10.711 0.58874 3.77198,10.711 0.774549 3.64577,10.711 0.821974 3.5445,10.711 0.692387 3.73,10.711 0.592329 3.77994,10.711 0.777422 3.64706,10.711 0.829835 3.54828,10.711 0.693754 3.73284,10.711 0.59631 3.7877,10.711 0.780226 3.6485,10.711 0.837498 3.55245,10.711 0.695261 3.73561,10.711 0.600673 3.79526,10.711 0.782956 3.65008,10.711 0.844944 3.557,10.711 0.696905 3.7383,10.711 0.605407 3.80259,10.711 0.785603 3.65179,10.711 0.852153 3.56192,10.711 0.69868 3.7409,10.711 0.610501 3.80967,10.711 0.788162 3.65363,10.711 0.859109 3.56719,10.711 0.700583 3.74342,10.711 0.615941 3.8165,10.711 0.790626 3.65559,10.711 0.865793 3.5728,10.711 0.702609 3.74583,10.711 0.621715 3.82304,10.711 0.792989 3.65768,10.711 0.87219 3.57873,10.711 0.704752 3.74814,10.711 0.795245 3.65988,10.711 0.627807 3.82928,10.711 0.707008 3.75034,10.711 0.878282 3.58498,10.711 0.797388 3.66219,10.711 0.634204 3.83522,10.711 0.709371 3.75243,10.711 0.884056 3.59152,10.711 0.799414 3.6646,10.711 0.640888 3.84083,10.711 0.711835 3.75439,10.711 0.889496 3.59834,10.711 0.801317 3.66711,10.711 0.647844 3.8461,10.711 0.714394 3.75623,10.711 0.89459 3.60543,10.711 0.803092 3.66972,10.711 0.655053 3.85101,10.711 0.717041 3.75794,10.711 0.899324 3.61276,10.711 0.804736 3.67241,10.711 0.662499 3.85556,10.711 0.719771 3.75952,10.711 0.903687 3.62031,10.711 0.806243 3.67517,10.711 0.670162 3.85974,10.711 0.722575 3.76095,10.711 0.907668 3.62808,10.711 0.80761 3.67801,10.711 0.678023 3.86352,10.711 0.725448 3.76225,10.711 0.911257 3.63603,10.711 0.808834 3.68092,10.711 0.686064 3.86691,10.711 0.728381 3.7634,10.711 0.914444 3.64415,10.711 0.809912 3.68388,10.711 0.694263 3.8699,10.711 0.731369 3.76441,10.711 0.917223 3.65243,10.711 0.810841 3.68689,10.711 0.702602 3.87247,10.711 0.734402 3.76526,10.711 0.919587 3.66083,10.711 0.811619 3.68994,10.711 0.711057 3.87462,10.711 0.737475 3.76596,10.711 0.921528 3.66933,10.711 0.812243 3.69303,10.711 0.71961 3.87635,10.711 0.740578 3.76651,10.711 0.923044 3.67793,10.711 0.812713 3.69615,10.711 0.728238 3.87765,10.711 0.743705 3.7669,10.711 0.924129 3.68658,10.711 0.813027 3.69929,10.711 0.736921 3.87852,10.711 0.746848 3.76713,10.711 0.924781 3.69529,10.711 0.813184 3.70243,10.711 0.745636 3.87895,10.711 0.749998 3.76721,10.711 0.924998 3.70401,10.711 0.813184 3.70558,10.711 0.754361 3.87895,10.711 0.753149 3.76713,10.711 0.924781 3.71273,10.711 0.813027 3.70873,10.711 0.763076 3.87852,10.711 0.756292 3.7669,10.711 0.924129 3.72143,10.711 0.812713 3.71187,10.711 0.771759 3.87765,10.711 0.759419 3.76651,10.711 0.923044 3.73009,10.711 0.812243 3.71498,10.711 0.780387 3.87635,10.711 0.762522 3.76596,10.711 0.921528 3.73868,10.711 0.811619 3.71807,10.711 0.78894 3.87462,10.711 0.765595 3.76526,10.711 0.919587 3.74719,10.711 0.810841 3.72113,10.711 0.797395 3.87247,10.711 0.768628 3.76441,10.711 0.917223 3.75559,10.711 0.809912 3.72414,10.711 0.805734 3.8699,10.711 0.771616 3.7634,10.711 0.914444 3.76386,10.711 0.808834 3.7271,10.711 0.813933 3.86691,10.711 0.774549 3.76225,10.711 0.911257 3.77198,10.711 0.80761 3.73,10.711 0.821974 3.86352,10.711 0.777422 3.76095,10.711 0.907668 3.77994,10.711 0.806243 3.73284,10.711 0.829835 3.85974,10.711 0.780226 3.75952,10.711 0.903687 3.7877,10.711 0.804736 3.73561,10.711 0.837498 3.85556,10.711 0.782956 3.75794,10.711 0.899324 3.79526,10.711 0.803092 3.7383,10.711 0.844944 3.85101,10.711 0.785603 3.75623,10.711 0.89459 3.80259,10.711 0.801317 3.7409,10.711 0.852153 3.8461,10.711 0.788162 3.75439,10.711 0.889496 3.80967,10.711 0.799414 3.74342,10.711 0.859109 3.84083,10.711 0.790626 3.75243,10.711 0.884056 3.8165,10.711 0.797388 3.74583,10.711 0.865793 3.83522,10.711 0.792989 3.75034,10.711 0.878282 3.82304,10.711 0.795245 3.74814,10.711 0.87219 3.82928]
}}
appearance Appearance{material USE PLASTIC-ORANGE-01 }}
Shape { geometry IndexedFaceSet 
{ creaseAngle 0.50 coordIndex [0,1,2,-1,2,1,3,-1,3,4,5,-1,1,4,3,-1,5,6,7,-1,4,6,5,-1,7,8,9,-1,6,8,7,-1,9,10,11,-1,8,10,9,-1,11,12,13,-1,10,12,11,-1,13,14,15,-1,12,14,13,-1,15,16,17,-1,14,16,15,-1,17,18,19,-1,16,18,17,-1,19,20,21,-1,18,20,19,-1,21,22,23,-1,23,22,24,-1,20,22,21,-1,22,25,24,-1]
coord Coordinate { point [-0.999998 0.417704 3.65401,-0.999998 0.419922 3.66216,-0.999998 0.582294 3.65401,-0.999998 0.580076 3.66216,-0.999998 0.421744 3.67041,-0.999998 0.578254 3.67041,-0.999998 0.423166 3.67874,-0.999998 0.576832 3.67874,-0.999998 0.424184 3.68713,-0.999998 0.575814 3.68713,-0.999998 0.424795 3.69556,-0.999998 0.575203 3.69556,-0.999998 0.424999 3.70401,-0.999998 0.574999 3.70401,-0.999998 0.424795 3.71246,-0.999998 0.575203 3.71246,-0.999998 0.424184 3.72088,-0.999998 0.575814 3.72088,-0.999998 0.423166 3.72927,-0.999998 0.576832 3.72927,-0.999998 0.421744 3.7376,-0.999998 0.578254 3.7376,-0.999998 0.419922 3.74585,-0.999998 0.580076 3.74585,-0.999998 0.582294 3.75401,-0.999998 0.417704 3.75401]
}}
appearance Appearance{material USE CAP-CERAMIC-05 }}
Shape { geometry IndexedFaceSet 
{ creaseAngle 0.50 coordIndex [0,1,2,-1,0,2,3,-1]
coord Coordinate { point [10.611 0.417704 3.75401,10.611 0.582294 3.75401,-0.999998 0.582294 3.75401,-0.999998 0.417704 3.75401]
}}
appearance Appearance{material USE CAP-CERAMIC-05 }}
Shape { geometry IndexedFaceSet 
{ creaseAngle 0.50 coordIndex [0,1,2,-1,0,2,3,-1,4,3,5,-1,4,0,3,-1,6,5,7,-1,6,4,5,-1,8,7,9,-1,8,6,7,-1,10,9,11,-1,10,8,9,-1,12,11,13,-1,12,10,11,-1,14,13,15,-1,14,12,13,-1,16,15,17,-1,16,14,15,-1,18,17,19,-1,18,16,17,-1,20,19,21,-1,20,18,19,-1,22,21,23,-1,22,20,21,-1,24,23,25,-1,24,22,23,-1]
coord Coordinate { point [10.611 0.419922 3.66216,10.611 0.417704 3.65401,10.611 0.582294 3.65401,10.611 0.580076 3.66216,10.611 0.421744 3.67041,10.611 0.578254 3.67041,10.611 0.423166 3.67874,10.611 0.576832 3.67874,10.611 0.424184 3.68713,10.611 0.575814 3.68713,10.611 0.424795 3.69556,10.611 0.575203 3.69556,10.611 0.424999 3.70401,10.611 0.574999 3.70401,10.611 0.424795 3.71246,10.611 0.575203 3.71246,10.611 0.424184 3.72088,10.611 0.575814 3.72088,10.611 0.423166 3.72927,10.611 0.576832 3.72927,10.611 0.421744 3.7376,10.611 0.578254 3.7376,10.611 0.419922 3.74585,10.611 0.580076 3.74585,10.611 0.417704 3.75401,10.611 0.582294 3.75401]
}}
appearance Appearance{material USE CAP-CERAMIC-05 }}
Shape { geometry IndexedFaceSet 
{ creaseAngle 0.50 coordIndex [0,1,2,-1,2,1,3,-1]
coord Coordinate { point [10.611 0.582294 3.65401,10.611 0.417704 3.65401,-0.999998 0.582294 3.65401,-0.999998 0.417704 3.65401]
}}
appearance Appearance{material USE CAP-CERAMIC-05 }}
Shape { geometry IndexedFaceSet 
{ creaseAngle 0.50 coordIndex [0,1,2,-1,2,1,3,-1,3,1,4,-1,1,5,6,-1,7,8,9,-1,9,8,10,-1,10,8,11,-1,12,13,14,-1,12,15,13,-1,5,15,12,-1,13,15,16,-1,17,18,19,-1,19,18,20,-1,20,18,21,-1,21,18,22,-1,22,18,23,-1,23,18,24,-1,24,18,25,-1,25,18,26,-1,26,18,27,-1,27,18,28,-1,28,18,29,-1,29,18,30,-1,31,18,32,-1,32,18,33,-1,33,18,34,-1,35,18,36,-1,36,18,37,-1,38,18,39,-1,39,18,40,-1,40,18,41,-1,41,18,8,-1,11,18,42,-1,42,18,43,-1,43,18,44,-1,44,18,45,-1,45,18,46,-1,46,18,47,-1,47,18,48,-1,48,18,49,-1,49,18,50,-1,50,18,51,-1,51,18,52,-1,52,18,53,-1,53,18,54,-1,54,18,55,-1,55,18,56,-1,56,18,57,-1,57,18,58,-1,58,18,59,-1,59,18,60,-1,60,18,61,-1,62,18,63,-1,63,18,64,-1,64,18,65,-1,65,18,66,-1,66,18,67,-1,67,18,68,-1,68,18,69,-1,69,18,70,-1,70,18,71,-1,71,18,72,-1,72,18,73,-1,73,18,74,-1,74,18,75,-1,75,18,76,-1,76,18,77,-1,77,18,78,-1,78,18,79,-1,79,18,80,-1,80,18,81,-1,81,18,82,-1,82,18,83,-1,83,18,84,-1,84,18,85,-1,85,18,86,-1,86,18,87,-1,87,18,88,-1,88,18,89,-1,89,18,90,-1,90,18,91,-1,91,18,92,-1,92,18,93,-1,93,18,94,-1,94,18,95,-1,95,18,96,-1,96,18,97,-1,97,18,98,-1,98,18,99,-1,99,18,100,-1,100,18,101,-1,101,18,102,-1,102,18,103,-1,103,18,104,-1,104,18,105,-1,30,31,106,-1,105,18,107,-1,107,18,108,-1,108,18,109,-1,109,18,110,-1,110,18,17,-1,111,18,112,-1,112,18,35,-1,30,18,31,-1,61,18,62,-1,8,18,11,-1,34,18,113,-1,113,18,111,-1,37,18,0,-1,1,18,5,-1,0,18,1,-1,5,18,15,-1,114,61,62,-1,34,113,115,-1,113,116,117,-1,116,111,118,-1,113,111,116,-1,111,112,119,-1,119,112,120,-1,120,112,121,-1,112,35,122,-1,122,35,123,-1,37,0,124,-1,124,0,125,-1]
coord Coordinate { point [-1.1 0.812243 3.71498,-1.1 0.808834 3.7271,-1.1 0.811619 3.71807,-1.1 0.810841 3.72113,-1.1 0.809912 3.72414,-1.1 0.806243 3.73284,-1.1 0.80761 3.73,-1.1 0.780226 3.75952,-1.1 0.782956 3.75794,-1.1 0.777422 3.76095,-1.1 0.774549 3.76225,-1.1 0.771616 3.7634,-1.1 0.804736 3.73561,-1.1 0.801317 3.7409,-1.1 0.803092 3.7383,-1.1 0.797388 3.74583,-1.1 0.799414 3.74342,-1.1 0.749998 3.6408,-1.1 0.795245 3.74814,-1.1 0.753149 3.64088,-1.1 0.756292 3.64112,-1.1 0.759419 3.64151,-1.1 0.762522 3.64206,-1.1 0.765595 3.64276,-1.1 0.768628 3.64361,-1.1 0.771616 3.64462,-1.1 0.774549 3.64577,-1.1 0.777422 3.64706,-1.1 0.780226 3.6485,-1.1 0.782956 3.65008,-1.1 0.785603 3.65179,-1.1 0.790626 3.65559,-1.1 0.792989 3.65768,-1.1 0.795245 3.65988,-1.1 0.797388 3.66219,-1.1 0.813027 3.69929,-1.1 0.813184 3.70243,-1.1 0.813184 3.70558,-1.1 0.792989 3.75034,-1.1 0.790626 3.75243,-1.1 0.788162 3.75439,-1.1 0.785603 3.75623,-1.1 0.768628 3.76441,-1.1 0.765595 3.76526,-1.1 0.762522 3.76596,-1.1 0.759419 3.76651,-1.1 0.756292 3.7669,-1.1 0.753149 3.76713,-1.1 0.749998 3.76721,-1.1 0.746848 3.76713,-1.1 0.743705 3.7669,-1.1 0.740578 3.76651,-1.1 0.737475 3.76596,-1.1 0.734402 3.76526,-1.1 0.731369 3.76441,-1.1 0.728381 3.7634,-1.1 0.725448 3.76225,-1.1 0.722575 3.76095,-1.1 0.719771 3.75952,-1.1 0.717041 3.75794,-1.1 0.714394 3.75623,-1.1 0.711835 3.75439,-1.1 0.707008 3.75034,-1.1 0.704752 3.74814,-1.1 0.702609 3.74583,-1.1 0.700583 3.74342,-1.1 0.69868 3.7409,-1.1 0.696905 3.7383,-1.1 0.695261 3.73561,-1.1 0.693754 3.73284,-1.1 0.692387 3.73,-1.1 0.691163 3.7271,-1.1 0.690085 3.72414,-1.1 0.689156 3.72113,-1.1 0.688378 3.71807,-1.1 0.687754 3.71498,-1.1 0.687284 3.71187,-1.1 0.68697 3.70873,-1.1 0.686813 3.70558,-1.1 0.686813 3.70243,-1.1 0.68697 3.69929,-1.1 0.687284 3.69615,-1.1 0.687754 3.69303,-1.1 0.688378 3.68994,-1.1 0.689156 3.68689,-1.1 0.690085 3.68388,-1.1 0.691163 3.68092,-1.1 0.692387 3.67801,-1.1 0.693754 3.67517,-1.1 0.695261 3.67241,-1.1 0.696905 3.66972,-1.1 0.69868 3.66711,-1.1 0.700583 3.6646,-1.1 0.702609 3.66219,-1.1 0.704752 3.65988,-1.1 0.707008 3.65768,-1.1 0.709371 3.65559,-1.1 0.711835 3.65363,-1.1 0.714394 3.65179,-1.1 0.717041 3.65008,-1.1 0.719771 3.6485,-1.1 0.722575 3.64706,-1.1 0.725448 3.64577,-1.1 0.728381 3.64462,-1.1 0.731369 3.64361,-1.1 0.734402 3.64276,-1.1 0.788162 3.65363,-1.1 0.737475 3.64206,-1.1 0.740578 3.64151,-1.1 0.743705 3.64112,-1.1 0.746848 3.64088,-1.1 0.80761 3.67801,-1.1 0.811619 3.68994,-1.1 0.801317 3.66711,-1.1 0.709371 3.75243,-1.1 0.799414 3.6646,-1.1 0.804736 3.67241,-1.1 0.803092 3.66972,-1.1 0.806243 3.67517,-1.1 0.808834 3.68092,-1.1 0.809912 3.68388,-1.1 0.810841 3.68689,-1.1 0.812243 3.69303,-1.1 0.812713 3.69615,-1.1 0.813027 3.70873,-1.1 0.812713 3.71187]
}}
appearance Appearance{material USE MET-COPPER }}
Shape { geometry IndexedFaceSet 
{ creaseAngle 0.50 coordIndex [0,1,2,-1,0,2,3,-1,0,3,4,-1,5,0,6,-1,7,8,9,-1,7,9,10,-1,7,10,11,-1,12,13,14,-1,15,13,12,-1,15,5,13,-1,15,12,16,-1,17,18,19,-1,17,19,20,-1,17,20,21,-1,17,21,22,-1,17,22,23,-1,17,23,24,-1,17,24,25,-1,17,25,26,-1,17,26,27,-1,17,27,28,-1,17,28,29,-1,17,29,30,-1,17,31,32,-1,17,32,33,-1,17,33,34,-1,17,35,36,-1,17,36,37,-1,17,38,39,-1,17,39,40,-1,17,40,41,-1,17,41,7,-1,17,11,42,-1,17,42,43,-1,17,43,44,-1,17,44,45,-1,17,45,46,-1,17,46,47,-1,17,47,48,-1,17,48,49,-1,17,49,50,-1,17,50,51,-1,17,51,52,-1,17,52,53,-1,17,53,54,-1,17,54,55,-1,17,55,56,-1,17,56,57,-1,17,57,58,-1,17,58,59,-1,17,59,60,-1,17,60,61,-1,17,62,63,-1,17,63,64,-1,17,64,65,-1,17,65,66,-1,17,66,67,-1,17,67,68,-1,17,68,69,-1,17,69,70,-1,17,70,71,-1,17,71,72,-1,17,72,73,-1,17,73,74,-1,17,74,75,-1,17,75,76,-1,17,76,77,-1,17,77,78,-1,17,78,79,-1,17,79,80,-1,17,80,81,-1,17,81,82,-1,17,82,83,-1,17,83,84,-1,17,84,85,-1,17,85,86,-1,17,86,87,-1,17,87,88,-1,17,88,89,-1,17,89,90,-1,17,90,91,-1,17,91,92,-1,17,92,93,-1,17,93,94,-1,17,94,95,-1,17,95,96,-1,17,96,97,-1,17,97,98,-1,17,98,99,-1,17,99,100,-1,17,100,101,-1,17,101,102,-1,17,102,103,-1,17,103,104,-1,17,104,105,-1,31,30,106,-1,17,105,107,-1,17,107,108,-1,17,108,109,-1,17,109,110,-1,17,110,18,-1,17,111,112,-1,17,112,35,-1,17,30,31,-1,17,61,62,-1,17,7,11,-1,17,34,113,-1,17,113,111,-1,17,37,1,-1,17,0,5,-1,17,1,0,-1,17,5,15,-1,61,114,62,-1,113,34,115,-1,116,113,117,-1,111,116,118,-1,111,113,116,-1,112,111,119,-1,112,119,120,-1,112,120,121,-1,35,112,122,-1,35,122,123,-1,1,37,124,-1,1,124,125,-1]
coord Coordinate { point [10.711 0.808834 3.7271,10.711 0.812243 3.71498,10.711 0.811619 3.71807,10.711 0.810841 3.72113,10.711 0.809912 3.72414,10.711 0.806243 3.73284,10.711 0.80761 3.73,10.711 0.782956 3.75794,10.711 0.780226 3.75952,10.711 0.777422 3.76095,10.711 0.774549 3.76225,10.711 0.771616 3.7634,10.711 0.801317 3.7409,10.711 0.804736 3.73561,10.711 0.803092 3.7383,10.711 0.797388 3.74583,10.711 0.799414 3.74342,10.711 0.795245 3.74814,10.711 0.749998 3.6408,10.711 0.753149 3.64088,10.711 0.756292 3.64112,10.711 0.759419 3.64151,10.711 0.762522 3.64206,10.711 0.765595 3.64276,10.711 0.768628 3.64361,10.711 0.771616 3.64462,10.711 0.774549 3.64577,10.711 0.777422 3.64706,10.711 0.780226 3.6485,10.711 0.782956 3.65008,10.711 0.785603 3.65179,10.711 0.790626 3.65559,10.711 0.792989 3.65768,10.711 0.795245 3.65988,10.711 0.797388 3.66219,10.711 0.813027 3.69929,10.711 0.813184 3.70243,10.711 0.813184 3.70558,10.711 0.792989 3.75034,10.711 0.790626 3.75243,10.711 0.788162 3.75439,10.711 0.785603 3.75623,10.711 0.768628 3.76441,10.711 0.765595 3.76526,10.711 0.762522 3.76596,10.711 0.759419 3.76651,10.711 0.756292 3.7669,10.711 0.753149 3.76713,10.711 0.749998 3.76721,10.711 0.746848 3.76713,10.711 0.743705 3.7669,10.711 0.740578 3.76651,10.711 0.737475 3.76596,10.711 0.734402 3.76526,10.711 0.731369 3.76441,10.711 0.728381 3.7634,10.711 0.725448 3.76225,10.711 0.722575 3.76095,10.711 0.719771 3.75952,10.711 0.717041 3.75794,10.711 0.714394 3.75623,10.711 0.711835 3.75439,10.711 0.707008 3.75034,10.711 0.704752 3.74814,10.711 0.702609 3.74583,10.711 0.700583 3.74342,10.711 0.69868 3.7409,10.711 0.696905 3.7383,10.711 0.695261 3.73561,10.711 0.693754 3.73284,10.711 0.692387 3.73,10.711 0.691163 3.7271,10.711 0.690085 3.72414,10.711 0.689156 3.72113,10.711 0.688378 3.71807,10.711 0.687754 3.71498,10.711 0.687284 3.71187,10.711 0.68697 3.70873,10.711 0.686813 3.70558,10.711 0.686813 3.70243,10.711 0.68697 3.69929,10.711 0.687284 3.69615,10.711 0.687754 3.69303,10.711 0.688378 3.68994,10.711 0.689156 3.68689,10.711 0.690085 3.68388,10.711 0.691163 3.68092,10.711 0.692387 3.67801,10.711 0.693754 3.67517,10.711 0.695261 3.67241,10.711 0.696905 3.66972,10.711 0.69868 3.66711,10.711 0.700583 3.6646,10.711 0.702609 3.66219,10.711 0.704752 3.65988,10.711 0.707008 3.65768,10.711 0.709371 3.65559,10.711 0.711835 3.65363,10.711 0.714394 3.65179,10.711 0.717041 3.65008,10.711 0.719771 3.6485,10.711 0.722575 3.64706,10.711 0.725448 3.64577,10.711 0.728381 3.64462,10.711 0.731369 3.64361,10.711 0.734402 3.64276,10.711 0.788162 3.65363,10.711 0.737475 3.64206,10.711 0.740578 3.64151,10.711 0.743705 3.64112,10.711 0.746848 3.64088,10.711 0.80761 3.67801,10.711 0.811619 3.68994,10.711 0.801317 3.66711,10.711 0.709371 3.75243,10.711 0.799414 3.6646,10.711 0.804736 3.67241,10.711 0.803092 3.66972,10.711 0.806243 3.67517,10.711 0.808834 3.68092,10.711 0.809912 3.68388,10.711 0.810841 3.68689,10.711 0.812243 3.69303,10.711 0.812713 3.69615,10.711 0.813027 3.70873,10.711 0.812713 3.71187]
}}
appearance Appearance{material USE MET-COPPER }}
Shape { geometry IndexedFaceSet 
{ creaseAngle 0.50 coordIndex [0,1,2,-1,1,3,2,-1,1,4,3,-1,4,5,3,-1,6,7,8,-1,9,10,5,-1,6,11,7,-1,11,12,7,-1,13,14,10,-1,11,15,12,-1,16,17,14,-1,15,18,19,-1,20,21,17,-1,18,22,23,-1,22,24,25,-1,20,26,21,-1,24,27,26,-1,26,27,21,-1,21,27,28,-1,28,29,30,-1,27,29,28,-1,29,31,30,-1,30,32,33,-1,31,32,30,-1,33,34,35,-1,32,34,33,-1,35,36,37,-1,34,36,35,-1,37,38,39,-1,39,38,40,-1,36,38,37,-1,38,41,40,-1,40,42,43,-1,41,42,40,-1,42,44,43,-1,43,44,45,-1,44,46,45,-1,45,46,47,-1,46,48,47,-1,47,48,49,-1,49,48,50,-1,48,51,50,-1,51,52,50,-1,50,52,53,-1,53,52,54,-1,52,55,54,-1,55,56,54,-1,54,56,57,-1,57,56,58,-1,56,59,58,-1,58,59,60,-1,59,61,60,-1,61,62,60,-1,60,62,63,-1,63,62,64,-1,62,65,64,-1,65,66,64,-1,64,66,67,-1,66,68,67,-1,67,68,69,-1,68,70,69,-1,69,70,71,-1,71,70,72,-1,70,73,72,-1,73,74,72,-1,72,74,75,-1,74,76,75,-1,75,76,77,-1,76,78,77,-1,77,78,79,-1,78,80,79,-1,79,80,81,-1,82,83,84,-1,80,83,81,-1,81,83,82,-1,84,85,86,-1,83,85,84,-1,85,87,86,-1,86,88,89,-1,87,88,86,-1,89,90,91,-1,88,90,89,-1,90,92,91,-1,91,92,93,-1,92,94,93,-1,93,94,95,-1,95,96,97,-1,94,96,95,-1,97,98,99,-1,99,98,100,-1,96,98,97,-1,98,101,100,-1,100,102,103,-1,101,102,100,-1,103,104,105,-1,105,104,106,-1,102,104,103,-1,104,107,106,-1,106,108,109,-1,107,108,106,-1,109,110,111,-1,111,110,112,-1,108,110,109,-1,110,113,112,-1,112,114,115,-1,113,114,112,-1,115,116,117,-1,117,116,118,-1,114,116,115,-1,116,119,118,-1,118,120,121,-1,119,120,118,-1,121,122,123,-1,120,122,121,-1,123,124,125,-1,125,124,126,-1,122,124,123,-1,127,128,129,-1,124,130,126,-1,131,132,128,-1,126,133,129,-1,130,133,126,-1,129,134,127,-1,133,134,129,-1,135,136,132,-1,133,137,134,-1,138,139,136,-1,137,140,141,-1,142,143,139,-1,140,144,145,-1,142,146,143,-1,146,147,143,-1,144,148,149,-1,146,150,147,-1,150,151,147,-1,151,152,147,-1,148,153,154,-1,153,155,154,-1,151,156,152,-1,156,157,152,-1,155,158,159,-1,153,158,155,-1,158,160,159,-1,161,162,157,-1,158,163,160,-1,163,164,160,-1,165,166,162,-1,163,167,164,-1,168,169,166,-1,167,170,171,-1,172,173,169,-1,170,174,175,-1,174,176,177,-1,178,179,172,-1,172,179,173,-1,176,179,178,-1,173,180,181,-1,179,180,173,-1,181,182,183,-1,180,182,181,-1,183,184,185,-1,182,184,183,-1,184,186,185,-1,185,186,187,-1,186,188,187,-1,187,188,189,-1,189,188,190,-1,188,191,190,-1,191,192,190,-1,190,192,193,-1,192,194,193,-1,193,194,195,-1,195,194,196,-1,194,197,196,-1,197,198,196,-1,196,198,199,-1,198,200,199,-1,199,200,201,-1,201,200,202,-1,200,203,202,-1,203,204,202,-1,202,204,205,-1,204,206,205,-1,205,206,207,-1,207,206,208,-1,206,209,208,-1,209,210,208,-1,208,210,211,-1,211,210,212,-1,210,213,212,-1,212,214,215,-1,213,214,212,-1,215,216,217,-1,214,216,215,-1,217,218,219,-1,216,218,217,-1,219,220,221,-1,218,220,219,-1,221,222,223,-1,223,222,224,-1,220,222,221,-1,222,225,224,-1,224,226,227,-1,225,226,224,-1,227,228,229,-1,226,228,227,-1,229,230,231,-1,231,230,232,-1,228,230,229,-1,230,233,232,-1,232,234,235,-1,235,234,236,-1,233,234,232,-1,234,237,236,-1,237,238,236,-1,236,238,239,-1,238,240,239,-1,239,240,241,-1,241,240,242,-1,240,243,242,-1,242,243,244,-1,243,245,244,-1,245,246,244,-1,244,246,247,-1,246,248,247,-1,247,248,249,-1,248,250,249,-1,249,250,251,-1,250,252,251,-1,251,252,253,-1,252,254,253,-1,253,254,255,-1,254,256,255,-1,255,256,257,-1,257,256,258,-1,256,259,258,-1,259,260,258,-1,258,260,261,-1,260,262,261,-1,261,262,263,-1,263,262,264,-1,262,265,264,-1,264,265,266,-1,265,267,266,-1,267,268,266,-1,266,268,269,-1,269,268,270,-1,268,271,270,-1,271,272,270,-1,270,272,273,-1,272,274,273,-1,273,274,275,-1,275,274,276,-1,274,277,276,-1,278,279,280,-1,277,281,276,-1,276,281,282,-1,283,284,279,-1,282,285,280,-1,281,285,282,-1,280,285,278,-1,285,286,278,-1,287,288,284,-1,285,289,286,-1,290,291,288,-1,289,292,293,-1,294,295,291,-1,292,296,297,-1,294,298,295,-1,298,2,295,-1,296,299,300,-1,298,0,2,-1,299,301,302,-1,301,303,302,-1,301,6,303,-1,303,6,8,-1,178,177,176,-1,177,175,174,-1,175,171,170,-1,171,164,167,-1,154,149,148,-1,149,145,144,-1,145,141,140,-1,141,134,137,-1,168,172,169,-1,165,168,166,-1,161,165,162,-1,156,161,157,-1,138,142,139,-1,135,138,136,-1,131,135,132,-1,127,131,128,-1,26,25,24,-1,25,23,22,-1,23,19,18,-1,19,12,15,-1,16,20,17,-1,13,16,14,-1,9,13,10,-1,4,9,5,-1,290,294,291,-1,287,290,288,-1,283,287,284,-1,278,283,279,-1,302,300,299,-1,300,297,296,-1,297,293,292,-1,293,286,289,-1]
coord Coordinate { point [10.611 0.424999 3.70401,10.611 0.424795 3.71246,10.711 0.424999 3.70401,10.711 0.424782 3.71273,10.611 0.424184 3.72088,10.711 0.42413 3.72143,-1.1 0.424999 3.70401,-0.999998 0.424795 3.71246,-0.999998 0.424999 3.70401,10.611 0.423166 3.72927,10.711 0.423045 3.73009,-1.1 0.424782 3.71273,-0.999998 0.424184 3.72088,10.611 0.421744 3.7376,10.711 0.421529 3.73868,-1.1 0.42413 3.72143,10.611 0.419922 3.74585,10.711 0.419588 3.74719,-1.1 0.423045 3.73009,-0.999998 0.423166 3.72927,10.611 0.417704 3.75401,10.711 0.417224 3.75559,-1.1 0.421529 3.73868,-0.999998 0.421744 3.7376,-1.1 0.419588 3.74719,-0.999998 0.419922 3.74585,-0.999998 0.417704 3.75401,-1.1 0.417224 3.75559,10.711 0.414445 3.76386,-1.1 0.414445 3.76386,10.711 0.411258 3.77198,-1.1 0.411258 3.77198,-1.1 0.407669 3.77994,10.711 0.407669 3.77994,-1.1 0.403688 3.7877,10.711 0.403688 3.7877,-1.1 0.399325 3.79526,10.711 0.399325 3.79526,-1.1 0.394591 3.80259,10.711 0.394591 3.80259,10.711 0.389497 3.80967,-1.1 0.389497 3.80967,-1.1 0.384057 3.8165,10.711 0.384057 3.8165,-1.1 0.378283 3.82304,10.711 0.378283 3.82304,-1.1 0.372191 3.82928,10.711 0.372191 3.82928,-1.1 0.365794 3.83522,10.711 0.365794 3.83522,10.711 0.35911 3.84083,-1.1 0.35911 3.84083,-1.1 0.352154 3.8461,10.711 0.352154 3.8461,10.711 0.344945 3.85101,-1.1 0.344945 3.85101,-1.1 0.337499 3.85556,10.711 0.337499 3.85556,10.711 0.329836 3.85974,-1.1 0.329836 3.85974,10.711 0.321975 3.86352,-1.1 0.321975 3.86352,-1.1 0.313934 3.86691,10.711 0.313934 3.86691,10.711 0.305735 3.8699,-1.1 0.305735 3.8699,-1.1 0.297396 3.87247,10.711 0.297396 3.87247,-1.1 0.288941 3.87462,10.711 0.288941 3.87462,-1.1 0.280388 3.87635,10.711 0.280388 3.87635,10.711 0.27176 3.87765,-1.1 0.27176 3.87765,-1.1 0.263077 3.87852,10.711 0.263077 3.87852,-1.1 0.254362 3.87895,10.711 0.254362 3.87895,-1.1 0.245637 3.87895,10.711 0.245637 3.87895,-1.1 0.236922 3.87852,10.711 0.236922 3.87852,10.711 0.228239 3.87765,-1.1 0.228239 3.87765,10.711 0.219611 3.87635,-1.1 0.219611 3.87635,10.711 0.211058 3.87462,-1.1 0.211058 3.87462,-1.1 0.202603 3.87247,10.711 0.202603 3.87247,-1.1 0.194264 3.8699,10.711 0.194264 3.8699,-1.1 0.186065 3.86691,10.711 0.186065 3.86691,-1.1 0.178024 3.86352,10.711 0.178024 3.86352,-1.1 0.170163 3.85974,10.711 0.170163 3.85974,-1.1 0.1625 3.85556,10.711 0.1625 3.85556,10.711 0.155054 3.85101,-1.1 0.155054 3.85101,-1.1 0.147845 3.8461,10.711 0.147845 3.8461,-1.1 0.140889 3.84083,10.711 0.140889 3.84083,10.711 0.134205 3.83522,-1.1 0.134205 3.83522,-1.1 0.127808 3.82928,10.711 0.127808 3.82928,-1.1 0.121716 3.82304,10.711 0.121716 3.82304,10.711 0.115942 3.8165,-1.1 0.115942 3.8165,-1.1 0.110502 3.80967,10.711 0.110502 3.80967,-1.1 0.105408 3.80259,10.711 0.105408 3.80259,10.711 0.100674 3.79526,-1.1 0.100674 3.79526,-1.1 0.096311 3.7877,10.711 0.096311 3.7877,-1.1 0.0923303 3.77994,10.711 0.0923303 3.77994,-1.1 0.0887415 3.77198,10.711 0.0887415 3.77198,10.711 0.0855536 3.76386,10.611 0.0822947 3.75401,10.711 0.0804113 3.74719,10.711 0.0827746 3.75559,-1.1 0.0855536 3.76386,10.611 0.0800766 3.74585,10.711 0.0784697 3.73868,-1.1 0.0827746 3.75559,-0.999998 0.0822947 3.75401,10.611 0.0782547 3.7376,10.711 0.0769545 3.73009,-1.1 0.0804113 3.74719,10.611 0.0768332 3.72927,10.711 0.0758695 3.72143,-1.1 0.0784697 3.73868,-0.999998 0.0800766 3.74585,10.611 0.0758155 3.72088,10.711 0.0752174 3.71273,-1.1 0.0769545 3.73009,-0.999998 0.0782547 3.7376,10.611 0.0752039 3.71246,10.711 0.0749998 3.70401,-1.1 0.0758695 3.72143,-0.999998 0.0768332 3.72927,10.611 0.0749998 3.70401,10.611 0.0752039 3.69556,10.711 0.0752174 3.69529,-1.1 0.0752174 3.71273,-0.999998 0.0758155 3.72088,-0.999998 0.0752039 3.71246,10.611 0.0758155 3.68713,10.711 0.0758695 3.68658,-1.1 0.0749998 3.70401,-0.999998 0.0749998 3.70401,-0.999998 0.0752039 3.69556,10.611 0.0768332 3.67874,10.711 0.0769545 3.67793,-1.1 0.0752174 3.69529,-0.999998 0.0758155 3.68713,10.611 0.0782547 3.67041,10.711 0.0784697 3.66933,-1.1 0.0758695 3.68658,10.611 0.0800766 3.66216,10.711 0.0804113 3.66083,-1.1 0.0769545 3.67793,-0.999998 0.0768332 3.67874,10.611 0.0822947 3.65401,10.711 0.0827746 3.65243,-1.1 0.0784697 3.66933,-0.999998 0.0782547 3.67041,-1.1 0.0804113 3.66083,-0.999998 0.0800766 3.66216,-0.999998 0.0822947 3.65401,-1.1 0.0827746 3.65243,-1.1 0.0855536 3.64415,10.711 0.0855536 3.64415,-1.1 0.0887415 3.63603,10.711 0.0887415 3.63603,-1.1 0.0923303 3.62808,10.711 0.0923303 3.62808,-1.1 0.096311 3.62031,10.711 0.096311 3.62031,-1.1 0.100674 3.61276,10.711 0.100674 3.61276,10.711 0.105408 3.60543,-1.1 0.105408 3.60543,-1.1 0.110502 3.59834,10.711 0.110502 3.59834,-1.1 0.115942 3.59152,10.711 0.115942 3.59152,10.711 0.121716 3.58498,-1.1 0.121716 3.58498,-1.1 0.127808 3.57873,10.711 0.127808 3.57873,-1.1 0.134205 3.5728,10.711 0.134205 3.5728,10.711 0.140889 3.56719,-1.1 0.140889 3.56719,-1.1 0.147845 3.56192,10.711 0.147845 3.56192,-1.1 0.155054 3.557,10.711 0.155054 3.557,10.711 0.1625 3.55245,-1.1 0.1625 3.55245,-1.1 0.170163 3.54828,10.711 0.170163 3.54828,10.711 0.178024 3.5445,-1.1 0.178024 3.5445,-1.1 0.186065 3.54111,10.711 0.186065 3.54111,-1.1 0.194264 3.53812,10.711 0.194264 3.53812,-1.1 0.202603 3.53555,10.711 0.202603 3.53555,-1.1 0.211058 3.5334,10.711 0.211058 3.5334,-1.1 0.219611 3.53167,10.711 0.219611 3.53167,10.711 0.228239 3.53037,-1.1 0.228239 3.53037,-1.1 0.236922 3.5295,10.711 0.236922 3.5295,-1.1 0.245637 3.52906,10.711 0.245637 3.52906,-1.1 0.254362 3.52906,10.711 0.254362 3.52906,10.711 0.263077 3.5295,-1.1 0.263077 3.5295,-1.1 0.27176 3.53037,10.711 0.27176 3.53037,10.711 0.280388 3.53167,-1.1 0.280388 3.53167,-1.1 0.288941 3.5334,10.711 0.288941 3.5334,-1.1 0.297396 3.53555,10.711 0.297396 3.53555,10.711 0.305735 3.53812,-1.1 0.305735 3.53812,10.711 0.313934 3.54111,-1.1 0.313934 3.54111,-1.1 0.321975 3.5445,10.711 0.321975 3.5445,-1.1 0.329836 3.54828,10.711 0.329836 3.54828,-1.1 0.337499 3.55245,10.711 0.337499 3.55245,-1.1 0.344945 3.557,10.711 0.344945 3.557,-1.1 0.352154 3.56192,10.711 0.352154 3.56192,-1.1 0.35911 3.56719,10.711 0.35911 3.56719,10.711 0.365794 3.5728,-1.1 0.365794 3.5728,-1.1 0.372191 3.57873,10.711 0.372191 3.57873,-1.1 0.378283 3.58498,10.711 0.378283 3.58498,10.711 0.384057 3.59152,-1.1 0.384057 3.59152,10.711 0.389497 3.59834,-1.1 0.389497 3.59834,-1.1 0.394591 3.60543,10.711 0.394591 3.60543,10.711 0.399325 3.61276,-1.1 0.399325 3.61276,-1.1 0.403688 3.62031,10.711 0.403688 3.62031,-1.1 0.407669 3.62808,10.711 0.407669 3.62808,10.711 0.411258 3.63603,-1.1 0.411258 3.63603,10.611 0.417704 3.65401,10.711 0.419588 3.66083,10.711 0.417224 3.65243,-1.1 0.414445 3.64415,10.711 0.414445 3.64415,10.611 0.419922 3.66216,10.711 0.421529 3.66933,-1.1 0.417224 3.65243,-0.999998 0.417704 3.65401,10.611 0.421744 3.67041,10.711 0.423045 3.67793,-1.1 0.419588 3.66083,10.611 0.423166 3.67874,10.711 0.42413 3.68658,-1.1 0.421529 3.66933,-0.999998 0.419922 3.66216,10.611 0.424184 3.68713,10.711 0.424782 3.69529,-1.1 0.423045 3.67793,-0.999998 0.421744 3.67041,10.611 0.424795 3.69556,-1.1 0.42413 3.68658,-0.999998 0.423166 3.67874,-1.1 0.424782 3.69529,-0.999998 0.424184 3.68713,-0.999998 0.424795 3.69556]
}}
appearance Appearance{material USE PLASTIC-YELLOW-01 }}
Shape { geometry IndexedFaceSet 
{ creaseAngle 0.50 coordIndex [0,1,2,-1,1,3,2,-1,2,3,4,-1,0,5,1,-1,6,5,0,-1,3,7,4,-1,4,7,8,-1,6,9,5,-1,10,9,6,-1,7,11,8,-1,8,11,12,-1,10,13,9,-1,14,13,10,-1,12,15,16,-1,11,15,12,-1,14,17,13,-1,18,17,14,-1,15,19,16,-1,16,19,20,-1,18,21,17,-1,22,21,18,-1,19,23,20,-1,20,23,24,-1,25,26,22,-1,22,26,21,-1,23,27,24,-1,24,27,28,-1,29,30,25,-1,25,30,26,-1,27,31,28,-1,28,31,32,-1,33,34,29,-1,29,34,30,-1,31,35,32,-1,32,35,36,-1,33,37,34,-1,38,37,33,-1,35,39,36,-1,36,39,40,-1,41,42,38,-1,38,42,37,-1,39,43,40,-1,40,43,44,-1,45,46,41,-1,41,46,42,-1,43,47,44,-1,44,47,48,-1,49,50,45,-1,45,50,46,-1,47,51,48,-1,48,51,52,-1,53,54,49,-1,49,54,50,-1,51,55,52,-1,52,55,56,-1,53,57,54,-1,58,57,53,-1,55,59,56,-1,56,59,60,-1,58,61,57,-1,62,61,58,-1,59,63,60,-1,60,63,64,-1,62,65,61,-1,66,65,62,-1,63,67,64,-1,64,67,68,-1,66,69,65,-1,70,69,66,-1,67,71,68,-1,68,71,72,-1,70,73,69,-1,74,73,70,-1,71,75,72,-1,72,75,76,-1,74,77,73,-1,78,77,74,-1,75,79,76,-1,76,79,80,-1,78,81,77,-1,82,81,78,-1,79,83,80,-1,80,83,84,-1,82,85,81,-1,86,85,82,-1,84,87,88,-1,83,87,84,-1,86,89,85,-1,90,89,86,-1,88,91,92,-1,87,91,88,-1,90,93,89,-1,94,93,90,-1,92,95,96,-1,91,95,92,-1,97,98,94,-1,94,98,93,-1,96,99,100,-1,95,99,96,-1,97,101,98,-1,102,101,97,-1,100,103,104,-1,99,103,100,-1,105,106,102,-1,102,106,101,-1,104,107,108,-1,103,107,104,-1,109,110,105,-1,105,110,106,-1,108,111,112,-1,107,111,108,-1,109,113,110,-1,114,113,109,-1,112,115,116,-1,111,115,112,-1,117,118,114,-1,114,118,113,-1,116,119,120,-1,115,119,116,-1,121,122,117,-1,117,122,118,-1,119,123,120,-1,123,124,120,-1,121,125,122,-1,123,126,124,-1,121,127,125,-1,127,128,125,-1,129,130,126,-1,126,130,124,-1,128,131,132,-1,127,131,128,-1,133,134,129,-1,129,134,130,-1,132,135,136,-1,131,135,132,-1,133,137,134,-1,138,137,133,-1,136,139,140,-1,135,139,136,-1,138,141,137,-1,142,141,138,-1,139,143,140,-1,140,143,144,-1,142,145,141,-1,146,145,142,-1,143,147,144,-1,144,147,148,-1,146,149,145,-1,150,149,146,-1,147,151,148,-1,148,151,152,-1,153,154,150,-1,150,154,149,-1,151,155,152,-1,152,155,156,-1,153,157,154,-1,158,157,153,-1,155,159,156,-1,156,159,160,-1,158,161,157,-1,162,161,158,-1,159,163,160,-1,160,163,164,-1,165,166,162,-1,162,166,161,-1,163,167,164,-1,164,167,168,-1,169,170,165,-1,165,170,166,-1,167,171,168,-1,168,171,172,-1,173,174,169,-1,169,174,170,-1,171,175,172,-1,172,175,176,-1,177,178,173,-1,173,178,174,-1,175,179,176,-1,176,179,180,-1,181,182,177,-1,177,182,178,-1,179,183,180,-1,180,183,184,-1,181,185,182,-1,186,185,181,-1,183,187,184,-1,184,187,188,-1,189,190,186,-1,186,190,185,-1,188,191,192,-1,187,191,188,-1,193,194,189,-1,189,194,190,-1,192,195,196,-1,191,195,192,-1,197,198,193,-1,193,198,194,-1,196,199,200,-1,195,199,196,-1,201,202,197,-1,197,202,198,-1,200,203,204,-1,199,203,200,-1,205,206,201,-1,201,206,202,-1,203,207,204,-1,204,207,208,-1,205,209,206,-1,210,209,205,-1,207,211,208,-1,208,211,212,-1,213,214,210,-1,210,214,209,-1,211,215,212,-1,212,215,216,-1,213,217,214,-1,218,217,213,-1,215,219,216,-1,216,219,220,-1,218,221,217,-1,222,221,218,-1,219,223,220,-1,220,223,224,-1,225,226,222,-1,222,226,221,-1,223,227,224,-1,224,227,228,-1,225,229,226,-1,230,229,225,-1,227,231,228,-1,228,231,232,-1,233,234,230,-1,230,234,229,-1,231,235,232,-1,232,235,236,-1,233,237,234,-1,238,237,233,-1,235,239,236,-1,236,239,240,-1,238,241,237,-1,242,241,238,-1,239,243,240,-1,240,243,244,-1,242,245,241,-1,246,245,242,-1,243,247,244,-1,244,247,248,-1,246,249,245,-1,250,249,246,-1,247,251,248,-1,250,251,249,-1,248,251,250,-1]
coord Coordinate { point [-1.1 0.121716 3.58498,-1.1 0.204753 3.65988,-1.1 0.127808 3.57873,-1.1 0.207009 3.65768,-1.1 0.134205 3.5728,-1.1 0.20261 3.66219,-1.1 0.115942 3.59152,-1.1 0.209372 3.65559,-1.1 0.140889 3.56719,-1.1 0.200584 3.6646,-1.1 0.110502 3.59834,-1.1 0.211836 3.65363,-1.1 0.147845 3.56192,-1.1 0.198681 3.66711,-1.1 0.105408 3.60543,-1.1 0.214395 3.65179,-1.1 0.155054 3.557,-1.1 0.196906 3.66972,-1.1 0.100674 3.61276,-1.1 0.217042 3.65008,-1.1 0.1625 3.55245,-1.1 0.195262 3.67241,-1.1 0.096311 3.62031,-1.1 0.219772 3.6485,-1.1 0.170163 3.54828,-1.1 0.0923303 3.62808,-1.1 0.193755 3.67517,-1.1 0.222576 3.64706,-1.1 0.178024 3.5445,-1.1 0.0887415 3.63603,-1.1 0.192388 3.67801,-1.1 0.225449 3.64577,-1.1 0.186065 3.54111,-1.1 0.0855536 3.64415,-1.1 0.191164 3.68092,-1.1 0.228382 3.64462,-1.1 0.194264 3.53812,-1.1 0.190086 3.68388,-1.1 0.0827746 3.65243,-1.1 0.23137 3.64361,-1.1 0.202603 3.53555,-1.1 0.0804113 3.66083,-1.1 0.189157 3.68689,-1.1 0.234403 3.64276,-1.1 0.211058 3.5334,-1.1 0.0784697 3.66933,-1.1 0.188379 3.68994,-1.1 0.237476 3.64206,-1.1 0.219611 3.53167,-1.1 0.0769545 3.67793,-1.1 0.187755 3.69303,-1.1 0.240579 3.64151,-1.1 0.228239 3.53037,-1.1 0.0758695 3.68658,-1.1 0.187285 3.69615,-1.1 0.243706 3.64112,-1.1 0.236922 3.5295,-1.1 0.186971 3.69929,-1.1 0.0752174 3.69529,-1.1 0.246849 3.64088,-1.1 0.245637 3.52906,-1.1 0.186814 3.70243,-1.1 0.0749998 3.70401,-1.1 0.249999 3.6408,-1.1 0.254362 3.52906,-1.1 0.186814 3.70558,-1.1 0.0752174 3.71273,-1.1 0.25315 3.64088,-1.1 0.263077 3.5295,-1.1 0.186971 3.70873,-1.1 0.0758695 3.72143,-1.1 0.256293 3.64112,-1.1 0.27176 3.53037,-1.1 0.187285 3.71187,-1.1 0.0769545 3.73009,-1.1 0.25942 3.64151,-1.1 0.280388 3.53167,-1.1 0.187755 3.71498,-1.1 0.0784697 3.73868,-1.1 0.262523 3.64206,-1.1 0.288941 3.5334,-1.1 0.188379 3.71807,-1.1 0.0804113 3.74719,-1.1 0.265596 3.64276,-1.1 0.297396 3.53555,-1.1 0.189157 3.72113,-1.1 0.0827746 3.75559,-1.1 0.268629 3.64361,-1.1 0.305735 3.53812,-1.1 0.190086 3.72414,-1.1 0.0855536 3.76386,-1.1 0.271617 3.64462,-1.1 0.313934 3.54111,-1.1 0.191164 3.7271,-1.1 0.0887415 3.77198,-1.1 0.27455 3.64577,-1.1 0.321975 3.5445,-1.1 0.0923303 3.77994,-1.1 0.192388 3.73,-1.1 0.277423 3.64706,-1.1 0.329836 3.54828,-1.1 0.193755 3.73284,-1.1 0.096311 3.7877,-1.1 0.280227 3.6485,-1.1 0.337499 3.55245,-1.1 0.100674 3.79526,-1.1 0.195262 3.73561,-1.1 0.282957 3.65008,-1.1 0.344945 3.557,-1.1 0.105408 3.80259,-1.1 0.196906 3.7383,-1.1 0.285604 3.65179,-1.1 0.352154 3.56192,-1.1 0.198681 3.7409,-1.1 0.110502 3.80967,-1.1 0.288163 3.65363,-1.1 0.35911 3.56719,-1.1 0.115942 3.8165,-1.1 0.200584 3.74342,-1.1 0.290627 3.65559,-1.1 0.365794 3.5728,-1.1 0.121716 3.82304,-1.1 0.20261 3.74583,-1.1 0.29299 3.65768,-1.1 0.372191 3.57873,-1.1 0.204753 3.74814,-1.1 0.295246 3.65988,-1.1 0.127808 3.82928,-1.1 0.207009 3.75034,-1.1 0.297389 3.66219,-1.1 0.378283 3.58498,-1.1 0.134205 3.83522,-1.1 0.209372 3.75243,-1.1 0.299415 3.6646,-1.1 0.384057 3.59152,-1.1 0.140889 3.84083,-1.1 0.211836 3.75439,-1.1 0.389497 3.59834,-1.1 0.301318 3.66711,-1.1 0.147845 3.8461,-1.1 0.214395 3.75623,-1.1 0.394591 3.60543,-1.1 0.303093 3.66972,-1.1 0.155054 3.85101,-1.1 0.217042 3.75794,-1.1 0.399325 3.61276,-1.1 0.304737 3.67241,-1.1 0.1625 3.85556,-1.1 0.219772 3.75952,-1.1 0.403688 3.62031,-1.1 0.306244 3.67517,-1.1 0.170163 3.85974,-1.1 0.222576 3.76095,-1.1 0.307611 3.67801,-1.1 0.407669 3.62808,-1.1 0.178024 3.86352,-1.1 0.225449 3.76225,-1.1 0.411258 3.63603,-1.1 0.308835 3.68092,-1.1 0.186065 3.86691,-1.1 0.228382 3.7634,-1.1 0.414445 3.64415,-1.1 0.309913 3.68388,-1.1 0.194264 3.8699,-1.1 0.23137 3.76441,-1.1 0.310842 3.68689,-1.1 0.417224 3.65243,-1.1 0.202603 3.87247,-1.1 0.234403 3.76526,-1.1 0.31162 3.68994,-1.1 0.419588 3.66083,-1.1 0.211058 3.87462,-1.1 0.237476 3.76596,-1.1 0.312244 3.69303,-1.1 0.421529 3.66933,-1.1 0.219611 3.87635,-1.1 0.240579 3.76651,-1.1 0.312714 3.69615,-1.1 0.423045 3.67793,-1.1 0.228239 3.87765,-1.1 0.243706 3.7669,-1.1 0.313028 3.69929,-1.1 0.42413 3.68658,-1.1 0.236922 3.87852,-1.1 0.246849 3.76713,-1.1 0.424782 3.69529,-1.1 0.313185 3.70243,-1.1 0.245637 3.87895,-1.1 0.249999 3.76721,-1.1 0.313185 3.70558,-1.1 0.424999 3.70401,-1.1 0.254362 3.87895,-1.1 0.25315 3.76713,-1.1 0.313028 3.70873,-1.1 0.424782 3.71273,-1.1 0.263077 3.87852,-1.1 0.256293 3.7669,-1.1 0.312714 3.71187,-1.1 0.42413 3.72143,-1.1 0.27176 3.87765,-1.1 0.25942 3.76651,-1.1 0.312244 3.71498,-1.1 0.423045 3.73009,-1.1 0.280388 3.87635,-1.1 0.262523 3.76596,-1.1 0.31162 3.71807,-1.1 0.421529 3.73868,-1.1 0.288941 3.87462,-1.1 0.265596 3.76526,-1.1 0.419588 3.74719,-1.1 0.310842 3.72113,-1.1 0.297396 3.87247,-1.1 0.268629 3.76441,-1.1 0.309913 3.72414,-1.1 0.417224 3.75559,-1.1 0.305735 3.8699,-1.1 0.271617 3.7634,-1.1 0.414445 3.76386,-1.1 0.308835 3.7271,-1.1 0.313934 3.86691,-1.1 0.27455 3.76225,-1.1 0.411258 3.77198,-1.1 0.307611 3.73,-1.1 0.321975 3.86352,-1.1 0.277423 3.76095,-1.1 0.306244 3.73284,-1.1 0.407669 3.77994,-1.1 0.329836 3.85974,-1.1 0.280227 3.75952,-1.1 0.403688 3.7877,-1.1 0.304737 3.73561,-1.1 0.337499 3.85556,-1.1 0.282957 3.75794,-1.1 0.303093 3.7383,-1.1 0.399325 3.79526,-1.1 0.344945 3.85101,-1.1 0.285604 3.75623,-1.1 0.394591 3.80259,-1.1 0.301318 3.7409,-1.1 0.352154 3.8461,-1.1 0.288163 3.75439,-1.1 0.389497 3.80967,-1.1 0.299415 3.74342,-1.1 0.35911 3.84083,-1.1 0.290627 3.75243,-1.1 0.384057 3.8165,-1.1 0.297389 3.74583,-1.1 0.365794 3.83522,-1.1 0.29299 3.75034,-1.1 0.378283 3.82304,-1.1 0.295246 3.74814,-1.1 0.372191 3.82928]
}}
appearance Appearance{material USE PLASTIC-YELLOW-01 }}
Shape { geometry IndexedFaceSet 
{ creaseAngle 0.50 coordIndex [0,1,2,-1,3,0,2,-1,3,2,4,-1,5,1,0,-1,5,6,1,-1,7,3,4,-1,7,4,8,-1,9,6,5,-1,9,10,6,-1,11,7,8,-1,11,8,12,-1,13,10,9,-1,13,14,10,-1,15,12,16,-1,15,11,12,-1,17,14,13,-1,17,18,14,-1,19,15,16,-1,19,16,20,-1,21,18,17,-1,21,22,18,-1,23,19,20,-1,23,20,24,-1,25,26,22,-1,25,22,21,-1,27,23,24,-1,27,24,28,-1,29,30,26,-1,29,26,25,-1,31,27,28,-1,31,28,32,-1,33,34,30,-1,33,30,29,-1,35,31,32,-1,35,32,36,-1,37,34,33,-1,37,38,34,-1,39,35,36,-1,39,36,40,-1,41,42,38,-1,41,38,37,-1,43,39,40,-1,43,40,44,-1,45,46,42,-1,45,42,41,-1,47,43,44,-1,47,44,48,-1,49,50,46,-1,49,46,45,-1,51,47,48,-1,51,48,52,-1,53,54,50,-1,53,50,49,-1,55,51,52,-1,55,52,56,-1,57,54,53,-1,57,58,54,-1,59,55,56,-1,59,56,60,-1,61,58,57,-1,61,62,58,-1,63,59,60,-1,63,60,64,-1,65,62,61,-1,65,66,62,-1,67,63,64,-1,67,64,68,-1,69,66,65,-1,69,70,66,-1,71,67,68,-1,71,68,72,-1,73,70,69,-1,73,74,70,-1,75,71,72,-1,75,72,76,-1,77,74,73,-1,77,78,74,-1,79,75,76,-1,79,76,80,-1,81,78,77,-1,81,82,78,-1,83,79,80,-1,83,80,84,-1,85,82,81,-1,85,86,82,-1,87,84,88,-1,87,83,84,-1,89,86,85,-1,89,90,86,-1,91,88,92,-1,91,87,88,-1,93,90,89,-1,93,94,90,-1,95,92,96,-1,95,91,92,-1,97,98,94,-1,97,94,93,-1,99,96,100,-1,99,95,96,-1,101,98,97,-1,101,102,98,-1,103,100,104,-1,103,99,100,-1,105,106,102,-1,105,102,101,-1,107,104,108,-1,107,103,104,-1,109,110,106,-1,109,106,105,-1,111,108,112,-1,111,107,108,-1,113,110,109,-1,113,114,110,-1,115,112,116,-1,115,111,112,-1,117,118,114,-1,117,114,113,-1,119,116,120,-1,119,115,116,-1,121,122,118,-1,121,118,117,-1,123,119,120,-1,124,123,120,-1,125,122,121,-1,126,123,124,-1,127,122,125,-1,128,127,125,-1,129,130,126,-1,129,126,124,-1,131,128,132,-1,131,127,128,-1,133,134,130,-1,133,130,129,-1,135,132,136,-1,135,131,132,-1,137,134,133,-1,137,138,134,-1,139,136,140,-1,139,135,136,-1,141,138,137,-1,141,142,138,-1,143,139,140,-1,143,140,144,-1,145,142,141,-1,145,146,142,-1,147,143,144,-1,147,144,148,-1,149,146,145,-1,149,150,146,-1,151,147,148,-1,151,148,152,-1,153,154,150,-1,153,150,149,-1,155,151,152,-1,155,152,156,-1,157,154,153,-1,157,158,154,-1,159,155,156,-1,159,156,160,-1,161,158,157,-1,161,162,158,-1,163,159,160,-1,163,160,164,-1,165,166,162,-1,165,162,161,-1,167,163,164,-1,167,164,168,-1,169,170,166,-1,169,166,165,-1,171,167,168,-1,171,168,172,-1,173,174,170,-1,173,170,169,-1,175,171,172,-1,175,172,176,-1,177,178,174,-1,177,174,173,-1,179,175,176,-1,179,176,180,-1,181,182,178,-1,181,178,177,-1,183,179,180,-1,183,180,184,-1,185,182,181,-1,185,186,182,-1,187,183,184,-1,187,184,188,-1,189,190,186,-1,189,186,185,-1,191,188,192,-1,191,187,188,-1,193,194,190,-1,193,190,189,-1,195,192,196,-1,195,191,192,-1,197,198,194,-1,197,194,193,-1,199,196,200,-1,199,195,196,-1,201,202,198,-1,201,198,197,-1,203,200,204,-1,203,199,200,-1,205,206,202,-1,205,202,201,-1,207,203,204,-1,207,204,208,-1,209,206,205,-1,209,210,206,-1,211,207,208,-1,211,208,212,-1,213,214,210,-1,213,210,209,-1,215,211,212,-1,215,212,216,-1,217,214,213,-1,217,218,214,-1,219,215,216,-1,219,216,220,-1,221,218,217,-1,221,222,218,-1,223,219,220,-1,223,220,224,-1,225,226,222,-1,225,222,221,-1,227,223,224,-1,227,224,228,-1,229,226,225,-1,229,230,226,-1,231,227,228,-1,231,228,232,-1,233,234,230,-1,233,230,229,-1,235,231,232,-1,235,232,236,-1,237,234,233,-1,237,238,234,-1,239,235,236,-1,239,236,240,-1,241,238,237,-1,241,242,238,-1,243,239,240,-1,243,240,244,-1,245,242,241,-1,245,246,242,-1,247,243,244,-1,247,244,248,-1,249,246,245,-1,249,250,246,-1,251,247,248,-1,251,250,249,-1,251,248,250,-1]
coord Coordinate { point [10.711 0.204753 3.65988,10.711 0.121716 3.58498,10.711 0.127808 3.57873,10.711 0.207009 3.65768,10.711 0.134205 3.5728,10.711 0.20261 3.66219,10.711 0.115942 3.59152,10.711 0.209372 3.65559,10.711 0.140889 3.56719,10.711 0.200584 3.6646,10.711 0.110502 3.59834,10.711 0.211836 3.65363,10.711 0.147845 3.56192,10.711 0.198681 3.66711,10.711 0.105408 3.60543,10.711 0.214395 3.65179,10.711 0.155054 3.557,10.711 0.196906 3.66972,10.711 0.100674 3.61276,10.711 0.217042 3.65008,10.711 0.1625 3.55245,10.711 0.195262 3.67241,10.711 0.096311 3.62031,10.711 0.219772 3.6485,10.711 0.170163 3.54828,10.711 0.193755 3.67517,10.711 0.0923303 3.62808,10.711 0.222576 3.64706,10.711 0.178024 3.5445,10.711 0.192388 3.67801,10.711 0.0887415 3.63603,10.711 0.225449 3.64577,10.711 0.186065 3.54111,10.711 0.191164 3.68092,10.711 0.0855536 3.64415,10.711 0.228382 3.64462,10.711 0.194264 3.53812,10.711 0.190086 3.68388,10.711 0.0827746 3.65243,10.711 0.23137 3.64361,10.711 0.202603 3.53555,10.711 0.189157 3.68689,10.711 0.0804113 3.66083,10.711 0.234403 3.64276,10.711 0.211058 3.5334,10.711 0.188379 3.68994,10.711 0.0784697 3.66933,10.711 0.237476 3.64206,10.711 0.219611 3.53167,10.711 0.187755 3.69303,10.711 0.0769545 3.67793,10.711 0.240579 3.64151,10.711 0.228239 3.53037,10.711 0.187285 3.69615,10.711 0.0758695 3.68658,10.711 0.243706 3.64112,10.711 0.236922 3.5295,10.711 0.186971 3.69929,10.711 0.0752174 3.69529,10.711 0.246849 3.64088,10.711 0.245637 3.52906,10.711 0.186814 3.70243,10.711 0.0749998 3.70401,10.711 0.249999 3.6408,10.711 0.254362 3.52906,10.711 0.186814 3.70558,10.711 0.0752174 3.71273,10.711 0.25315 3.64088,10.711 0.263077 3.5295,10.711 0.186971 3.70873,10.711 0.0758695 3.72143,10.711 0.256293 3.64112,10.711 0.27176 3.53037,10.711 0.187285 3.71187,10.711 0.0769545 3.73009,10.711 0.25942 3.64151,10.711 0.280388 3.53167,10.711 0.187755 3.71498,10.711 0.0784697 3.73868,10.711 0.262523 3.64206,10.711 0.288941 3.5334,10.711 0.188379 3.71807,10.711 0.0804113 3.74719,10.711 0.265596 3.64276,10.711 0.297396 3.53555,10.711 0.189157 3.72113,10.711 0.0827746 3.75559,10.711 0.268629 3.64361,10.711 0.305735 3.53812,10.711 0.190086 3.72414,10.711 0.0855536 3.76386,10.711 0.271617 3.64462,10.711 0.313934 3.54111,10.711 0.191164 3.7271,10.711 0.0887415 3.77198,10.711 0.27455 3.64577,10.711 0.321975 3.5445,10.711 0.192388 3.73,10.711 0.0923303 3.77994,10.711 0.277423 3.64706,10.711 0.329836 3.54828,10.711 0.193755 3.73284,10.711 0.096311 3.7877,10.711 0.280227 3.6485,10.711 0.337499 3.55245,10.711 0.195262 3.73561,10.711 0.100674 3.79526,10.711 0.282957 3.65008,10.711 0.344945 3.557,10.711 0.196906 3.7383,10.711 0.105408 3.80259,10.711 0.285604 3.65179,10.711 0.352154 3.56192,10.711 0.198681 3.7409,10.711 0.110502 3.80967,10.711 0.288163 3.65363,10.711 0.35911 3.56719,10.711 0.200584 3.74342,10.711 0.115942 3.8165,10.711 0.290627 3.65559,10.711 0.365794 3.5728,10.711 0.20261 3.74583,10.711 0.121716 3.82304,10.711 0.29299 3.65768,10.711 0.372191 3.57873,10.711 0.204753 3.74814,10.711 0.295246 3.65988,10.711 0.127808 3.82928,10.711 0.207009 3.75034,10.711 0.378283 3.58498,10.711 0.297389 3.66219,10.711 0.134205 3.83522,10.711 0.209372 3.75243,10.711 0.384057 3.59152,10.711 0.299415 3.6646,10.711 0.140889 3.84083,10.711 0.211836 3.75439,10.711 0.389497 3.59834,10.711 0.301318 3.66711,10.711 0.147845 3.8461,10.711 0.214395 3.75623,10.711 0.394591 3.60543,10.711 0.303093 3.66972,10.711 0.155054 3.85101,10.711 0.217042 3.75794,10.711 0.399325 3.61276,10.711 0.304737 3.67241,10.711 0.1625 3.85556,10.711 0.219772 3.75952,10.711 0.403688 3.62031,10.711 0.306244 3.67517,10.711 0.170163 3.85974,10.711 0.222576 3.76095,10.711 0.407669 3.62808,10.711 0.307611 3.67801,10.711 0.178024 3.86352,10.711 0.225449 3.76225,10.711 0.411258 3.63603,10.711 0.308835 3.68092,10.711 0.186065 3.86691,10.711 0.228382 3.7634,10.711 0.414445 3.64415,10.711 0.309913 3.68388,10.711 0.194264 3.8699,10.711 0.23137 3.76441,10.711 0.417224 3.65243,10.711 0.310842 3.68689,10.711 0.202603 3.87247,10.711 0.234403 3.76526,10.711 0.419588 3.66083,10.711 0.31162 3.68994,10.711 0.211058 3.87462,10.711 0.237476 3.76596,10.711 0.421529 3.66933,10.711 0.312244 3.69303,10.711 0.219611 3.87635,10.711 0.240579 3.76651,10.711 0.423045 3.67793,10.711 0.312714 3.69615,10.711 0.228239 3.87765,10.711 0.243706 3.7669,10.711 0.42413 3.68658,10.711 0.313028 3.69929,10.711 0.236922 3.87852,10.711 0.246849 3.76713,10.711 0.424782 3.69529,10.711 0.313185 3.70243,10.711 0.245637 3.87895,10.711 0.249999 3.76721,10.711 0.424999 3.70401,10.711 0.313185 3.70558,10.711 0.254362 3.87895,10.711 0.25315 3.76713,10.711 0.424782 3.71273,10.711 0.313028 3.70873,10.711 0.263077 3.87852,10.711 0.256293 3.7669,10.711 0.42413 3.72143,10.711 0.312714 3.71187,10.711 0.27176 3.87765,10.711 0.25942 3.76651,10.711 0.423045 3.73009,10.711 0.312244 3.71498,10.711 0.280388 3.87635,10.711 0.262523 3.76596,10.711 0.421529 3.73868,10.711 0.31162 3.71807,10.711 0.288941 3.87462,10.711 0.265596 3.76526,10.711 0.419588 3.74719,10.711 0.310842 3.72113,10.711 0.297396 3.87247,10.711 0.268629 3.76441,10.711 0.417224 3.75559,10.711 0.309913 3.72414,10.711 0.305735 3.8699,10.711 0.271617 3.7634,10.711 0.414445 3.76386,10.711 0.308835 3.7271,10.711 0.313934 3.86691,10.711 0.27455 3.76225,10.711 0.411258 3.77198,10.711 0.307611 3.73,10.711 0.321975 3.86352,10.711 0.277423 3.76095,10.711 0.407669 3.77994,10.711 0.306244 3.73284,10.711 0.329836 3.85974,10.711 0.280227 3.75952,10.711 0.403688 3.7877,10.711 0.304737 3.73561,10.711 0.337499 3.85556,10.711 0.282957 3.75794,10.711 0.399325 3.79526,10.711 0.303093 3.7383,10.711 0.344945 3.85101,10.711 0.285604 3.75623,10.711 0.394591 3.80259,10.711 0.301318 3.7409,10.711 0.352154 3.8461,10.711 0.288163 3.75439,10.711 0.389497 3.80967,10.711 0.299415 3.74342,10.711 0.35911 3.84083,10.711 0.290627 3.75243,10.711 0.384057 3.8165,10.711 0.297389 3.74583,10.711 0.365794 3.83522,10.711 0.29299 3.75034,10.711 0.378283 3.82304,10.711 0.295246 3.74814,10.711 0.372191 3.82928]
}}
appearance Appearance{material USE PLASTIC-YELLOW-01 }}
Shape { geometry IndexedFaceSet 
{ creaseAngle 0.50 coordIndex [0,1,2,-1,2,1,3,-1,3,4,5,-1,1,4,3,-1,5,6,7,-1,4,6,5,-1,7,8,9,-1,9,8,10,-1,6,8,7,-1,8,11,10,-1,10,12,13,-1,11,12,10,-1,13,14,15,-1,15,14,16,-1,12,14,13,-1,14,17,16,-1,16,18,19,-1,17,18,16,-1,19,20,21,-1,18,20,19,-1,21,22,23,-1,23,22,24,-1,20,22,21,-1,22,25,24,-1]
coord Coordinate { point [-0.999998 -0.0822947 3.65401,-0.999998 -0.0800766 3.66216,-0.999998 0.0822947 3.65401,-0.999998 0.0800766 3.66216,-0.999998 -0.0782547 3.67041,-0.999998 0.0782547 3.67041,-0.999998 -0.0768332 3.67874,-0.999998 0.0768332 3.67874,-0.999998 -0.0758155 3.68713,-0.999998 0.0758155 3.68713,-0.999998 0.0752039 3.69556,-0.999998 -0.0752039 3.69556,-0.999998 -0.0749999 3.70401,-0.999998 0.0749998 3.70401,-0.999998 -0.0752039 3.71246,-0.999998 0.0752039 3.71246,-0.999998 0.0758155 3.72088,-0.999998 -0.0758155 3.72088,-0.999998 -0.0768332 3.72927,-0.999998 0.0768332 3.72927,-0.999998 -0.0782547 3.7376,-0.999998 0.0782547 3.7376,-0.999998 -0.0800766 3.74585,-0.999998 0.0800766 3.74585,-0.999998 0.0822947 3.75401,-0.999998 -0.0822947 3.75401]
}}
appearance Appearance{material USE CAP-CERAMIC-05 }}
Shape { geometry IndexedFaceSet 
{ creaseAngle 0.50 coordIndex [0,1,2,-1,0,2,3,-1]
coord Coordinate { point [10.611 -0.0822947 3.75401,10.611 0.0822947 3.75401,-0.999998 0.0822947 3.75401,-0.999998 -0.0822947 3.75401]
}}
appearance Appearance{material USE CAP-CERAMIC-05 }}
Shape { geometry IndexedFaceSet 
{ creaseAngle 0.50 coordIndex [0,1,2,-1,3,0,2,-1,4,2,5,-1,4,3,2,-1,6,5,7,-1,6,4,5,-1,8,7,9,-1,8,6,7,-1,10,9,11,-1,10,11,12,-1,10,8,9,-1,13,10,12,-1,14,12,15,-1,14,15,16,-1,14,13,12,-1,17,14,16,-1,18,16,19,-1,18,17,16,-1,20,19,21,-1,20,18,19,-1,22,21,23,-1,22,23,24,-1,22,20,21,-1,25,22,24,-1]
coord Coordinate { point [10.611 -0.0822947 3.65401,10.611 0.0822947 3.65401,10.611 0.0800766 3.66216,10.611 -0.0800766 3.66216,10.611 -0.0782547 3.67041,10.611 0.0782547 3.67041,10.611 -0.0768332 3.67874,10.611 0.0768332 3.67874,10.611 -0.0758155 3.68713,10.611 0.0758155 3.68713,10.611 -0.0752039 3.69556,10.611 0.0752039 3.69556,10.611 0.0749998 3.70401,10.611 -0.0749999 3.70401,10.611 -0.0752039 3.71246,10.611 0.0752039 3.71246,10.611 0.0758155 3.72088,10.611 -0.0758155 3.72088,10.611 -0.0768332 3.72927,10.611 0.0768332 3.72927,10.611 -0.0782547 3.7376,10.611 0.0782547 3.7376,10.611 -0.0800766 3.74585,10.611 0.0800766 3.74585,10.611 0.0822947 3.75401,10.611 -0.0822947 3.75401]
}}
appearance Appearance{material USE CAP-CERAMIC-05 }}
Shape { geometry IndexedFaceSet 
{ creaseAngle 0.50 coordIndex [0,1,2,-1,2,1,3,-1]
coord Coordinate { point [10.611 0.0822947 3.65401,10.611 -0.0822947 3.65401,-0.999998 0.0822947 3.65401,-0.999998 -0.0822947 3.65401]
}}
appearance Appearance{material USE CAP-CERAMIC-05 }}
Shape { geometry IndexedFaceSet 
{ creaseAngle 0.50 coordIndex [0,1,2,-1,3,4,5,-1,4,6,7,-1,7,6,8,-1,9,10,11,-1,11,10,12,-1,13,14,15,-1,15,14,16,-1,16,14,17,-1,17,14,18,-1,18,14,19,-1,19,14,20,-1,20,14,21,-1,21,14,22,-1,22,14,23,-1,23,14,24,-1,24,14,25,-1,25,14,26,-1,27,14,28,-1,28,14,29,-1,30,14,31,-1,31,14,32,-1,32,14,33,-1,33,14,34,-1,34,14,35,-1,35,14,36,-1,36,14,37,-1,38,14,39,-1,6,14,40,-1,40,14,41,-1,41,14,42,-1,43,14,44,-1,44,14,10,-1,12,14,45,-1,45,14,1,-1,2,14,46,-1,46,14,47,-1,47,14,48,-1,48,14,49,-1,49,14,50,-1,50,14,51,-1,51,14,52,-1,52,14,53,-1,53,14,54,-1,54,14,55,-1,55,14,56,-1,56,14,57,-1,57,14,58,-1,59,14,60,-1,60,14,61,-1,61,14,62,-1,63,14,64,-1,64,14,65,-1,65,14,66,-1,66,14,67,-1,67,14,68,-1,68,14,69,-1,69,14,70,-1,70,14,71,-1,71,14,72,-1,72,14,73,-1,73,14,74,-1,74,14,75,-1,75,14,76,-1,76,14,77,-1,77,14,78,-1,78,14,79,-1,79,14,80,-1,80,14,81,-1,81,14,82,-1,82,14,83,-1,83,14,84,-1,84,14,85,-1,85,14,86,-1,86,14,87,-1,87,14,88,-1,88,14,89,-1,89,14,90,-1,90,14,91,-1,91,14,92,-1,92,14,93,-1,93,14,94,-1,94,14,95,-1,95,14,96,-1,96,14,97,-1,97,14,98,-1,98,14,99,-1,99,14,100,-1,100,14,101,-1,26,102,103,-1,101,14,104,-1,104,14,105,-1,105,14,106,-1,106,14,107,-1,107,14,108,-1,108,14,109,-1,109,14,110,-1,110,14,111,-1,111,14,112,-1,112,14,13,-1,113,14,3,-1,3,14,4,-1,26,14,27,-1,1,14,2,-1,10,14,12,-1,37,14,38,-1,29,14,30,-1,62,14,63,-1,58,14,59,-1,4,14,6,-1,39,14,113,-1,26,27,102,-1,102,27,114,-1,115,62,63,-1,29,30,116,-1,116,30,117,-1,117,30,118,-1,118,30,119,-1,120,58,121,-1,121,58,59,-1,37,38,122,-1,39,113,123,-1,123,113,124,-1,113,3,125,-1]
coord Coordinate { point [-1.1 0.271617 3.7634,-1.1 0.27455 3.76225,-1.1 0.268629 3.76441,-1.1 0.309913 3.72414,-1.1 0.307611 3.73,-1.1 0.308835 3.7271,-1.1 0.303093 3.7383,-1.1 0.306244 3.73284,-1.1 0.304737 3.73561,-1.1 0.285604 3.75623,-1.1 0.288163 3.75439,-1.1 0.282957 3.75794,-1.1 0.280227 3.75952,-1.1 0.249999 3.6408,-1.1 0.295246 3.74814,-1.1 0.25315 3.64088,-1.1 0.256293 3.64112,-1.1 0.25942 3.64151,-1.1 0.262523 3.64206,-1.1 0.265596 3.64276,-1.1 0.268629 3.64361,-1.1 0.271617 3.64462,-1.1 0.27455 3.64577,-1.1 0.277423 3.64706,-1.1 0.280227 3.6485,-1.1 0.282957 3.65008,-1.1 0.285604 3.65179,-1.1 0.295246 3.65988,-1.1 0.297389 3.66219,-1.1 0.299415 3.6646,-1.1 0.307611 3.67801,-1.1 0.308835 3.68092,-1.1 0.309913 3.68388,-1.1 0.310842 3.68689,-1.1 0.31162 3.68994,-1.1 0.312244 3.69303,-1.1 0.312714 3.69615,-1.1 0.313028 3.69929,-1.1 0.313185 3.70558,-1.1 0.313028 3.70873,-1.1 0.301318 3.7409,-1.1 0.299415 3.74342,-1.1 0.297389 3.74583,-1.1 0.29299 3.75034,-1.1 0.290627 3.75243,-1.1 0.277423 3.76095,-1.1 0.265596 3.76526,-1.1 0.262523 3.76596,-1.1 0.25942 3.76651,-1.1 0.256293 3.7669,-1.1 0.25315 3.76713,-1.1 0.249999 3.76721,-1.1 0.246849 3.76713,-1.1 0.243706 3.7669,-1.1 0.240579 3.76651,-1.1 0.237476 3.76596,-1.1 0.234403 3.76526,-1.1 0.23137 3.76441,-1.1 0.228382 3.7634,-1.1 0.219772 3.75952,-1.1 0.217042 3.75794,-1.1 0.214395 3.75623,-1.1 0.211836 3.75439,-1.1 0.207009 3.75034,-1.1 0.204753 3.74814,-1.1 0.20261 3.74583,-1.1 0.200584 3.74342,-1.1 0.198681 3.7409,-1.1 0.196906 3.7383,-1.1 0.195262 3.73561,-1.1 0.193755 3.73284,-1.1 0.192388 3.73,-1.1 0.191164 3.7271,-1.1 0.190086 3.72414,-1.1 0.189157 3.72113,-1.1 0.188379 3.71807,-1.1 0.187755 3.71498,-1.1 0.187285 3.71187,-1.1 0.186971 3.70873,-1.1 0.186814 3.70558,-1.1 0.186814 3.70243,-1.1 0.186971 3.69929,-1.1 0.187285 3.69615,-1.1 0.187755 3.69303,-1.1 0.188379 3.68994,-1.1 0.189157 3.68689,-1.1 0.190086 3.68388,-1.1 0.191164 3.68092,-1.1 0.192388 3.67801,-1.1 0.193755 3.67517,-1.1 0.195262 3.67241,-1.1 0.196906 3.66972,-1.1 0.198681 3.66711,-1.1 0.200584 3.6646,-1.1 0.20261 3.66219,-1.1 0.204753 3.65988,-1.1 0.207009 3.65768,-1.1 0.209372 3.65559,-1.1 0.211836 3.65363,-1.1 0.214395 3.65179,-1.1 0.217042 3.65008,-1.1 0.219772 3.6485,-1.1 0.290627 3.65559,-1.1 0.288163 3.65363,-1.1 0.222576 3.64706,-1.1 0.225449 3.64577,-1.1 0.228382 3.64462,-1.1 0.23137 3.64361,-1.1 0.234403 3.64276,-1.1 0.237476 3.64206,-1.1 0.240579 3.64151,-1.1 0.243706 3.64112,-1.1 0.246849 3.64088,-1.1 0.31162 3.71807,-1.1 0.29299 3.65768,-1.1 0.209372 3.75243,-1.1 0.301318 3.66711,-1.1 0.303093 3.66972,-1.1 0.304737 3.67241,-1.1 0.306244 3.67517,-1.1 0.225449 3.76225,-1.1 0.222576 3.76095,-1.1 0.313185 3.70243,-1.1 0.312714 3.71187,-1.1 0.312244 3.71498,-1.1 0.310842 3.72113]
}}
appearance Appearance{material USE MET-COPPER }}
Shape { geometry IndexedFaceSet 
{ creaseAngle 0.50 coordIndex [0,1,2,-1,3,4,5,-1,6,3,7,-1,6,7,8,-1,9,10,11,-1,9,11,12,-1,13,14,15,-1,13,15,16,-1,13,16,17,-1,13,17,18,-1,13,18,19,-1,13,19,20,-1,13,20,21,-1,13,21,22,-1,13,22,23,-1,13,23,24,-1,13,24,25,-1,13,25,26,-1,13,27,28,-1,13,28,29,-1,13,30,31,-1,13,31,32,-1,13,32,33,-1,13,33,34,-1,13,34,35,-1,13,35,36,-1,13,36,37,-1,13,38,39,-1,13,6,40,-1,13,40,41,-1,13,41,42,-1,13,43,44,-1,13,44,9,-1,13,12,45,-1,13,45,0,-1,13,2,46,-1,13,46,47,-1,13,47,48,-1,13,48,49,-1,13,49,50,-1,13,50,51,-1,13,51,52,-1,13,52,53,-1,13,53,54,-1,13,54,55,-1,13,55,56,-1,13,56,57,-1,13,57,58,-1,13,59,60,-1,13,60,61,-1,13,61,62,-1,13,63,64,-1,13,64,65,-1,13,65,66,-1,13,66,67,-1,13,67,68,-1,13,68,69,-1,13,69,70,-1,13,70,71,-1,13,71,72,-1,13,72,73,-1,13,73,74,-1,13,74,75,-1,13,75,76,-1,13,76,77,-1,13,77,78,-1,13,78,79,-1,13,79,80,-1,13,80,81,-1,13,81,82,-1,13,82,83,-1,13,83,84,-1,13,84,85,-1,13,85,86,-1,13,86,87,-1,13,87,88,-1,13,88,89,-1,13,89,90,-1,13,90,91,-1,13,91,92,-1,13,92,93,-1,13,93,94,-1,13,94,95,-1,13,95,96,-1,13,96,97,-1,13,97,98,-1,13,98,99,-1,13,99,100,-1,13,100,101,-1,102,26,103,-1,13,101,104,-1,13,104,105,-1,13,105,106,-1,13,106,107,-1,13,107,108,-1,13,108,109,-1,13,109,110,-1,13,110,111,-1,13,111,112,-1,13,112,14,-1,13,113,4,-1,13,4,3,-1,13,26,27,-1,13,0,2,-1,13,9,12,-1,13,37,38,-1,13,29,30,-1,13,62,63,-1,13,58,59,-1,13,3,6,-1,13,39,113,-1,27,26,102,-1,27,102,114,-1,62,115,63,-1,30,29,116,-1,30,116,117,-1,30,117,118,-1,30,118,119,-1,58,120,121,-1,58,121,59,-1,38,37,122,-1,113,39,123,-1,113,123,124,-1,4,113,125,-1]
coord Coordinate { point [10.711 0.27455 3.76225,10.711 0.271617 3.7634,10.711 0.268629 3.76441,10.711 0.307611 3.73,10.711 0.309913 3.72414,10.711 0.308835 3.7271,10.711 0.303093 3.7383,10.711 0.306244 3.73284,10.711 0.304737 3.73561,10.711 0.288163 3.75439,10.711 0.285604 3.75623,10.711 0.282957 3.75794,10.711 0.280227 3.75952,10.711 0.295246 3.74814,10.711 0.249999 3.6408,10.711 0.25315 3.64088,10.711 0.256293 3.64112,10.711 0.25942 3.64151,10.711 0.262523 3.64206,10.711 0.265596 3.64276,10.711 0.268629 3.64361,10.711 0.271617 3.64462,10.711 0.27455 3.64577,10.711 0.277423 3.64706,10.711 0.280227 3.6485,10.711 0.282957 3.65008,10.711 0.285604 3.65179,10.711 0.295246 3.65988,10.711 0.297389 3.66219,10.711 0.299415 3.6646,10.711 0.307611 3.67801,10.711 0.308835 3.68092,10.711 0.309913 3.68388,10.711 0.310842 3.68689,10.711 0.31162 3.68994,10.711 0.312244 3.69303,10.711 0.312714 3.69615,10.711 0.313028 3.69929,10.711 0.313185 3.70558,10.711 0.313028 3.70873,10.711 0.301318 3.7409,10.711 0.299415 3.74342,10.711 0.297389 3.74583,10.711 0.29299 3.75034,10.711 0.290627 3.75243,10.711 0.277423 3.76095,10.711 0.265596 3.76526,10.711 0.262523 3.76596,10.711 0.25942 3.76651,10.711 0.256293 3.7669,10.711 0.25315 3.76713,10.711 0.249999 3.76721,10.711 0.246849 3.76713,10.711 0.243706 3.7669,10.711 0.240579 3.76651,10.711 0.237476 3.76596,10.711 0.234403 3.76526,10.711 0.23137 3.76441,10.711 0.228382 3.7634,10.711 0.219772 3.75952,10.711 0.217042 3.75794,10.711 0.214395 3.75623,10.711 0.211836 3.75439,10.711 0.207009 3.75034,10.711 0.204753 3.74814,10.711 0.20261 3.74583,10.711 0.200584 3.74342,10.711 0.198681 3.7409,10.711 0.196906 3.7383,10.711 0.195262 3.73561,10.711 0.193755 3.73284,10.711 0.192388 3.73,10.711 0.191164 3.7271,10.711 0.190086 3.72414,10.711 0.189157 3.72113,10.711 0.188379 3.71807,10.711 0.187755 3.71498,10.711 0.187285 3.71187,10.711 0.186971 3.70873,10.711 0.186814 3.70558,10.711 0.186814 3.70243,10.711 0.186971 3.69929,10.711 0.187285 3.69615,10.711 0.187755 3.69303,10.711 0.188379 3.68994,10.711 0.189157 3.68689,10.711 0.190086 3.68388,10.711 0.191164 3.68092,10.711 0.192388 3.67801,10.711 0.193755 3.67517,10.711 0.195262 3.67241,10.711 0.196906 3.66972,10.711 0.198681 3.66711,10.711 0.200584 3.6646,10.711 0.20261 3.66219,10.711 0.204753 3.65988,10.711 0.207009 3.65768,10.711 0.209372 3.65559,10.711 0.211836 3.65363,10.711 0.214395 3.65179,10.711 0.217042 3.65008,10.711 0.219772 3.6485,10.711 0.290627 3.65559,10.711 0.288163 3.65363,10.711 0.222576 3.64706,10.711 0.225449 3.64577,10.711 0.228382 3.64462,10.711 0.23137 3.64361,10.711 0.234403 3.64276,10.711 0.237476 3.64206,10.711 0.240579 3.64151,10.711 0.243706 3.64112,10.711 0.246849 3.64088,10.711 0.31162 3.71807,10.711 0.29299 3.65768,10.711 0.209372 3.75243,10.711 0.301318 3.66711,10.711 0.303093 3.66972,10.711 0.304737 3.67241,10.711 0.306244 3.67517,10.711 0.225449 3.76225,10.711 0.222576 3.76095,10.711 0.313185 3.70243,10.711 0.312714 3.71187,10.711 0.312244 3.71498,10.711 0.310842 3.72113]
}}
appearance Appearance{material USE MET-COPPER }}
Shape { geometry IndexedFaceSet 
{ creaseAngle 0.50 coordIndex [0,1,2,-1,1,3,2,-1,1,4,3,-1,4,5,3,-1,6,7,8,-1,9,10,5,-1,6,11,7,-1,11,12,7,-1,13,14,10,-1,11,15,12,-1,16,17,14,-1,15,18,19,-1,20,21,17,-1,18,22,23,-1,22,24,25,-1,20,26,21,-1,26,27,21,-1,24,27,26,-1,21,27,28,-1,28,29,30,-1,27,29,28,-1,29,31,30,-1,30,32,33,-1,31,32,30,-1,33,34,35,-1,32,34,33,-1,35,36,37,-1,34,36,35,-1,37,38,39,-1,39,38,40,-1,36,38,37,-1,38,41,40,-1,40,42,43,-1,41,42,40,-1,42,44,43,-1,43,44,45,-1,44,46,45,-1,45,46,47,-1,46,48,47,-1,47,48,49,-1,49,48,50,-1,48,51,50,-1,51,52,50,-1,50,52,53,-1,53,52,54,-1,52,55,54,-1,55,56,54,-1,54,56,57,-1,57,56,58,-1,56,59,58,-1,58,59,60,-1,59,61,60,-1,61,62,60,-1,60,62,63,-1,63,62,64,-1,62,65,64,-1,65,66,64,-1,64,66,67,-1,66,68,67,-1,67,68,69,-1,68,70,69,-1,69,70,71,-1,71,70,72,-1,70,73,72,-1,73,74,72,-1,72,74,75,-1,74,76,75,-1,75,76,77,-1,76,78,77,-1,77,78,79,-1,78,80,79,-1,79,80,81,-1,82,83,84,-1,80,83,81,-1,81,83,82,-1,84,85,86,-1,83,85,84,-1,85,87,86,-1,86,88,89,-1,87,88,86,-1,89,90,91,-1,88,90,89,-1,90,92,91,-1,91,92,93,-1,92,94,93,-1,93,94,95,-1,95,96,97,-1,94,96,95,-1,97,98,99,-1,99,98,100,-1,96,98,97,-1,98,101,100,-1,100,102,103,-1,101,102,100,-1,103,104,105,-1,105,104,106,-1,102,104,103,-1,104,107,106,-1,106,108,109,-1,107,108,106,-1,109,110,111,-1,111,110,112,-1,108,110,109,-1,110,113,112,-1,112,114,115,-1,113,114,112,-1,115,116,117,-1,117,116,118,-1,114,116,115,-1,116,119,118,-1,118,120,121,-1,119,120,118,-1,121,122,123,-1,120,122,121,-1,123,124,125,-1,125,124,126,-1,122,124,123,-1,127,128,129,-1,124,130,126,-1,131,132,128,-1,126,133,129,-1,130,133,126,-1,129,134,127,-1,133,134,129,-1,135,136,132,-1,133,137,134,-1,138,139,136,-1,137,140,141,-1,142,143,139,-1,140,144,145,-1,142,146,143,-1,146,147,143,-1,144,148,149,-1,146,150,147,-1,150,151,147,-1,151,152,147,-1,148,153,154,-1,153,155,154,-1,151,156,152,-1,156,157,152,-1,155,158,159,-1,153,158,155,-1,158,160,159,-1,161,162,157,-1,158,163,160,-1,163,164,160,-1,165,166,162,-1,163,167,164,-1,168,169,166,-1,167,170,171,-1,172,173,169,-1,170,174,175,-1,174,176,177,-1,172,178,173,-1,178,179,173,-1,176,179,178,-1,173,180,181,-1,179,180,173,-1,181,182,183,-1,180,182,181,-1,183,184,185,-1,182,184,183,-1,184,186,185,-1,185,186,187,-1,186,188,187,-1,187,188,189,-1,189,188,190,-1,188,191,190,-1,191,192,190,-1,190,192,193,-1,192,194,193,-1,193,194,195,-1,195,194,196,-1,194,197,196,-1,197,198,196,-1,196,198,199,-1,198,200,199,-1,199,200,201,-1,201,200,202,-1,200,203,202,-1,203,204,202,-1,202,204,205,-1,204,206,205,-1,205,206,207,-1,207,206,208,-1,206,209,208,-1,209,210,208,-1,208,210,211,-1,211,210,212,-1,210,213,212,-1,212,214,215,-1,213,214,212,-1,215,216,217,-1,214,216,215,-1,217,218,219,-1,216,218,217,-1,219,220,221,-1,218,220,219,-1,221,222,223,-1,223,222,224,-1,220,222,221,-1,222,225,224,-1,224,226,227,-1,225,226,224,-1,227,228,229,-1,226,228,227,-1,229,230,231,-1,231,230,232,-1,228,230,229,-1,230,233,232,-1,232,234,235,-1,235,234,236,-1,233,234,232,-1,234,237,236,-1,237,238,236,-1,236,238,239,-1,238,240,239,-1,239,240,241,-1,241,240,242,-1,240,243,242,-1,242,243,244,-1,243,245,244,-1,245,246,244,-1,244,246,247,-1,246,248,247,-1,247,248,249,-1,248,250,249,-1,249,250,251,-1,250,252,251,-1,251,252,253,-1,252,254,253,-1,253,254,255,-1,254,256,255,-1,255,256,257,-1,257,256,258,-1,256,259,258,-1,259,260,258,-1,258,260,261,-1,260,262,261,-1,261,262,263,-1,263,262,264,-1,262,265,264,-1,264,265,266,-1,265,267,266,-1,267,268,266,-1,266,268,269,-1,269,268,270,-1,268,271,270,-1,271,272,270,-1,270,272,273,-1,272,274,273,-1,273,274,275,-1,275,274,276,-1,274,277,276,-1,278,279,280,-1,277,281,276,-1,276,281,282,-1,283,284,279,-1,282,285,280,-1,281,285,282,-1,280,285,278,-1,285,286,278,-1,287,288,284,-1,285,289,286,-1,290,291,288,-1,289,292,293,-1,294,295,291,-1,292,296,297,-1,294,298,295,-1,298,2,295,-1,296,299,300,-1,298,0,2,-1,299,301,302,-1,301,303,302,-1,301,6,303,-1,303,6,8,-1,178,177,176,-1,177,175,174,-1,175,171,170,-1,171,164,167,-1,154,149,148,-1,149,145,144,-1,145,141,140,-1,141,134,137,-1,168,172,169,-1,165,168,166,-1,161,165,162,-1,156,161,157,-1,138,142,139,-1,135,138,136,-1,131,135,132,-1,127,131,128,-1,26,25,24,-1,25,23,22,-1,23,19,18,-1,19,12,15,-1,16,20,17,-1,13,16,14,-1,9,13,10,-1,4,9,5,-1,290,294,291,-1,287,290,288,-1,283,287,284,-1,278,283,279,-1,302,300,299,-1,300,297,296,-1,297,293,292,-1,293,286,289,-1]
coord Coordinate { point [10.611 -0.0749999 3.70401,10.611 -0.0752039 3.71246,10.711 -0.0749999 3.70401,10.711 -0.0752174 3.71273,10.611 -0.0758155 3.72088,10.711 -0.0758695 3.72143,-1.1 -0.0749999 3.70401,-0.999998 -0.0752039 3.71246,-0.999998 -0.0749999 3.70401,10.611 -0.0768332 3.72927,10.711 -0.0769545 3.73009,-1.1 -0.0752174 3.71273,-0.999998 -0.0758155 3.72088,10.611 -0.0782547 3.7376,10.711 -0.0784697 3.73868,-1.1 -0.0758695 3.72143,10.611 -0.0800766 3.74585,10.711 -0.0804113 3.74719,-1.1 -0.0769545 3.73009,-0.999998 -0.0768332 3.72927,10.611 -0.0822947 3.75401,10.711 -0.0827746 3.75559,-1.1 -0.0784697 3.73868,-0.999998 -0.0782547 3.7376,-1.1 -0.0804113 3.74719,-0.999998 -0.0800766 3.74585,-0.999998 -0.0822947 3.75401,-1.1 -0.0827746 3.75559,10.711 -0.0855536 3.76386,-1.1 -0.0855536 3.76386,10.711 -0.0887415 3.77198,-1.1 -0.0887415 3.77198,-1.1 -0.0923303 3.77994,10.711 -0.0923303 3.77994,-1.1 -0.096311 3.7877,10.711 -0.096311 3.7877,-1.1 -0.100674 3.79526,10.711 -0.100674 3.79526,-1.1 -0.105408 3.80259,10.711 -0.105408 3.80259,10.711 -0.110502 3.80967,-1.1 -0.110502 3.80967,-1.1 -0.115942 3.8165,10.711 -0.115942 3.8165,-1.1 -0.121716 3.82304,10.711 -0.121716 3.82304,-1.1 -0.127808 3.82928,10.711 -0.127808 3.82928,-1.1 -0.134205 3.83522,10.711 -0.134205 3.83522,10.711 -0.140889 3.84083,-1.1 -0.140889 3.84083,-1.1 -0.147845 3.8461,10.711 -0.147845 3.8461,10.711 -0.155054 3.85101,-1.1 -0.155054 3.85101,-1.1 -0.1625 3.85556,10.711 -0.1625 3.85556,10.711 -0.170163 3.85974,-1.1 -0.170163 3.85974,10.711 -0.178024 3.86352,-1.1 -0.178024 3.86352,-1.1 -0.186065 3.86691,10.711 -0.186065 3.86691,10.711 -0.194264 3.8699,-1.1 -0.194264 3.8699,-1.1 -0.202603 3.87247,10.711 -0.202603 3.87247,-1.1 -0.211058 3.87462,10.711 -0.211058 3.87462,-1.1 -0.219611 3.87635,10.711 -0.219611 3.87635,10.711 -0.228239 3.87765,-1.1 -0.228239 3.87765,-1.1 -0.236922 3.87852,10.711 -0.236922 3.87852,-1.1 -0.245637 3.87895,10.711 -0.245637 3.87895,-1.1 -0.254362 3.87895,10.711 -0.254362 3.87895,-1.1 -0.263077 3.87852,10.711 -0.263077 3.87852,10.711 -0.27176 3.87765,-1.1 -0.27176 3.87765,10.711 -0.280388 3.87635,-1.1 -0.280388 3.87635,10.711 -0.288941 3.87462,-1.1 -0.288941 3.87462,-1.1 -0.297396 3.87247,10.711 -0.297396 3.87247,-1.1 -0.305735 3.8699,10.711 -0.305735 3.8699,-1.1 -0.313934 3.86691,10.711 -0.313934 3.86691,-1.1 -0.321975 3.86352,10.711 -0.321975 3.86352,-1.1 -0.329836 3.85974,10.711 -0.329836 3.85974,-1.1 -0.337499 3.85556,10.711 -0.337499 3.85556,10.711 -0.344945 3.85101,-1.1 -0.344945 3.85101,-1.1 -0.352154 3.8461,10.711 -0.352154 3.8461,-1.1 -0.35911 3.84083,10.711 -0.35911 3.84083,10.711 -0.365794 3.83522,-1.1 -0.365794 3.83522,-1.1 -0.372191 3.82928,10.711 -0.372191 3.82928,-1.1 -0.378283 3.82304,10.711 -0.378283 3.82304,10.711 -0.384057 3.8165,-1.1 -0.384057 3.8165,-1.1 -0.389497 3.80967,10.711 -0.389497 3.80967,-1.1 -0.394591 3.80259,10.711 -0.394591 3.80259,10.711 -0.399325 3.79526,-1.1 -0.399325 3.79526,-1.1 -0.403688 3.7877,10.711 -0.403688 3.7877,-1.1 -0.407669 3.77994,10.711 -0.407669 3.77994,-1.1 -0.411258 3.77198,10.711 -0.411258 3.77198,10.711 -0.414445 3.76386,10.611 -0.417704 3.75401,10.711 -0.419588 3.74719,10.711 -0.417224 3.75559,-1.1 -0.414445 3.76386,10.611 -0.419922 3.74585,10.711 -0.421529 3.73868,-1.1 -0.417224 3.75559,-0.999998 -0.417704 3.75401,10.611 -0.421744 3.7376,10.711 -0.423045 3.73009,-1.1 -0.419588 3.74719,10.611 -0.423166 3.72927,10.711 -0.42413 3.72143,-1.1 -0.421529 3.73868,-0.999998 -0.419922 3.74585,10.611 -0.424184 3.72088,10.711 -0.424782 3.71273,-1.1 -0.423045 3.73009,-0.999998 -0.421744 3.7376,10.611 -0.424795 3.71246,10.711 -0.424999 3.70401,-1.1 -0.42413 3.72143,-0.999998 -0.423166 3.72927,10.611 -0.424999 3.70401,10.611 -0.424795 3.69556,10.711 -0.424782 3.69529,-1.1 -0.424782 3.71273,-0.999998 -0.424184 3.72088,-0.999998 -0.424795 3.71246,10.611 -0.424184 3.68713,10.711 -0.42413 3.68658,-1.1 -0.424999 3.70401,-0.999998 -0.424999 3.70401,-0.999998 -0.424795 3.69556,10.611 -0.423166 3.67874,10.711 -0.423045 3.67793,-1.1 -0.424782 3.69529,-0.999998 -0.424184 3.68713,10.611 -0.421744 3.67041,10.711 -0.421529 3.66933,-1.1 -0.42413 3.68658,10.611 -0.419922 3.66216,10.711 -0.419588 3.66083,-1.1 -0.423045 3.67793,-0.999998 -0.423166 3.67874,10.611 -0.417704 3.65401,10.711 -0.417224 3.65243,-1.1 -0.421529 3.66933,-0.999998 -0.421744 3.67041,-1.1 -0.419588 3.66083,-0.999998 -0.419922 3.66216,-0.999998 -0.417704 3.65401,-1.1 -0.417224 3.65243,-1.1 -0.414445 3.64415,10.711 -0.414445 3.64415,-1.1 -0.411258 3.63603,10.711 -0.411258 3.63603,-1.1 -0.407669 3.62808,10.711 -0.407669 3.62808,-1.1 -0.403688 3.62031,10.711 -0.403688 3.62031,-1.1 -0.399325 3.61276,10.711 -0.399325 3.61276,10.711 -0.394591 3.60543,-1.1 -0.394591 3.60543,-1.1 -0.389497 3.59834,10.711 -0.389497 3.59834,-1.1 -0.384057 3.59152,10.711 -0.384057 3.59152,10.711 -0.378283 3.58498,-1.1 -0.378283 3.58498,-1.1 -0.372191 3.57873,10.711 -0.372191 3.57873,-1.1 -0.365794 3.5728,10.711 -0.365794 3.5728,10.711 -0.35911 3.56719,-1.1 -0.35911 3.56719,-1.1 -0.352154 3.56192,10.711 -0.352154 3.56192,-1.1 -0.344945 3.557,10.711 -0.344945 3.557,10.711 -0.337499 3.55245,-1.1 -0.337499 3.55245,-1.1 -0.329836 3.54828,10.711 -0.329836 3.54828,10.711 -0.321975 3.5445,-1.1 -0.321975 3.5445,-1.1 -0.313934 3.54111,10.711 -0.313934 3.54111,-1.1 -0.305735 3.53812,10.711 -0.305735 3.53812,-1.1 -0.297396 3.53555,10.711 -0.297396 3.53555,-1.1 -0.288941 3.5334,10.711 -0.288941 3.5334,-1.1 -0.280388 3.53167,10.711 -0.280388 3.53167,10.711 -0.27176 3.53037,-1.1 -0.27176 3.53037,-1.1 -0.263077 3.5295,10.711 -0.263077 3.5295,-1.1 -0.254362 3.52906,10.711 -0.254362 3.52906,-1.1 -0.245637 3.52906,10.711 -0.245637 3.52906,10.711 -0.236922 3.5295,-1.1 -0.236922 3.5295,-1.1 -0.228239 3.53037,10.711 -0.228239 3.53037,10.711 -0.219611 3.53167,-1.1 -0.219611 3.53167,-1.1 -0.211058 3.5334,10.711 -0.211058 3.5334,-1.1 -0.202603 3.53555,10.711 -0.202603 3.53555,10.711 -0.194264 3.53812,-1.1 -0.194264 3.53812,10.711 -0.186065 3.54111,-1.1 -0.186065 3.54111,-1.1 -0.178024 3.5445,10.711 -0.178024 3.5445,-1.1 -0.170163 3.54828,10.711 -0.170163 3.54828,-1.1 -0.1625 3.55245,10.711 -0.1625 3.55245,-1.1 -0.155054 3.557,10.711 -0.155054 3.557,-1.1 -0.147845 3.56192,10.711 -0.147845 3.56192,-1.1 -0.140889 3.56719,10.711 -0.140889 3.56719,10.711 -0.134205 3.5728,-1.1 -0.134205 3.5728,-1.1 -0.127808 3.57873,10.711 -0.127808 3.57873,-1.1 -0.121716 3.58498,10.711 -0.121716 3.58498,10.711 -0.115942 3.59152,-1.1 -0.115942 3.59152,10.711 -0.110502 3.59834,-1.1 -0.110502 3.59834,-1.1 -0.105408 3.60543,10.711 -0.105408 3.60543,10.711 -0.100674 3.61276,-1.1 -0.100674 3.61276,-1.1 -0.096311 3.62031,10.711 -0.096311 3.62031,-1.1 -0.0923303 3.62808,10.711 -0.0923303 3.62808,10.711 -0.0887415 3.63603,-1.1 -0.0887415 3.63603,10.611 -0.0822947 3.65401,10.711 -0.0804113 3.66083,10.711 -0.0827746 3.65243,-1.1 -0.0855536 3.64415,10.711 -0.0855536 3.64415,10.611 -0.0800766 3.66216,10.711 -0.0784697 3.66933,-1.1 -0.0827746 3.65243,-0.999998 -0.0822947 3.65401,10.611 -0.0782547 3.67041,10.711 -0.0769545 3.67793,-1.1 -0.0804113 3.66083,10.611 -0.0768332 3.67874,10.711 -0.0758695 3.68658,-1.1 -0.0784697 3.66933,-0.999998 -0.0800766 3.66216,10.611 -0.0758155 3.68713,10.711 -0.0752174 3.69529,-1.1 -0.0769545 3.67793,-0.999998 -0.0782547 3.67041,10.611 -0.0752039 3.69556,-1.1 -0.0758695 3.68658,-0.999998 -0.0768332 3.67874,-1.1 -0.0752174 3.69529,-0.999998 -0.0758155 3.68713,-0.999998 -0.0752039 3.69556]
}}
appearance Appearance{material USE PLASTIC-GREEN-01 }}
Shape { geometry IndexedFaceSet 
{ creaseAngle 0.50 coordIndex [0,1,2,-1,1,3,2,-1,2,3,4,-1,0,5,1,-1,6,5,0,-1,3,7,4,-1,4,7,8,-1,6,9,5,-1,10,9,6,-1,7,11,8,-1,8,11,12,-1,10,13,9,-1,14,13,10,-1,12,15,16,-1,11,15,12,-1,14,17,13,-1,18,17,14,-1,15,19,16,-1,16,19,20,-1,18,21,17,-1,22,21,18,-1,19,23,20,-1,20,23,24,-1,25,26,22,-1,22,26,21,-1,23,27,24,-1,24,27,28,-1,29,30,25,-1,25,30,26,-1,27,31,28,-1,28,31,32,-1,33,34,29,-1,29,34,30,-1,31,35,32,-1,32,35,36,-1,33,37,34,-1,38,37,33,-1,35,39,36,-1,36,39,40,-1,41,42,38,-1,38,42,37,-1,39,43,40,-1,40,43,44,-1,45,46,41,-1,41,46,42,-1,43,47,44,-1,44,47,48,-1,49,50,45,-1,45,50,46,-1,47,51,48,-1,48,51,52,-1,53,54,49,-1,49,54,50,-1,51,55,52,-1,52,55,56,-1,53,57,54,-1,58,57,53,-1,55,59,56,-1,56,59,60,-1,58,61,57,-1,62,61,58,-1,59,63,60,-1,60,63,64,-1,62,65,61,-1,66,65,62,-1,63,67,64,-1,64,67,68,-1,66,69,65,-1,70,69,66,-1,67,71,68,-1,68,71,72,-1,70,73,69,-1,74,73,70,-1,71,75,72,-1,72,75,76,-1,74,77,73,-1,78,77,74,-1,75,79,76,-1,76,79,80,-1,78,81,77,-1,82,81,78,-1,79,83,80,-1,80,83,84,-1,82,85,81,-1,86,85,82,-1,84,87,88,-1,83,87,84,-1,86,89,85,-1,90,89,86,-1,88,91,92,-1,87,91,88,-1,90,93,89,-1,94,93,90,-1,92,95,96,-1,91,95,92,-1,97,98,94,-1,94,98,93,-1,96,99,100,-1,95,99,96,-1,97,101,98,-1,102,101,97,-1,100,103,104,-1,99,103,100,-1,105,106,102,-1,102,106,101,-1,104,107,108,-1,103,107,104,-1,109,110,105,-1,105,110,106,-1,108,111,112,-1,107,111,108,-1,109,113,110,-1,114,113,109,-1,112,115,116,-1,111,115,112,-1,117,118,114,-1,114,118,113,-1,116,119,120,-1,115,119,116,-1,121,122,117,-1,117,122,118,-1,119,123,120,-1,123,124,120,-1,121,125,122,-1,123,126,124,-1,121,127,125,-1,127,128,125,-1,129,130,126,-1,126,130,124,-1,128,131,132,-1,127,131,128,-1,133,134,129,-1,129,134,130,-1,132,135,136,-1,131,135,132,-1,133,137,134,-1,138,137,133,-1,136,139,140,-1,135,139,136,-1,138,141,137,-1,142,141,138,-1,139,143,140,-1,140,143,144,-1,142,145,141,-1,146,145,142,-1,143,147,144,-1,144,147,148,-1,146,149,145,-1,150,149,146,-1,147,151,148,-1,148,151,152,-1,153,154,150,-1,150,154,149,-1,151,155,152,-1,152,155,156,-1,153,157,154,-1,158,157,153,-1,155,159,156,-1,156,159,160,-1,158,161,157,-1,162,161,158,-1,159,163,160,-1,160,163,164,-1,165,166,162,-1,162,166,161,-1,163,167,164,-1,164,167,168,-1,169,170,165,-1,165,170,166,-1,167,171,168,-1,168,171,172,-1,173,174,169,-1,169,174,170,-1,171,175,172,-1,172,175,176,-1,177,178,173,-1,173,178,174,-1,175,179,176,-1,176,179,180,-1,181,182,177,-1,177,182,178,-1,179,183,180,-1,180,183,184,-1,181,185,182,-1,186,185,181,-1,183,187,184,-1,184,187,188,-1,189,190,186,-1,186,190,185,-1,188,191,192,-1,187,191,188,-1,193,194,189,-1,189,194,190,-1,192,195,196,-1,191,195,192,-1,197,198,193,-1,193,198,194,-1,196,199,200,-1,195,199,196,-1,201,202,197,-1,197,202,198,-1,200,203,204,-1,199,203,200,-1,205,206,201,-1,201,206,202,-1,203,207,204,-1,204,207,208,-1,205,209,206,-1,210,209,205,-1,207,211,208,-1,208,211,212,-1,213,214,210,-1,210,214,209,-1,211,215,212,-1,212,215,216,-1,213,217,214,-1,218,217,213,-1,215,219,216,-1,216,219,220,-1,218,221,217,-1,222,221,218,-1,219,223,220,-1,220,223,224,-1,225,226,222,-1,222,226,221,-1,223,227,224,-1,224,227,228,-1,225,229,226,-1,230,229,225,-1,227,231,228,-1,228,231,232,-1,233,234,230,-1,230,234,229,-1,231,235,232,-1,232,235,236,-1,233,237,234,-1,238,237,233,-1,235,239,236,-1,236,239,240,-1,238,241,237,-1,242,241,238,-1,239,243,240,-1,240,243,244,-1,242,245,241,-1,246,245,242,-1,243,247,244,-1,244,247,248,-1,246,249,245,-1,250,249,246,-1,247,251,248,-1,250,251,249,-1,248,251,250,-1]
coord Coordinate { point [-1.1 -0.378283 3.58498,-1.1 -0.295246 3.65988,-1.1 -0.372191 3.57873,-1.1 -0.29299 3.65768,-1.1 -0.365794 3.5728,-1.1 -0.297389 3.66219,-1.1 -0.384057 3.59152,-1.1 -0.290627 3.65559,-1.1 -0.35911 3.56719,-1.1 -0.299415 3.6646,-1.1 -0.389497 3.59834,-1.1 -0.288163 3.65363,-1.1 -0.352154 3.56192,-1.1 -0.301318 3.66711,-1.1 -0.394591 3.60543,-1.1 -0.285604 3.65179,-1.1 -0.344945 3.557,-1.1 -0.303093 3.66972,-1.1 -0.399325 3.61276,-1.1 -0.282957 3.65008,-1.1 -0.337499 3.55245,-1.1 -0.304737 3.67241,-1.1 -0.403688 3.62031,-1.1 -0.280227 3.6485,-1.1 -0.329836 3.54828,-1.1 -0.407669 3.62808,-1.1 -0.306244 3.67517,-1.1 -0.277423 3.64706,-1.1 -0.321975 3.5445,-1.1 -0.411258 3.63603,-1.1 -0.307611 3.67801,-1.1 -0.27455 3.64577,-1.1 -0.313934 3.54111,-1.1 -0.414445 3.64415,-1.1 -0.308835 3.68092,-1.1 -0.271617 3.64462,-1.1 -0.305735 3.53812,-1.1 -0.309913 3.68388,-1.1 -0.417224 3.65243,-1.1 -0.268629 3.64361,-1.1 -0.297396 3.53555,-1.1 -0.419588 3.66083,-1.1 -0.310842 3.68689,-1.1 -0.265596 3.64276,-1.1 -0.288941 3.5334,-1.1 -0.421529 3.66933,-1.1 -0.31162 3.68994,-1.1 -0.262523 3.64206,-1.1 -0.280388 3.53167,-1.1 -0.423045 3.67793,-1.1 -0.312244 3.69303,-1.1 -0.25942 3.64151,-1.1 -0.27176 3.53037,-1.1 -0.42413 3.68658,-1.1 -0.312714 3.69615,-1.1 -0.256293 3.64112,-1.1 -0.263077 3.5295,-1.1 -0.313028 3.69929,-1.1 -0.424782 3.69529,-1.1 -0.25315 3.64088,-1.1 -0.254362 3.52906,-1.1 -0.313185 3.70243,-1.1 -0.424999 3.70401,-1.1 -0.25 3.6408,-1.1 -0.245637 3.52906,-1.1 -0.313185 3.70558,-1.1 -0.424782 3.71273,-1.1 -0.246849 3.64088,-1.1 -0.236922 3.5295,-1.1 -0.313028 3.70873,-1.1 -0.42413 3.72143,-1.1 -0.243706 3.64112,-1.1 -0.228239 3.53037,-1.1 -0.312714 3.71187,-1.1 -0.423045 3.73009,-1.1 -0.240579 3.64151,-1.1 -0.219611 3.53167,-1.1 -0.312244 3.71498,-1.1 -0.421529 3.73868,-1.1 -0.237476 3.64206,-1.1 -0.211058 3.5334,-1.1 -0.31162 3.71807,-1.1 -0.419588 3.74719,-1.1 -0.234403 3.64276,-1.1 -0.202603 3.53555,-1.1 -0.310842 3.72113,-1.1 -0.417224 3.75559,-1.1 -0.23137 3.64361,-1.1 -0.194264 3.53812,-1.1 -0.309913 3.72414,-1.1 -0.414445 3.76386,-1.1 -0.228382 3.64462,-1.1 -0.186065 3.54111,-1.1 -0.308835 3.7271,-1.1 -0.411258 3.77198,-1.1 -0.225449 3.64577,-1.1 -0.178024 3.5445,-1.1 -0.407669 3.77994,-1.1 -0.307611 3.73,-1.1 -0.222576 3.64706,-1.1 -0.170163 3.54828,-1.1 -0.306244 3.73284,-1.1 -0.403688 3.7877,-1.1 -0.219772 3.6485,-1.1 -0.1625 3.55245,-1.1 -0.399325 3.79526,-1.1 -0.304737 3.73561,-1.1 -0.217042 3.65008,-1.1 -0.155054 3.557,-1.1 -0.394591 3.80259,-1.1 -0.303093 3.7383,-1.1 -0.214395 3.65179,-1.1 -0.147845 3.56192,-1.1 -0.301318 3.7409,-1.1 -0.389497 3.80967,-1.1 -0.211836 3.65363,-1.1 -0.140889 3.56719,-1.1 -0.384057 3.8165,-1.1 -0.299415 3.74342,-1.1 -0.209372 3.65559,-1.1 -0.134205 3.5728,-1.1 -0.378283 3.82304,-1.1 -0.297389 3.74583,-1.1 -0.207009 3.65768,-1.1 -0.127808 3.57873,-1.1 -0.295246 3.74814,-1.1 -0.204753 3.65988,-1.1 -0.372191 3.82928,-1.1 -0.29299 3.75034,-1.1 -0.20261 3.66219,-1.1 -0.121716 3.58498,-1.1 -0.365794 3.83522,-1.1 -0.290627 3.75243,-1.1 -0.200584 3.6646,-1.1 -0.115942 3.59152,-1.1 -0.35911 3.84083,-1.1 -0.288163 3.75439,-1.1 -0.110502 3.59834,-1.1 -0.198681 3.66711,-1.1 -0.352154 3.8461,-1.1 -0.285604 3.75623,-1.1 -0.105408 3.60543,-1.1 -0.196906 3.66972,-1.1 -0.344945 3.85101,-1.1 -0.282957 3.75794,-1.1 -0.100674 3.61276,-1.1 -0.195262 3.67241,-1.1 -0.337499 3.85556,-1.1 -0.280227 3.75952,-1.1 -0.096311 3.62031,-1.1 -0.193755 3.67517,-1.1 -0.329836 3.85974,-1.1 -0.277423 3.76095,-1.1 -0.192388 3.67801,-1.1 -0.0923303 3.62808,-1.1 -0.321975 3.86352,-1.1 -0.27455 3.76225,-1.1 -0.0887415 3.63603,-1.1 -0.191164 3.68092,-1.1 -0.313934 3.86691,-1.1 -0.271617 3.7634,-1.1 -0.0855536 3.64415,-1.1 -0.190086 3.68388,-1.1 -0.305735 3.8699,-1.1 -0.268629 3.76441,-1.1 -0.189157 3.68689,-1.1 -0.0827746 3.65243,-1.1 -0.297396 3.87247,-1.1 -0.265596 3.76526,-1.1 -0.188379 3.68994,-1.1 -0.0804113 3.66083,-1.1 -0.288941 3.87462,-1.1 -0.262523 3.76596,-1.1 -0.187755 3.69303,-1.1 -0.0784697 3.66933,-1.1 -0.280388 3.87635,-1.1 -0.25942 3.76651,-1.1 -0.187285 3.69615,-1.1 -0.0769545 3.67793,-1.1 -0.27176 3.87765,-1.1 -0.256293 3.7669,-1.1 -0.186971 3.69929,-1.1 -0.0758695 3.68658,-1.1 -0.263077 3.87852,-1.1 -0.25315 3.76713,-1.1 -0.0752174 3.69529,-1.1 -0.186814 3.70243,-1.1 -0.254362 3.87895,-1.1 -0.25 3.76721,-1.1 -0.186814 3.70558,-1.1 -0.0749999 3.70401,-1.1 -0.245637 3.87895,-1.1 -0.246849 3.76713,-1.1 -0.186971 3.70873,-1.1 -0.0752174 3.71273,-1.1 -0.236922 3.87852,-1.1 -0.243706 3.7669,-1.1 -0.187285 3.71187,-1.1 -0.0758695 3.72143,-1.1 -0.228239 3.87765,-1.1 -0.240579 3.76651,-1.1 -0.187755 3.71498,-1.1 -0.0769545 3.73009,-1.1 -0.219611 3.87635,-1.1 -0.237476 3.76596,-1.1 -0.188379 3.71807,-1.1 -0.0784697 3.73868,-1.1 -0.211058 3.87462,-1.1 -0.234403 3.76526,-1.1 -0.0804113 3.74719,-1.1 -0.189157 3.72113,-1.1 -0.202603 3.87247,-1.1 -0.23137 3.76441,-1.1 -0.190086 3.72414,-1.1 -0.0827746 3.75559,-1.1 -0.194264 3.8699,-1.1 -0.228382 3.7634,-1.1 -0.0855536 3.76386,-1.1 -0.191164 3.7271,-1.1 -0.186065 3.86691,-1.1 -0.225449 3.76225,-1.1 -0.0887415 3.77198,-1.1 -0.192388 3.73,-1.1 -0.178024 3.86352,-1.1 -0.222576 3.76095,-1.1 -0.193755 3.73284,-1.1 -0.0923303 3.77994,-1.1 -0.170163 3.85974,-1.1 -0.219772 3.75952,-1.1 -0.096311 3.7877,-1.1 -0.195262 3.73561,-1.1 -0.1625 3.85556,-1.1 -0.217042 3.75794,-1.1 -0.196906 3.7383,-1.1 -0.100674 3.79526,-1.1 -0.155054 3.85101,-1.1 -0.214395 3.75623,-1.1 -0.105408 3.80259,-1.1 -0.198681 3.7409,-1.1 -0.147845 3.8461,-1.1 -0.211836 3.75439,-1.1 -0.110502 3.80967,-1.1 -0.200584 3.74342,-1.1 -0.140889 3.84083,-1.1 -0.209372 3.75243,-1.1 -0.115942 3.8165,-1.1 -0.20261 3.74583,-1.1 -0.134205 3.83522,-1.1 -0.207009 3.75034,-1.1 -0.121716 3.82304,-1.1 -0.204753 3.74814,-1.1 -0.127808 3.82928]
}}
appearance Appearance{material USE PLASTIC-GREEN-01 }}
Shape { geometry IndexedFaceSet 
{ creaseAngle 0.50 coordIndex [0,1,2,-1,3,0,2,-1,3,2,4,-1,5,1,0,-1,5,6,1,-1,7,3,4,-1,7,4,8,-1,9,6,5,-1,9,10,6,-1,11,7,8,-1,11,8,12,-1,13,10,9,-1,13,14,10,-1,15,12,16,-1,15,11,12,-1,17,14,13,-1,17,18,14,-1,19,15,16,-1,19,16,20,-1,21,18,17,-1,21,22,18,-1,23,19,20,-1,23,20,24,-1,25,26,22,-1,25,22,21,-1,27,23,24,-1,27,24,28,-1,29,30,26,-1,29,26,25,-1,31,27,28,-1,31,28,32,-1,33,34,30,-1,33,30,29,-1,35,31,32,-1,35,32,36,-1,37,34,33,-1,37,38,34,-1,39,35,36,-1,39,36,40,-1,41,42,38,-1,41,38,37,-1,43,39,40,-1,43,40,44,-1,45,46,42,-1,45,42,41,-1,47,43,44,-1,47,44,48,-1,49,50,46,-1,49,46,45,-1,51,47,48,-1,51,48,52,-1,53,54,50,-1,53,50,49,-1,55,51,52,-1,55,52,56,-1,57,54,53,-1,57,58,54,-1,59,55,56,-1,59,56,60,-1,61,58,57,-1,61,62,58,-1,63,59,60,-1,63,60,64,-1,65,62,61,-1,65,66,62,-1,67,63,64,-1,67,64,68,-1,69,66,65,-1,69,70,66,-1,71,67,68,-1,71,68,72,-1,73,70,69,-1,73,74,70,-1,75,71,72,-1,75,72,76,-1,77,74,73,-1,77,78,74,-1,79,75,76,-1,79,76,80,-1,81,78,77,-1,81,82,78,-1,83,79,80,-1,83,80,84,-1,85,82,81,-1,85,86,82,-1,87,84,88,-1,87,83,84,-1,89,86,85,-1,89,90,86,-1,91,88,92,-1,91,87,88,-1,93,90,89,-1,93,94,90,-1,95,92,96,-1,95,91,92,-1,97,98,94,-1,97,94,93,-1,99,96,100,-1,99,95,96,-1,101,98,97,-1,101,102,98,-1,103,100,104,-1,103,99,100,-1,105,106,102,-1,105,102,101,-1,107,104,108,-1,107,103,104,-1,109,110,106,-1,109,106,105,-1,111,108,112,-1,111,107,108,-1,113,110,109,-1,113,114,110,-1,115,112,116,-1,115,111,112,-1,117,118,114,-1,117,114,113,-1,119,116,120,-1,119,115,116,-1,121,122,118,-1,121,118,117,-1,123,119,120,-1,124,123,120,-1,125,122,121,-1,126,123,124,-1,127,122,125,-1,128,127,125,-1,129,130,126,-1,129,126,124,-1,131,128,132,-1,131,127,128,-1,133,134,130,-1,133,130,129,-1,135,132,136,-1,135,131,132,-1,137,134,133,-1,137,138,134,-1,139,136,140,-1,139,135,136,-1,141,138,137,-1,141,142,138,-1,143,139,140,-1,143,140,144,-1,145,142,141,-1,145,146,142,-1,147,143,144,-1,147,144,148,-1,149,146,145,-1,149,150,146,-1,151,147,148,-1,151,148,152,-1,153,154,150,-1,153,150,149,-1,155,151,152,-1,155,152,156,-1,157,154,153,-1,157,158,154,-1,159,155,156,-1,159,156,160,-1,161,158,157,-1,161,162,158,-1,163,159,160,-1,163,160,164,-1,165,166,162,-1,165,162,161,-1,167,163,164,-1,167,164,168,-1,169,170,166,-1,169,166,165,-1,171,167,168,-1,171,168,172,-1,173,174,170,-1,173,170,169,-1,175,171,172,-1,175,172,176,-1,177,178,174,-1,177,174,173,-1,179,175,176,-1,179,176,180,-1,181,182,178,-1,181,178,177,-1,183,179,180,-1,183,180,184,-1,185,182,181,-1,185,186,182,-1,187,183,184,-1,187,184,188,-1,189,190,186,-1,189,186,185,-1,191,188,192,-1,191,187,188,-1,193,194,190,-1,193,190,189,-1,195,192,196,-1,195,191,192,-1,197,198,194,-1,197,194,193,-1,199,196,200,-1,199,195,196,-1,201,202,198,-1,201,198,197,-1,203,200,204,-1,203,199,200,-1,205,206,202,-1,205,202,201,-1,207,203,204,-1,207,204,208,-1,209,206,205,-1,209,210,206,-1,211,207,208,-1,211,208,212,-1,213,214,210,-1,213,210,209,-1,215,211,212,-1,215,212,216,-1,217,214,213,-1,217,218,214,-1,219,215,216,-1,219,216,220,-1,221,218,217,-1,221,222,218,-1,223,219,220,-1,223,220,224,-1,225,226,222,-1,225,222,221,-1,227,223,224,-1,227,224,228,-1,229,226,225,-1,229,230,226,-1,231,227,228,-1,231,228,232,-1,233,234,230,-1,233,230,229,-1,235,231,232,-1,235,232,236,-1,237,234,233,-1,237,238,234,-1,239,235,236,-1,239,236,240,-1,241,238,237,-1,241,242,238,-1,243,239,240,-1,243,240,244,-1,245,242,241,-1,245,246,242,-1,247,243,244,-1,247,244,248,-1,249,246,245,-1,249,250,246,-1,251,247,248,-1,251,250,249,-1,251,248,250,-1]
coord Coordinate { point [10.711 -0.295246 3.65988,10.711 -0.378283 3.58498,10.711 -0.372191 3.57873,10.711 -0.29299 3.65768,10.711 -0.365794 3.5728,10.711 -0.297389 3.66219,10.711 -0.384057 3.59152,10.711 -0.290627 3.65559,10.711 -0.35911 3.56719,10.711 -0.299415 3.6646,10.711 -0.389497 3.59834,10.711 -0.288163 3.65363,10.711 -0.352154 3.56192,10.711 -0.301318 3.66711,10.711 -0.394591 3.60543,10.711 -0.285604 3.65179,10.711 -0.344945 3.557,10.711 -0.303093 3.66972,10.711 -0.399325 3.61276,10.711 -0.282957 3.65008,10.711 -0.337499 3.55245,10.711 -0.304737 3.67241,10.711 -0.403688 3.62031,10.711 -0.280227 3.6485,10.711 -0.329836 3.54828,10.711 -0.306244 3.67517,10.711 -0.407669 3.62808,10.711 -0.277423 3.64706,10.711 -0.321975 3.5445,10.711 -0.307611 3.67801,10.711 -0.411258 3.63603,10.711 -0.27455 3.64577,10.711 -0.313934 3.54111,10.711 -0.308835 3.68092,10.711 -0.414445 3.64415,10.711 -0.271617 3.64462,10.711 -0.305735 3.53812,10.711 -0.309913 3.68388,10.711 -0.417224 3.65243,10.711 -0.268629 3.64361,10.711 -0.297396 3.53555,10.711 -0.310842 3.68689,10.711 -0.419588 3.66083,10.711 -0.265596 3.64276,10.711 -0.288941 3.5334,10.711 -0.31162 3.68994,10.711 -0.421529 3.66933,10.711 -0.262523 3.64206,10.711 -0.280388 3.53167,10.711 -0.312244 3.69303,10.711 -0.423045 3.67793,10.711 -0.25942 3.64151,10.711 -0.27176 3.53037,10.711 -0.312714 3.69615,10.711 -0.42413 3.68658,10.711 -0.256293 3.64112,10.711 -0.263077 3.5295,10.711 -0.313028 3.69929,10.711 -0.424782 3.69529,10.711 -0.25315 3.64088,10.711 -0.254362 3.52906,10.711 -0.313185 3.70243,10.711 -0.424999 3.70401,10.711 -0.25 3.6408,10.711 -0.245637 3.52906,10.711 -0.313185 3.70558,10.711 -0.424782 3.71273,10.711 -0.246849 3.64088,10.711 -0.236922 3.5295,10.711 -0.313028 3.70873,10.711 -0.42413 3.72143,10.711 -0.243706 3.64112,10.711 -0.228239 3.53037,10.711 -0.312714 3.71187,10.711 -0.423045 3.73009,10.711 -0.240579 3.64151,10.711 -0.219611 3.53167,10.711 -0.312244 3.71498,10.711 -0.421529 3.73868,10.711 -0.237476 3.64206,10.711 -0.211058 3.5334,10.711 -0.31162 3.71807,10.711 -0.419588 3.74719,10.711 -0.234403 3.64276,10.711 -0.202603 3.53555,10.711 -0.310842 3.72113,10.711 -0.417224 3.75559,10.711 -0.23137 3.64361,10.711 -0.194264 3.53812,10.711 -0.309913 3.72414,10.711 -0.414445 3.76386,10.711 -0.228382 3.64462,10.711 -0.186065 3.54111,10.711 -0.308835 3.7271,10.711 -0.411258 3.77198,10.711 -0.225449 3.64577,10.711 -0.178024 3.5445,10.711 -0.307611 3.73,10.711 -0.407669 3.77994,10.711 -0.222576 3.64706,10.711 -0.170163 3.54828,10.711 -0.306244 3.73284,10.711 -0.403688 3.7877,10.711 -0.219772 3.6485,10.711 -0.1625 3.55245,10.711 -0.304737 3.73561,10.711 -0.399325 3.79526,10.711 -0.217042 3.65008,10.711 -0.155054 3.557,10.711 -0.303093 3.7383,10.711 -0.394591 3.80259,10.711 -0.214395 3.65179,10.711 -0.147845 3.56192,10.711 -0.301318 3.7409,10.711 -0.389497 3.80967,10.711 -0.211836 3.65363,10.711 -0.140889 3.56719,10.711 -0.299415 3.74342,10.711 -0.384057 3.8165,10.711 -0.209372 3.65559,10.711 -0.134205 3.5728,10.711 -0.297389 3.74583,10.711 -0.378283 3.82304,10.711 -0.207009 3.65768,10.711 -0.127808 3.57873,10.711 -0.295246 3.74814,10.711 -0.204753 3.65988,10.711 -0.372191 3.82928,10.711 -0.29299 3.75034,10.711 -0.121716 3.58498,10.711 -0.20261 3.66219,10.711 -0.365794 3.83522,10.711 -0.290627 3.75243,10.711 -0.115942 3.59152,10.711 -0.200584 3.6646,10.711 -0.35911 3.84083,10.711 -0.288163 3.75439,10.711 -0.110502 3.59834,10.711 -0.198681 3.66711,10.711 -0.352154 3.8461,10.711 -0.285604 3.75623,10.711 -0.105408 3.60543,10.711 -0.196906 3.66972,10.711 -0.344945 3.85101,10.711 -0.282957 3.75794,10.711 -0.100674 3.61276,10.711 -0.195262 3.67241,10.711 -0.337499 3.85556,10.711 -0.280227 3.75952,10.711 -0.096311 3.62031,10.711 -0.193755 3.67517,10.711 -0.329836 3.85974,10.711 -0.277423 3.76095,10.711 -0.0923303 3.62808,10.711 -0.192388 3.67801,10.711 -0.321975 3.86352,10.711 -0.27455 3.76225,10.711 -0.0887415 3.63603,10.711 -0.191164 3.68092,10.711 -0.313934 3.86691,10.711 -0.271617 3.7634,10.711 -0.0855536 3.64415,10.711 -0.190086 3.68388,10.711 -0.305735 3.8699,10.711 -0.268629 3.76441,10.711 -0.0827746 3.65243,10.711 -0.189157 3.68689,10.711 -0.297396 3.87247,10.711 -0.265596 3.76526,10.711 -0.0804113 3.66083,10.711 -0.188379 3.68994,10.711 -0.288941 3.87462,10.711 -0.262523 3.76596,10.711 -0.0784697 3.66933,10.711 -0.187755 3.69303,10.711 -0.280388 3.87635,10.711 -0.25942 3.76651,10.711 -0.0769545 3.67793,10.711 -0.187285 3.69615,10.711 -0.27176 3.87765,10.711 -0.256293 3.7669,10.711 -0.0758695 3.68658,10.711 -0.186971 3.69929,10.711 -0.263077 3.87852,10.711 -0.25315 3.76713,10.711 -0.0752174 3.69529,10.711 -0.186814 3.70243,10.711 -0.254362 3.87895,10.711 -0.25 3.76721,10.711 -0.0749999 3.70401,10.711 -0.186814 3.70558,10.711 -0.245637 3.87895,10.711 -0.246849 3.76713,10.711 -0.0752174 3.71273,10.711 -0.186971 3.70873,10.711 -0.236922 3.87852,10.711 -0.243706 3.7669,10.711 -0.0758695 3.72143,10.711 -0.187285 3.71187,10.711 -0.228239 3.87765,10.711 -0.240579 3.76651,10.711 -0.0769545 3.73009,10.711 -0.187755 3.71498,10.711 -0.219611 3.87635,10.711 -0.237476 3.76596,10.711 -0.0784697 3.73868,10.711 -0.188379 3.71807,10.711 -0.211058 3.87462,10.711 -0.234403 3.76526,10.711 -0.0804113 3.74719,10.711 -0.189157 3.72113,10.711 -0.202603 3.87247,10.711 -0.23137 3.76441,10.711 -0.0827746 3.75559,10.711 -0.190086 3.72414,10.711 -0.194264 3.8699,10.711 -0.228382 3.7634,10.711 -0.0855536 3.76386,10.711 -0.191164 3.7271,10.711 -0.186065 3.86691,10.711 -0.225449 3.76225,10.711 -0.0887415 3.77198,10.711 -0.192388 3.73,10.711 -0.178024 3.86352,10.711 -0.222576 3.76095,10.711 -0.0923303 3.77994,10.711 -0.193755 3.73284,10.711 -0.170163 3.85974,10.711 -0.219772 3.75952,10.711 -0.096311 3.7877,10.711 -0.195262 3.73561,10.711 -0.1625 3.85556,10.711 -0.217042 3.75794,10.711 -0.100674 3.79526,10.711 -0.196906 3.7383,10.711 -0.155054 3.85101,10.711 -0.214395 3.75623,10.711 -0.105408 3.80259,10.711 -0.198681 3.7409,10.711 -0.147845 3.8461,10.711 -0.211836 3.75439,10.711 -0.110502 3.80967,10.711 -0.200584 3.74342,10.711 -0.140889 3.84083,10.711 -0.209372 3.75243,10.711 -0.115942 3.8165,10.711 -0.20261 3.74583,10.711 -0.134205 3.83522,10.711 -0.207009 3.75034,10.711 -0.121716 3.82304,10.711 -0.204753 3.74814,10.711 -0.127808 3.82928]
}}
appearance Appearance{material USE PLASTIC-GREEN-01 }}
Shape { geometry IndexedFaceSet 
{ creaseAngle 0.50 coordIndex [0,1,2,-1,1,3,2,-1,2,4,5,-1,5,4,6,-1,3,4,2,-1,4,7,6,-1,6,8,9,-1,7,8,6,-1,9,10,11,-1,11,10,12,-1,8,10,9,-1,10,13,12,-1,12,14,15,-1,13,14,12,-1,15,16,17,-1,14,16,15,-1,17,18,19,-1,16,18,17,-1,19,20,21,-1,18,20,19,-1,21,22,23,-1,23,22,24,-1,20,22,21,-1,22,25,24,-1]
coord Coordinate { point [-0.999998 -0.417704 3.65401,-0.999998 -0.582294 3.65401,-0.999998 -0.419922 3.66216,-0.999998 -0.580076 3.66216,-0.999998 -0.578254 3.67041,-0.999998 -0.421744 3.67041,-0.999998 -0.423166 3.67874,-0.999998 -0.576832 3.67874,-0.999998 -0.575814 3.68713,-0.999998 -0.424184 3.68713,-0.999998 -0.575203 3.69556,-0.999998 -0.424795 3.69556,-0.999998 -0.424999 3.70401,-0.999998 -0.574999 3.70401,-0.999998 -0.575203 3.71246,-0.999998 -0.424795 3.71246,-0.999998 -0.575814 3.72088,-0.999998 -0.424184 3.72088,-0.999998 -0.576832 3.72927,-0.999998 -0.423166 3.72927,-0.999998 -0.578254 3.7376,-0.999998 -0.421744 3.7376,-0.999998 -0.580076 3.74585,-0.999998 -0.419922 3.74585,-0.999998 -0.417704 3.75401,-0.999998 -0.582294 3.75401]
}}
appearance Appearance{material USE CAP-CERAMIC-05 }}
Shape { geometry IndexedFaceSet 
{ creaseAngle 0.50 coordIndex [0,1,2,-1,0,2,3,-1]
coord Coordinate { point [10.611 -0.582294 3.75401,10.611 -0.417704 3.75401,-0.999998 -0.417704 3.75401,-0.999998 -0.582294 3.75401]
}}
appearance Appearance{material USE CAP-CERAMIC-05 }}
Shape { geometry IndexedFaceSet 
{ creaseAngle 0.50 coordIndex [0,1,2,-1,0,2,3,-1,0,3,4,-1,5,0,4,-1,6,4,7,-1,6,5,4,-1,8,7,9,-1,8,6,7,-1,10,9,11,-1,10,8,9,-1,12,11,13,-1,12,10,11,-1,14,13,15,-1,14,12,13,-1,16,15,17,-1,16,14,15,-1,18,17,19,-1,18,16,17,-1,20,19,21,-1,20,21,22,-1,20,18,19,-1,23,22,24,-1,23,20,22,-1,25,23,24,-1]
coord Coordinate { point [10.611 -0.580076 3.66216,10.611 -0.582294 3.65401,10.611 -0.417704 3.65401,10.611 -0.419922 3.66216,10.611 -0.421744 3.67041,10.611 -0.578254 3.67041,10.611 -0.576832 3.67874,10.611 -0.423166 3.67874,10.611 -0.575814 3.68713,10.611 -0.424184 3.68713,10.611 -0.575203 3.69556,10.611 -0.424795 3.69556,10.611 -0.574999 3.70401,10.611 -0.424999 3.70401,10.611 -0.575203 3.71246,10.611 -0.424795 3.71246,10.611 -0.575814 3.72088,10.611 -0.424184 3.72088,10.611 -0.576832 3.72927,10.611 -0.423166 3.72927,10.611 -0.578254 3.7376,10.611 -0.421744 3.7376,10.611 -0.419922 3.74585,10.611 -0.580076 3.74585,10.611 -0.417704 3.75401,10.611 -0.582294 3.75401]
}}
appearance Appearance{material USE CAP-CERAMIC-05 }}
Shape { geometry IndexedFaceSet 
{ creaseAngle 0.50 coordIndex [0,1,2,-1,2,1,3,-1]
coord Coordinate { point [10.611 -0.417704 3.65401,10.611 -0.582294 3.65401,-0.999998 -0.417704 3.65401,-0.999998 -0.582294 3.65401]
}}
appearance Appearance{material USE CAP-CERAMIC-05 }}
Shape { geometry IndexedFaceSet 
{ creaseAngle 0.50 coordIndex [0,1,2,-1,3,4,5,-1,4,6,7,-1,7,6,8,-1,9,10,11,-1,11,10,12,-1,13,14,15,-1,15,14,16,-1,16,14,17,-1,17,14,18,-1,18,14,19,-1,19,14,20,-1,20,14,21,-1,21,14,22,-1,22,14,23,-1,23,14,24,-1,24,14,25,-1,25,14,26,-1,27,14,28,-1,28,14,29,-1,30,14,31,-1,31,14,32,-1,32,14,33,-1,33,14,34,-1,34,14,35,-1,35,14,36,-1,36,14,37,-1,38,14,39,-1,6,14,40,-1,40,14,41,-1,41,14,42,-1,43,14,44,-1,44,14,10,-1,12,14,45,-1,45,14,1,-1,2,14,46,-1,46,14,47,-1,47,14,48,-1,48,14,49,-1,49,14,50,-1,50,14,51,-1,51,14,52,-1,52,14,53,-1,53,14,54,-1,54,14,55,-1,55,14,56,-1,56,14,57,-1,57,14,58,-1,59,14,60,-1,60,14,61,-1,61,14,62,-1,63,14,64,-1,64,14,65,-1,65,14,66,-1,66,14,67,-1,67,14,68,-1,68,14,69,-1,69,14,70,-1,70,14,71,-1,71,14,72,-1,72,14,73,-1,73,14,74,-1,74,14,75,-1,75,14,76,-1,76,14,77,-1,77,14,78,-1,78,14,79,-1,79,14,80,-1,80,14,81,-1,81,14,82,-1,82,14,83,-1,83,14,84,-1,84,14,85,-1,85,14,86,-1,86,14,87,-1,87,14,88,-1,88,14,89,-1,89,14,90,-1,90,14,91,-1,91,14,92,-1,92,14,93,-1,93,14,94,-1,94,14,95,-1,95,14,96,-1,96,14,97,-1,97,14,98,-1,98,14,99,-1,99,14,100,-1,100,14,101,-1,26,102,103,-1,101,14,104,-1,104,14,105,-1,105,14,106,-1,106,14,107,-1,107,14,108,-1,108,14,109,-1,109,14,110,-1,110,14,111,-1,111,14,112,-1,112,14,13,-1,113,14,3,-1,3,14,4,-1,26,14,27,-1,1,14,2,-1,10,14,12,-1,37,14,38,-1,29,14,30,-1,62,14,63,-1,58,14,59,-1,4,14,6,-1,39,14,113,-1,26,27,102,-1,102,27,114,-1,115,62,63,-1,29,30,116,-1,116,30,117,-1,117,30,118,-1,118,30,119,-1,120,58,121,-1,121,58,59,-1,37,38,122,-1,39,113,123,-1,123,113,124,-1,113,3,125,-1]
coord Coordinate { point [-1.1 -0.228382 3.7634,-1.1 -0.225449 3.76225,-1.1 -0.23137 3.76441,-1.1 -0.190086 3.72414,-1.1 -0.192388 3.73,-1.1 -0.191164 3.7271,-1.1 -0.196906 3.7383,-1.1 -0.193755 3.73284,-1.1 -0.195262 3.73561,-1.1 -0.214395 3.75623,-1.1 -0.211836 3.75439,-1.1 -0.217042 3.75794,-1.1 -0.219772 3.75952,-1.1 -0.25 3.6408,-1.1 -0.204753 3.74814,-1.1 -0.246849 3.64088,-1.1 -0.243706 3.64112,-1.1 -0.240579 3.64151,-1.1 -0.237476 3.64206,-1.1 -0.234403 3.64276,-1.1 -0.23137 3.64361,-1.1 -0.228382 3.64462,-1.1 -0.225449 3.64577,-1.1 -0.222576 3.64706,-1.1 -0.219772 3.6485,-1.1 -0.217042 3.65008,-1.1 -0.214395 3.65179,-1.1 -0.204753 3.65988,-1.1 -0.20261 3.66219,-1.1 -0.200584 3.6646,-1.1 -0.192388 3.67801,-1.1 -0.191164 3.68092,-1.1 -0.190086 3.68388,-1.1 -0.189157 3.68689,-1.1 -0.188379 3.68994,-1.1 -0.187755 3.69303,-1.1 -0.187285 3.69615,-1.1 -0.186971 3.69929,-1.1 -0.186814 3.70558,-1.1 -0.186971 3.70873,-1.1 -0.198681 3.7409,-1.1 -0.200584 3.74342,-1.1 -0.20261 3.74583,-1.1 -0.207009 3.75034,-1.1 -0.209372 3.75243,-1.1 -0.222576 3.76095,-1.1 -0.234403 3.76526,-1.1 -0.237476 3.76596,-1.1 -0.240579 3.76651,-1.1 -0.243706 3.7669,-1.1 -0.246849 3.76713,-1.1 -0.25 3.76721,-1.1 -0.25315 3.76713,-1.1 -0.256293 3.7669,-1.1 -0.25942 3.76651,-1.1 -0.262523 3.76596,-1.1 -0.265596 3.76526,-1.1 -0.268629 3.76441,-1.1 -0.271617 3.7634,-1.1 -0.280227 3.75952,-1.1 -0.282957 3.75794,-1.1 -0.285604 3.75623,-1.1 -0.288163 3.75439,-1.1 -0.29299 3.75034,-1.1 -0.295246 3.74814,-1.1 -0.297389 3.74583,-1.1 -0.299415 3.74342,-1.1 -0.301318 3.7409,-1.1 -0.303093 3.7383,-1.1 -0.304737 3.73561,-1.1 -0.306244 3.73284,-1.1 -0.307611 3.73,-1.1 -0.308835 3.7271,-1.1 -0.309913 3.72414,-1.1 -0.310842 3.72113,-1.1 -0.31162 3.71807,-1.1 -0.312244 3.71498,-1.1 -0.312714 3.71187,-1.1 -0.313028 3.70873,-1.1 -0.313185 3.70558,-1.1 -0.313185 3.70243,-1.1 -0.313028 3.69929,-1.1 -0.312714 3.69615,-1.1 -0.312244 3.69303,-1.1 -0.31162 3.68994,-1.1 -0.310842 3.68689,-1.1 -0.309913 3.68388,-1.1 -0.308835 3.68092,-1.1 -0.307611 3.67801,-1.1 -0.306244 3.67517,-1.1 -0.304737 3.67241,-1.1 -0.303093 3.66972,-1.1 -0.301318 3.66711,-1.1 -0.299415 3.6646,-1.1 -0.297389 3.66219,-1.1 -0.295246 3.65988,-1.1 -0.29299 3.65768,-1.1 -0.290627 3.65559,-1.1 -0.288163 3.65363,-1.1 -0.285604 3.65179,-1.1 -0.282957 3.65008,-1.1 -0.280227 3.6485,-1.1 -0.209372 3.65559,-1.1 -0.211836 3.65363,-1.1 -0.277423 3.64706,-1.1 -0.27455 3.64577,-1.1 -0.271617 3.64462,-1.1 -0.268629 3.64361,-1.1 -0.265596 3.64276,-1.1 -0.262523 3.64206,-1.1 -0.25942 3.64151,-1.1 -0.256293 3.64112,-1.1 -0.25315 3.64088,-1.1 -0.188379 3.71807,-1.1 -0.207009 3.65768,-1.1 -0.290627 3.75243,-1.1 -0.198681 3.66711,-1.1 -0.196906 3.66972,-1.1 -0.195262 3.67241,-1.1 -0.193755 3.67517,-1.1 -0.27455 3.76225,-1.1 -0.277423 3.76095,-1.1 -0.186814 3.70243,-1.1 -0.187285 3.71187,-1.1 -0.187755 3.71498,-1.1 -0.189157 3.72113]
}}
appearance Appearance{material USE MET-COPPER }}
Shape { geometry IndexedFaceSet 
{ creaseAngle 0.50 coordIndex [0,1,2,-1,3,4,5,-1,6,3,7,-1,6,7,8,-1,9,10,11,-1,9,11,12,-1,13,14,15,-1,13,15,16,-1,13,16,17,-1,13,17,18,-1,13,18,19,-1,13,19,20,-1,13,20,21,-1,13,21,22,-1,13,22,23,-1,13,23,24,-1,13,24,25,-1,13,25,26,-1,13,27,28,-1,13,28,29,-1,13,30,31,-1,13,31,32,-1,13,32,33,-1,13,33,34,-1,13,34,35,-1,13,35,36,-1,13,36,37,-1,13,38,39,-1,13,6,40,-1,13,40,41,-1,13,41,42,-1,13,43,44,-1,13,44,9,-1,13,12,45,-1,13,45,0,-1,13,2,46,-1,13,46,47,-1,13,47,48,-1,13,48,49,-1,13,49,50,-1,13,50,51,-1,13,51,52,-1,13,52,53,-1,13,53,54,-1,13,54,55,-1,13,55,56,-1,13,56,57,-1,13,57,58,-1,13,59,60,-1,13,60,61,-1,13,61,62,-1,13,63,64,-1,13,64,65,-1,13,65,66,-1,13,66,67,-1,13,67,68,-1,13,68,69,-1,13,69,70,-1,13,70,71,-1,13,71,72,-1,13,72,73,-1,13,73,74,-1,13,74,75,-1,13,75,76,-1,13,76,77,-1,13,77,78,-1,13,78,79,-1,13,79,80,-1,13,80,81,-1,13,81,82,-1,13,82,83,-1,13,83,84,-1,13,84,85,-1,13,85,86,-1,13,86,87,-1,13,87,88,-1,13,88,89,-1,13,89,90,-1,13,90,91,-1,13,91,92,-1,13,92,93,-1,13,93,94,-1,13,94,95,-1,13,95,96,-1,13,96,97,-1,13,97,98,-1,13,98,99,-1,13,99,100,-1,13,100,101,-1,102,26,103,-1,13,101,104,-1,13,104,105,-1,13,105,106,-1,13,106,107,-1,13,107,108,-1,13,108,109,-1,13,109,110,-1,13,110,111,-1,13,111,112,-1,13,112,14,-1,13,113,4,-1,13,4,3,-1,13,26,27,-1,13,0,2,-1,13,9,12,-1,13,37,38,-1,13,29,30,-1,13,62,63,-1,13,58,59,-1,13,3,6,-1,13,39,113,-1,27,26,102,-1,27,102,114,-1,62,115,63,-1,30,29,116,-1,30,116,117,-1,30,117,118,-1,30,118,119,-1,58,120,121,-1,58,121,59,-1,38,37,122,-1,113,39,123,-1,113,123,124,-1,4,113,125,-1]
coord Coordinate { point [10.711 -0.225449 3.76225,10.711 -0.228382 3.7634,10.711 -0.23137 3.76441,10.711 -0.192388 3.73,10.711 -0.190086 3.72414,10.711 -0.191164 3.7271,10.711 -0.196906 3.7383,10.711 -0.193755 3.73284,10.711 -0.195262 3.73561,10.711 -0.211836 3.75439,10.711 -0.214395 3.75623,10.711 -0.217042 3.75794,10.711 -0.219772 3.75952,10.711 -0.204753 3.74814,10.711 -0.25 3.6408,10.711 -0.246849 3.64088,10.711 -0.243706 3.64112,10.711 -0.240579 3.64151,10.711 -0.237476 3.64206,10.711 -0.234403 3.64276,10.711 -0.23137 3.64361,10.711 -0.228382 3.64462,10.711 -0.225449 3.64577,10.711 -0.222576 3.64706,10.711 -0.219772 3.6485,10.711 -0.217042 3.65008,10.711 -0.214395 3.65179,10.711 -0.204753 3.65988,10.711 -0.20261 3.66219,10.711 -0.200584 3.6646,10.711 -0.192388 3.67801,10.711 -0.191164 3.68092,10.711 -0.190086 3.68388,10.711 -0.189157 3.68689,10.711 -0.188379 3.68994,10.711 -0.187755 3.69303,10.711 -0.187285 3.69615,10.711 -0.186971 3.69929,10.711 -0.186814 3.70558,10.711 -0.186971 3.70873,10.711 -0.198681 3.7409,10.711 -0.200584 3.74342,10.711 -0.20261 3.74583,10.711 -0.207009 3.75034,10.711 -0.209372 3.75243,10.711 -0.222576 3.76095,10.711 -0.234403 3.76526,10.711 -0.237476 3.76596,10.711 -0.240579 3.76651,10.711 -0.243706 3.7669,10.711 -0.246849 3.76713,10.711 -0.25 3.76721,10.711 -0.25315 3.76713,10.711 -0.256293 3.7669,10.711 -0.25942 3.76651,10.711 -0.262523 3.76596,10.711 -0.265596 3.76526,10.711 -0.268629 3.76441,10.711 -0.271617 3.7634,10.711 -0.280227 3.75952,10.711 -0.282957 3.75794,10.711 -0.285604 3.75623,10.711 -0.288163 3.75439,10.711 -0.29299 3.75034,10.711 -0.295246 3.74814,10.711 -0.297389 3.74583,10.711 -0.299415 3.74342,10.711 -0.301318 3.7409,10.711 -0.303093 3.7383,10.711 -0.304737 3.73561,10.711 -0.306244 3.73284,10.711 -0.307611 3.73,10.711 -0.308835 3.7271,10.711 -0.309913 3.72414,10.711 -0.310842 3.72113,10.711 -0.31162 3.71807,10.711 -0.312244 3.71498,10.711 -0.312714 3.71187,10.711 -0.313028 3.70873,10.711 -0.313185 3.70558,10.711 -0.313185 3.70243,10.711 -0.313028 3.69929,10.711 -0.312714 3.69615,10.711 -0.312244 3.69303,10.711 -0.31162 3.68994,10.711 -0.310842 3.68689,10.711 -0.309913 3.68388,10.711 -0.308835 3.68092,10.711 -0.307611 3.67801,10.711 -0.306244 3.67517,10.711 -0.304737 3.67241,10.711 -0.303093 3.66972,10.711 -0.301318 3.66711,10.711 -0.299415 3.6646,10.711 -0.297389 3.66219,10.711 -0.295246 3.65988,10.711 -0.29299 3.65768,10.711 -0.290627 3.65559,10.711 -0.288163 3.65363,10.711 -0.285604 3.65179,10.711 -0.282957 3.65008,10.711 -0.280227 3.6485,10.711 -0.209372 3.65559,10.711 -0.211836 3.65363,10.711 -0.277423 3.64706,10.711 -0.27455 3.64577,10.711 -0.271617 3.64462,10.711 -0.268629 3.64361,10.711 -0.265596 3.64276,10.711 -0.262523 3.64206,10.711 -0.25942 3.64151,10.711 -0.256293 3.64112,10.711 -0.25315 3.64088,10.711 -0.188379 3.71807,10.711 -0.207009 3.65768,10.711 -0.290627 3.75243,10.711 -0.198681 3.66711,10.711 -0.196906 3.66972,10.711 -0.195262 3.67241,10.711 -0.193755 3.67517,10.711 -0.27455 3.76225,10.711 -0.277423 3.76095,10.711 -0.186814 3.70243,10.711 -0.187285 3.71187,10.711 -0.187755 3.71498,10.711 -0.189157 3.72113]
}}
appearance Appearance{material USE MET-COPPER }}
Shape { geometry IndexedFaceSet 
{ creaseAngle 0.50 coordIndex [0,1,2,-1,1,3,2,-1,1,4,3,-1,4,5,3,-1,6,7,8,-1,9,10,5,-1,6,11,7,-1,11,12,7,-1,13,14,10,-1,11,15,12,-1,16,17,14,-1,15,18,19,-1,20,21,17,-1,18,22,23,-1,22,24,25,-1,20,26,21,-1,24,27,26,-1,26,27,21,-1,21,27,28,-1,28,29,30,-1,27,29,28,-1,29,31,30,-1,30,32,33,-1,31,32,30,-1,33,34,35,-1,32,34,33,-1,35,36,37,-1,34,36,35,-1,37,38,39,-1,39,38,40,-1,36,38,37,-1,38,41,40,-1,40,42,43,-1,41,42,40,-1,42,44,43,-1,43,44,45,-1,44,46,45,-1,45,46,47,-1,46,48,47,-1,47,48,49,-1,49,48,50,-1,48,51,50,-1,51,52,50,-1,50,52,53,-1,53,52,54,-1,52,55,54,-1,55,56,54,-1,54,56,57,-1,57,56,58,-1,56,59,58,-1,58,59,60,-1,59,61,60,-1,61,62,60,-1,60,62,63,-1,63,62,64,-1,62,65,64,-1,65,66,64,-1,64,66,67,-1,66,68,67,-1,67,68,69,-1,68,70,69,-1,69,70,71,-1,71,70,72,-1,70,73,72,-1,73,74,72,-1,72,74,75,-1,74,76,75,-1,75,76,77,-1,76,78,77,-1,77,78,79,-1,78,80,79,-1,79,80,81,-1,82,83,84,-1,80,83,81,-1,81,83,82,-1,84,85,86,-1,83,85,84,-1,85,87,86,-1,86,88,89,-1,87,88,86,-1,89,90,91,-1,88,90,89,-1,90,92,91,-1,91,92,93,-1,92,94,93,-1,93,94,95,-1,95,96,97,-1,94,96,95,-1,97,98,99,-1,99,98,100,-1,96,98,97,-1,98,101,100,-1,100,102,103,-1,101,102,100,-1,103,104,105,-1,105,104,106,-1,102,104,103,-1,104,107,106,-1,106,108,109,-1,107,108,106,-1,109,110,111,-1,111,110,112,-1,108,110,109,-1,110,113,112,-1,112,114,115,-1,113,114,112,-1,115,116,117,-1,117,116,118,-1,114,116,115,-1,116,119,118,-1,118,120,121,-1,119,120,118,-1,121,122,123,-1,120,122,121,-1,123,124,125,-1,125,124,126,-1,122,124,123,-1,127,128,129,-1,124,130,126,-1,131,132,128,-1,126,133,129,-1,130,133,126,-1,129,134,127,-1,133,134,129,-1,135,136,132,-1,133,137,134,-1,138,139,136,-1,137,140,141,-1,142,143,139,-1,140,144,145,-1,142,146,143,-1,146,147,143,-1,144,148,149,-1,146,150,147,-1,150,151,147,-1,151,152,147,-1,148,153,154,-1,153,155,154,-1,151,156,152,-1,156,157,152,-1,155,158,159,-1,153,158,155,-1,158,160,159,-1,161,162,157,-1,158,163,160,-1,163,164,160,-1,165,166,162,-1,163,167,164,-1,168,169,166,-1,167,170,171,-1,172,173,169,-1,170,174,175,-1,174,176,177,-1,178,179,172,-1,172,179,173,-1,176,179,178,-1,173,180,181,-1,179,180,173,-1,181,182,183,-1,180,182,181,-1,183,184,185,-1,182,184,183,-1,184,186,185,-1,185,186,187,-1,186,188,187,-1,187,188,189,-1,189,188,190,-1,188,191,190,-1,191,192,190,-1,190,192,193,-1,192,194,193,-1,193,194,195,-1,195,194,196,-1,194,197,196,-1,197,198,196,-1,196,198,199,-1,198,200,199,-1,199,200,201,-1,201,200,202,-1,200,203,202,-1,203,204,202,-1,202,204,205,-1,204,206,205,-1,205,206,207,-1,207,206,208,-1,206,209,208,-1,209,210,208,-1,208,210,211,-1,211,210,212,-1,210,213,212,-1,212,214,215,-1,213,214,212,-1,215,216,217,-1,214,216,215,-1,217,218,219,-1,216,218,217,-1,219,220,221,-1,218,220,219,-1,221,222,223,-1,223,222,224,-1,220,222,221,-1,222,225,224,-1,224,226,227,-1,225,226,224,-1,227,228,229,-1,226,228,227,-1,229,230,231,-1,231,230,232,-1,228,230,229,-1,230,233,232,-1,232,234,235,-1,235,234,236,-1,233,234,232,-1,234,237,236,-1,237,238,236,-1,236,238,239,-1,238,240,239,-1,239,240,241,-1,241,240,242,-1,240,243,242,-1,242,243,244,-1,243,245,244,-1,245,246,244,-1,244,246,247,-1,246,248,247,-1,247,248,249,-1,248,250,249,-1,249,250,251,-1,250,252,251,-1,251,252,253,-1,252,254,253,-1,253,254,255,-1,254,256,255,-1,255,256,257,-1,257,256,258,-1,256,259,258,-1,259,260,258,-1,258,260,261,-1,260,262,261,-1,261,262,263,-1,263,262,264,-1,262,265,264,-1,264,265,266,-1,265,267,266,-1,267,268,266,-1,266,268,269,-1,269,268,270,-1,268,271,270,-1,271,272,270,-1,270,272,273,-1,272,274,273,-1,273,274,275,-1,275,274,276,-1,274,277,276,-1,278,279,280,-1,277,281,276,-1,276,281,282,-1,283,284,279,-1,282,285,280,-1,281,285,282,-1,280,285,278,-1,285,286,278,-1,287,288,284,-1,285,289,286,-1,290,291,288,-1,289,292,293,-1,294,295,291,-1,292,296,297,-1,294,298,295,-1,298,2,295,-1,296,299,300,-1,298,0,2,-1,299,301,302,-1,301,303,302,-1,301,6,303,-1,303,6,8,-1,178,177,176,-1,177,175,174,-1,175,171,170,-1,171,164,167,-1,154,149,148,-1,149,145,144,-1,145,141,140,-1,141,134,137,-1,168,172,169,-1,165,168,166,-1,161,165,162,-1,156,161,157,-1,138,142,139,-1,135,138,136,-1,131,135,132,-1,127,131,128,-1,26,25,24,-1,25,23,22,-1,23,19,18,-1,19,12,15,-1,16,20,17,-1,13,16,14,-1,9,13,10,-1,4,9,5,-1,290,294,291,-1,287,290,288,-1,283,287,284,-1,278,283,279,-1,302,300,299,-1,300,297,296,-1,297,293,292,-1,293,286,289,-1]
coord Coordinate { point [10.611 -0.574999 3.70401,10.611 -0.575203 3.71246,10.711 -0.574999 3.70401,10.711 -0.575216 3.71273,10.611 -0.575814 3.72088,10.711 -0.575868 3.72143,-1.1 -0.574999 3.70401,-0.999998 -0.575203 3.71246,-0.999998 -0.574999 3.70401,10.611 -0.576832 3.72927,10.711 -0.576953 3.73009,-1.1 -0.575216 3.71273,-0.999998 -0.575814 3.72088,10.611 -0.578254 3.7376,10.711 -0.578469 3.73868,-1.1 -0.575868 3.72143,10.611 -0.580076 3.74585,10.711 -0.58041 3.74719,-1.1 -0.576953 3.73009,-0.999998 -0.576832 3.72927,10.611 -0.582294 3.75401,10.711 -0.582774 3.75559,-1.1 -0.578469 3.73868,-0.999998 -0.578254 3.7376,-1.1 -0.58041 3.74719,-0.999998 -0.580076 3.74585,-0.999998 -0.582294 3.75401,-1.1 -0.582774 3.75559,10.711 -0.585553 3.76386,-1.1 -0.585553 3.76386,10.711 -0.58874 3.77198,-1.1 -0.58874 3.77198,-1.1 -0.592329 3.77994,10.711 -0.592329 3.77994,-1.1 -0.59631 3.7877,10.711 -0.59631 3.7877,-1.1 -0.600673 3.79526,10.711 -0.600673 3.79526,-1.1 -0.605407 3.80259,10.711 -0.605407 3.80259,10.711 -0.610501 3.80967,-1.1 -0.610501 3.80967,-1.1 -0.615941 3.8165,10.711 -0.615941 3.8165,-1.1 -0.621715 3.82304,10.711 -0.621715 3.82304,-1.1 -0.627807 3.82928,10.711 -0.627807 3.82928,-1.1 -0.634204 3.83522,10.711 -0.634204 3.83522,10.711 -0.640888 3.84083,-1.1 -0.640888 3.84083,-1.1 -0.647844 3.8461,10.711 -0.647844 3.8461,10.711 -0.655053 3.85101,-1.1 -0.655053 3.85101,-1.1 -0.662499 3.85556,10.711 -0.662499 3.85556,10.711 -0.670162 3.85974,-1.1 -0.670162 3.85974,10.711 -0.678023 3.86352,-1.1 -0.678023 3.86352,-1.1 -0.686064 3.86691,10.711 -0.686064 3.86691,10.711 -0.694263 3.8699,-1.1 -0.694263 3.8699,-1.1 -0.702602 3.87247,10.711 -0.702602 3.87247,-1.1 -0.711057 3.87462,10.711 -0.711057 3.87462,-1.1 -0.71961 3.87635,10.711 -0.71961 3.87635,10.711 -0.728238 3.87765,-1.1 -0.728238 3.87765,-1.1 -0.736921 3.87852,10.711 -0.736921 3.87852,-1.1 -0.745636 3.87895,10.711 -0.745636 3.87895,-1.1 -0.754361 3.87895,10.711 -0.754361 3.87895,-1.1 -0.763076 3.87852,10.711 -0.763076 3.87852,10.711 -0.771759 3.87765,-1.1 -0.771759 3.87765,10.711 -0.780387 3.87635,-1.1 -0.780387 3.87635,10.711 -0.78894 3.87462,-1.1 -0.78894 3.87462,-1.1 -0.797395 3.87247,10.711 -0.797395 3.87247,-1.1 -0.805734 3.8699,10.711 -0.805734 3.8699,-1.1 -0.813933 3.86691,10.711 -0.813933 3.86691,-1.1 -0.821974 3.86352,10.711 -0.821974 3.86352,-1.1 -0.829835 3.85974,10.711 -0.829835 3.85974,-1.1 -0.837498 3.85556,10.711 -0.837498 3.85556,10.711 -0.844944 3.85101,-1.1 -0.844944 3.85101,-1.1 -0.852153 3.8461,10.711 -0.852153 3.8461,-1.1 -0.859109 3.84083,10.711 -0.859109 3.84083,10.711 -0.865793 3.83522,-1.1 -0.865793 3.83522,-1.1 -0.87219 3.82928,10.711 -0.87219 3.82928,-1.1 -0.878282 3.82304,10.711 -0.878282 3.82304,10.711 -0.884056 3.8165,-1.1 -0.884056 3.8165,-1.1 -0.889496 3.80967,10.711 -0.889496 3.80967,-1.1 -0.89459 3.80259,10.711 -0.89459 3.80259,10.711 -0.899324 3.79526,-1.1 -0.899324 3.79526,-1.1 -0.903687 3.7877,10.711 -0.903687 3.7877,-1.1 -0.907668 3.77994,10.711 -0.907668 3.77994,-1.1 -0.911257 3.77198,10.711 -0.911257 3.77198,10.711 -0.914444 3.76386,10.611 -0.917703 3.75401,10.711 -0.919587 3.74719,10.711 -0.917223 3.75559,-1.1 -0.914444 3.76386,10.611 -0.919921 3.74585,10.711 -0.921528 3.73868,-1.1 -0.917223 3.75559,-0.999998 -0.917703 3.75401,10.611 -0.921743 3.7376,10.711 -0.923044 3.73009,-1.1 -0.919587 3.74719,10.611 -0.923165 3.72927,10.711 -0.924129 3.72143,-1.1 -0.921528 3.73868,-0.999998 -0.919921 3.74585,10.611 -0.924183 3.72088,10.711 -0.924781 3.71273,-1.1 -0.923044 3.73009,-0.999998 -0.921743 3.7376,10.611 -0.924794 3.71246,10.711 -0.924998 3.70401,-1.1 -0.924129 3.72143,-0.999998 -0.923165 3.72927,10.611 -0.924998 3.70401,10.611 -0.924794 3.69556,10.711 -0.924781 3.69529,-1.1 -0.924781 3.71273,-0.999998 -0.924183 3.72088,-0.999998 -0.924794 3.71246,10.611 -0.924183 3.68713,10.711 -0.924129 3.68658,-1.1 -0.924998 3.70401,-0.999998 -0.924998 3.70401,-0.999998 -0.924794 3.69556,10.611 -0.923165 3.67874,10.711 -0.923044 3.67793,-1.1 -0.924781 3.69529,-0.999998 -0.924183 3.68713,10.611 -0.921743 3.67041,10.711 -0.921528 3.66933,-1.1 -0.924129 3.68658,10.611 -0.919921 3.66216,10.711 -0.919587 3.66083,-1.1 -0.923044 3.67793,-0.999998 -0.923165 3.67874,10.611 -0.917703 3.65401,10.711 -0.917223 3.65243,-1.1 -0.921528 3.66933,-0.999998 -0.921743 3.67041,-1.1 -0.919587 3.66083,-0.999998 -0.919921 3.66216,-0.999998 -0.917703 3.65401,-1.1 -0.917223 3.65243,-1.1 -0.914444 3.64415,10.711 -0.914444 3.64415,-1.1 -0.911257 3.63603,10.711 -0.911257 3.63603,-1.1 -0.907668 3.62808,10.711 -0.907668 3.62808,-1.1 -0.903687 3.62031,10.711 -0.903687 3.62031,-1.1 -0.899324 3.61276,10.711 -0.899324 3.61276,10.711 -0.89459 3.60543,-1.1 -0.89459 3.60543,-1.1 -0.889496 3.59834,10.711 -0.889496 3.59834,-1.1 -0.884056 3.59152,10.711 -0.884056 3.59152,10.711 -0.878282 3.58498,-1.1 -0.878282 3.58498,-1.1 -0.87219 3.57873,10.711 -0.87219 3.57873,-1.1 -0.865793 3.5728,10.711 -0.865793 3.5728,10.711 -0.859109 3.56719,-1.1 -0.859109 3.56719,-1.1 -0.852153 3.56192,10.711 -0.852153 3.56192,-1.1 -0.844944 3.557,10.711 -0.844944 3.557,10.711 -0.837498 3.55245,-1.1 -0.837498 3.55245,-1.1 -0.829835 3.54828,10.711 -0.829835 3.54828,10.711 -0.821974 3.5445,-1.1 -0.821974 3.5445,-1.1 -0.813933 3.54111,10.711 -0.813933 3.54111,-1.1 -0.805734 3.53812,10.711 -0.805734 3.53812,-1.1 -0.797395 3.53555,10.711 -0.797395 3.53555,-1.1 -0.78894 3.5334,10.711 -0.78894 3.5334,-1.1 -0.780387 3.53167,10.711 -0.780387 3.53167,10.711 -0.771759 3.53037,-1.1 -0.771759 3.53037,-1.1 -0.763076 3.5295,10.711 -0.763076 3.5295,-1.1 -0.754361 3.52906,10.711 -0.754361 3.52906,-1.1 -0.745636 3.52906,10.711 -0.745636 3.52906,10.711 -0.736921 3.5295,-1.1 -0.736921 3.5295,-1.1 -0.728238 3.53037,10.711 -0.728238 3.53037,10.711 -0.71961 3.53167,-1.1 -0.71961 3.53167,-1.1 -0.711057 3.5334,10.711 -0.711057 3.5334,-1.1 -0.702602 3.53555,10.711 -0.702602 3.53555,10.711 -0.694263 3.53812,-1.1 -0.694263 3.53812,10.711 -0.686064 3.54111,-1.1 -0.686064 3.54111,-1.1 -0.678023 3.5445,10.711 -0.678023 3.5445,-1.1 -0.670162 3.54828,10.711 -0.670162 3.54828,-1.1 -0.662499 3.55245,10.711 -0.662499 3.55245,-1.1 -0.655053 3.557,10.711 -0.655053 3.557,-1.1 -0.647844 3.56192,10.711 -0.647844 3.56192,-1.1 -0.640888 3.56719,10.711 -0.640888 3.56719,10.711 -0.634204 3.5728,-1.1 -0.634204 3.5728,-1.1 -0.627807 3.57873,10.711 -0.627807 3.57873,-1.1 -0.621715 3.58498,10.711 -0.621715 3.58498,10.711 -0.615941 3.59152,-1.1 -0.615941 3.59152,10.711 -0.610501 3.59834,-1.1 -0.610501 3.59834,-1.1 -0.605407 3.60543,10.711 -0.605407 3.60543,10.711 -0.600673 3.61276,-1.1 -0.600673 3.61276,-1.1 -0.59631 3.62031,10.711 -0.59631 3.62031,-1.1 -0.592329 3.62808,10.711 -0.592329 3.62808,10.711 -0.58874 3.63603,-1.1 -0.58874 3.63603,10.611 -0.582294 3.65401,10.711 -0.58041 3.66083,10.711 -0.582774 3.65243,-1.1 -0.585553 3.64415,10.711 -0.585553 3.64415,10.611 -0.580076 3.66216,10.711 -0.578469 3.66933,-1.1 -0.582774 3.65243,-0.999998 -0.582294 3.65401,10.611 -0.578254 3.67041,10.711 -0.576953 3.67793,-1.1 -0.58041 3.66083,10.611 -0.576832 3.67874,10.711 -0.575868 3.68658,-1.1 -0.578469 3.66933,-0.999998 -0.580076 3.66216,10.611 -0.575814 3.68713,10.711 -0.575216 3.69529,-1.1 -0.576953 3.67793,-0.999998 -0.578254 3.67041,10.611 -0.575203 3.69556,-1.1 -0.575868 3.68658,-0.999998 -0.576832 3.67874,-1.1 -0.575216 3.69529,-0.999998 -0.575814 3.68713,-0.999998 -0.575203 3.69556]
}}
appearance Appearance{material USE PLASTIC-BLUE-01 }}
Shape { geometry IndexedFaceSet 
{ creaseAngle 0.50 coordIndex [0,1,2,-1,1,3,2,-1,2,3,4,-1,0,5,1,-1,6,5,0,-1,3,7,4,-1,4,7,8,-1,6,9,5,-1,10,9,6,-1,7,11,8,-1,8,11,12,-1,10,13,9,-1,14,13,10,-1,12,15,16,-1,11,15,12,-1,14,17,13,-1,18,17,14,-1,15,19,16,-1,16,19,20,-1,18,21,17,-1,22,21,18,-1,19,23,20,-1,20,23,24,-1,25,26,22,-1,22,26,21,-1,23,27,24,-1,24,27,28,-1,29,30,25,-1,25,30,26,-1,27,31,28,-1,28,31,32,-1,33,34,29,-1,29,34,30,-1,31,35,32,-1,32,35,36,-1,33,37,34,-1,38,37,33,-1,35,39,36,-1,36,39,40,-1,41,42,38,-1,38,42,37,-1,39,43,40,-1,40,43,44,-1,45,46,41,-1,41,46,42,-1,43,47,44,-1,44,47,48,-1,45,49,46,-1,50,49,45,-1,47,51,48,-1,48,51,52,-1,50,53,49,-1,54,53,50,-1,51,55,52,-1,52,55,56,-1,54,57,53,-1,58,57,54,-1,55,59,56,-1,56,59,60,-1,58,61,57,-1,62,61,58,-1,59,63,60,-1,60,63,64,-1,62,65,61,-1,66,65,62,-1,63,67,64,-1,64,67,68,-1,66,69,65,-1,70,69,66,-1,67,71,68,-1,68,71,72,-1,70,73,69,-1,74,73,70,-1,71,75,72,-1,72,75,76,-1,74,77,73,-1,78,77,74,-1,75,79,76,-1,76,79,80,-1,78,81,77,-1,82,81,78,-1,79,83,80,-1,80,83,84,-1,82,85,81,-1,86,85,82,-1,84,87,88,-1,83,87,84,-1,86,89,85,-1,90,89,86,-1,88,91,92,-1,87,91,88,-1,93,94,90,-1,90,94,89,-1,92,95,96,-1,91,95,92,-1,97,98,93,-1,93,98,94,-1,96,99,100,-1,95,99,96,-1,101,102,97,-1,97,102,98,-1,100,103,104,-1,99,103,100,-1,105,106,101,-1,101,106,102,-1,104,107,108,-1,103,107,104,-1,109,110,105,-1,105,110,106,-1,108,111,112,-1,107,111,108,-1,109,113,110,-1,114,113,109,-1,112,115,116,-1,111,115,112,-1,117,118,114,-1,114,118,113,-1,116,119,120,-1,115,119,116,-1,121,122,117,-1,117,122,118,-1,119,123,120,-1,123,124,120,-1,121,125,122,-1,123,126,124,-1,121,127,125,-1,127,128,125,-1,129,130,126,-1,126,130,124,-1,128,131,132,-1,127,131,128,-1,133,134,129,-1,129,134,130,-1,132,135,136,-1,131,135,132,-1,133,137,134,-1,138,137,133,-1,136,139,140,-1,135,139,136,-1,141,142,138,-1,138,142,137,-1,139,143,140,-1,140,143,144,-1,145,146,141,-1,141,146,142,-1,143,147,144,-1,144,147,148,-1,149,150,145,-1,145,150,146,-1,147,151,148,-1,148,151,152,-1,153,154,149,-1,149,154,150,-1,151,155,152,-1,152,155,156,-1,157,158,153,-1,153,158,154,-1,155,159,156,-1,156,159,160,-1,161,162,157,-1,157,162,158,-1,159,163,160,-1,160,163,164,-1,161,165,162,-1,166,165,161,-1,163,167,164,-1,164,167,168,-1,166,169,165,-1,170,169,166,-1,167,171,168,-1,168,171,172,-1,173,174,170,-1,170,174,169,-1,171,175,172,-1,172,175,176,-1,177,178,173,-1,173,178,174,-1,175,179,176,-1,176,179,180,-1,181,182,177,-1,177,182,178,-1,179,183,180,-1,180,183,184,-1,181,185,182,-1,186,185,181,-1,183,187,184,-1,184,187,188,-1,189,190,186,-1,186,190,185,-1,188,191,192,-1,187,191,188,-1,193,194,189,-1,189,194,190,-1,192,195,196,-1,191,195,192,-1,197,198,193,-1,193,198,194,-1,196,199,200,-1,195,199,196,-1,197,201,198,-1,202,201,197,-1,200,203,204,-1,199,203,200,-1,205,206,202,-1,202,206,201,-1,203,207,204,-1,204,207,208,-1,205,209,206,-1,210,209,205,-1,207,211,208,-1,208,211,212,-1,210,213,209,-1,214,213,210,-1,211,215,212,-1,212,215,216,-1,214,217,213,-1,218,217,214,-1,215,219,216,-1,216,219,220,-1,221,222,218,-1,218,222,217,-1,219,223,220,-1,220,223,224,-1,221,225,222,-1,226,225,221,-1,223,227,224,-1,224,227,228,-1,226,229,225,-1,230,229,226,-1,227,231,228,-1,228,231,232,-1,233,234,230,-1,230,234,229,-1,231,235,232,-1,232,235,236,-1,233,237,234,-1,238,237,233,-1,235,239,236,-1,236,239,240,-1,238,241,237,-1,242,241,238,-1,239,243,240,-1,240,243,244,-1,242,245,241,-1,246,245,242,-1,243,247,244,-1,244,247,248,-1,246,249,245,-1,250,249,246,-1,247,251,248,-1,250,251,249,-1,248,251,250,-1]
coord Coordinate { point [-1.1 -0.878282 3.58498,-1.1 -0.795245 3.65988,-1.1 -0.87219 3.57873,-1.1 -0.792989 3.65768,-1.1 -0.865793 3.5728,-1.1 -0.797388 3.66219,-1.1 -0.884056 3.59152,-1.1 -0.790626 3.65559,-1.1 -0.859109 3.56719,-1.1 -0.799414 3.6646,-1.1 -0.889496 3.59834,-1.1 -0.788162 3.65363,-1.1 -0.852153 3.56192,-1.1 -0.801317 3.66711,-1.1 -0.89459 3.60543,-1.1 -0.785603 3.65179,-1.1 -0.844944 3.557,-1.1 -0.803092 3.66972,-1.1 -0.899324 3.61276,-1.1 -0.782956 3.65008,-1.1 -0.837498 3.55245,-1.1 -0.804736 3.67241,-1.1 -0.903687 3.62031,-1.1 -0.780226 3.6485,-1.1 -0.829835 3.54828,-1.1 -0.907668 3.62808,-1.1 -0.806243 3.67517,-1.1 -0.777422 3.64706,-1.1 -0.821974 3.5445,-1.1 -0.911257 3.63603,-1.1 -0.80761 3.67801,-1.1 -0.774549 3.64577,-1.1 -0.813933 3.54111,-1.1 -0.914444 3.64415,-1.1 -0.808834 3.68092,-1.1 -0.771616 3.64462,-1.1 -0.805734 3.53812,-1.1 -0.809912 3.68388,-1.1 -0.917223 3.65243,-1.1 -0.768628 3.64361,-1.1 -0.797395 3.53555,-1.1 -0.919587 3.66083,-1.1 -0.810841 3.68689,-1.1 -0.765595 3.64276,-1.1 -0.78894 3.5334,-1.1 -0.921528 3.66933,-1.1 -0.811619 3.68994,-1.1 -0.762522 3.64206,-1.1 -0.780387 3.53167,-1.1 -0.812243 3.69303,-1.1 -0.923044 3.67793,-1.1 -0.759419 3.64151,-1.1 -0.771759 3.53037,-1.1 -0.812713 3.69615,-1.1 -0.924129 3.68658,-1.1 -0.756292 3.64112,-1.1 -0.763076 3.5295,-1.1 -0.813027 3.69929,-1.1 -0.924781 3.69529,-1.1 -0.753149 3.64088,-1.1 -0.754361 3.52906,-1.1 -0.813184 3.70243,-1.1 -0.924998 3.70401,-1.1 -0.749999 3.6408,-1.1 -0.745636 3.52906,-1.1 -0.813184 3.70558,-1.1 -0.924781 3.71273,-1.1 -0.746848 3.64088,-1.1 -0.736921 3.5295,-1.1 -0.813027 3.70873,-1.1 -0.924129 3.72143,-1.1 -0.743705 3.64112,-1.1 -0.728238 3.53037,-1.1 -0.812713 3.71187,-1.1 -0.923044 3.73009,-1.1 -0.740578 3.64151,-1.1 -0.71961 3.53167,-1.1 -0.812243 3.71498,-1.1 -0.921528 3.73868,-1.1 -0.737475 3.64206,-1.1 -0.711057 3.5334,-1.1 -0.811619 3.71807,-1.1 -0.919587 3.74719,-1.1 -0.734402 3.64276,-1.1 -0.702602 3.53555,-1.1 -0.810841 3.72113,-1.1 -0.917223 3.75559,-1.1 -0.731369 3.64361,-1.1 -0.694263 3.53812,-1.1 -0.809912 3.72414,-1.1 -0.914444 3.76386,-1.1 -0.728381 3.64462,-1.1 -0.686064 3.54111,-1.1 -0.911257 3.77198,-1.1 -0.808834 3.7271,-1.1 -0.725448 3.64577,-1.1 -0.678023 3.5445,-1.1 -0.907668 3.77994,-1.1 -0.80761 3.73,-1.1 -0.722575 3.64706,-1.1 -0.670162 3.54828,-1.1 -0.903687 3.7877,-1.1 -0.806243 3.73284,-1.1 -0.719771 3.6485,-1.1 -0.662499 3.55245,-1.1 -0.899324 3.79526,-1.1 -0.804736 3.73561,-1.1 -0.717041 3.65008,-1.1 -0.655053 3.557,-1.1 -0.89459 3.80259,-1.1 -0.803092 3.7383,-1.1 -0.714394 3.65179,-1.1 -0.647844 3.56192,-1.1 -0.801317 3.7409,-1.1 -0.889496 3.80967,-1.1 -0.711835 3.65363,-1.1 -0.640888 3.56719,-1.1 -0.884056 3.8165,-1.1 -0.799414 3.74342,-1.1 -0.709371 3.65559,-1.1 -0.634204 3.5728,-1.1 -0.878282 3.82304,-1.1 -0.797388 3.74583,-1.1 -0.707008 3.65768,-1.1 -0.627807 3.57873,-1.1 -0.795245 3.74814,-1.1 -0.704752 3.65988,-1.1 -0.87219 3.82928,-1.1 -0.792989 3.75034,-1.1 -0.702609 3.66219,-1.1 -0.621715 3.58498,-1.1 -0.865793 3.83522,-1.1 -0.790626 3.75243,-1.1 -0.700583 3.6646,-1.1 -0.615941 3.59152,-1.1 -0.859109 3.84083,-1.1 -0.788162 3.75439,-1.1 -0.610501 3.59834,-1.1 -0.69868 3.66711,-1.1 -0.852153 3.8461,-1.1 -0.785603 3.75623,-1.1 -0.696905 3.66972,-1.1 -0.605407 3.60543,-1.1 -0.844944 3.85101,-1.1 -0.782956 3.75794,-1.1 -0.695261 3.67241,-1.1 -0.600673 3.61276,-1.1 -0.837498 3.85556,-1.1 -0.780226 3.75952,-1.1 -0.693754 3.67517,-1.1 -0.59631 3.62031,-1.1 -0.829835 3.85974,-1.1 -0.777422 3.76095,-1.1 -0.692387 3.67801,-1.1 -0.592329 3.62808,-1.1 -0.821974 3.86352,-1.1 -0.774549 3.76225,-1.1 -0.691163 3.68092,-1.1 -0.58874 3.63603,-1.1 -0.813933 3.86691,-1.1 -0.771616 3.7634,-1.1 -0.690085 3.68388,-1.1 -0.585553 3.64415,-1.1 -0.805734 3.8699,-1.1 -0.768628 3.76441,-1.1 -0.582774 3.65243,-1.1 -0.689156 3.68689,-1.1 -0.797395 3.87247,-1.1 -0.765595 3.76526,-1.1 -0.58041 3.66083,-1.1 -0.688378 3.68994,-1.1 -0.78894 3.87462,-1.1 -0.762522 3.76596,-1.1 -0.687754 3.69303,-1.1 -0.578469 3.66933,-1.1 -0.780387 3.87635,-1.1 -0.759419 3.76651,-1.1 -0.687284 3.69615,-1.1 -0.576953 3.67793,-1.1 -0.771759 3.87765,-1.1 -0.756292 3.7669,-1.1 -0.68697 3.69929,-1.1 -0.575868 3.68658,-1.1 -0.763076 3.87852,-1.1 -0.753149 3.76713,-1.1 -0.575216 3.69529,-1.1 -0.686813 3.70243,-1.1 -0.754361 3.87895,-1.1 -0.749999 3.76721,-1.1 -0.686813 3.70558,-1.1 -0.574999 3.70401,-1.1 -0.745636 3.87895,-1.1 -0.746848 3.76713,-1.1 -0.68697 3.70873,-1.1 -0.575216 3.71273,-1.1 -0.736921 3.87852,-1.1 -0.743705 3.7669,-1.1 -0.687284 3.71187,-1.1 -0.575868 3.72143,-1.1 -0.728238 3.87765,-1.1 -0.740578 3.76651,-1.1 -0.576953 3.73009,-1.1 -0.687754 3.71498,-1.1 -0.71961 3.87635,-1.1 -0.737475 3.76596,-1.1 -0.688378 3.71807,-1.1 -0.578469 3.73868,-1.1 -0.711057 3.87462,-1.1 -0.734402 3.76526,-1.1 -0.58041 3.74719,-1.1 -0.689156 3.72113,-1.1 -0.702602 3.87247,-1.1 -0.731369 3.76441,-1.1 -0.582774 3.75559,-1.1 -0.690085 3.72414,-1.1 -0.694263 3.8699,-1.1 -0.728381 3.7634,-1.1 -0.585553 3.76386,-1.1 -0.691163 3.7271,-1.1 -0.686064 3.86691,-1.1 -0.725448 3.76225,-1.1 -0.692387 3.73,-1.1 -0.58874 3.77198,-1.1 -0.678023 3.86352,-1.1 -0.722575 3.76095,-1.1 -0.592329 3.77994,-1.1 -0.693754 3.73284,-1.1 -0.670162 3.85974,-1.1 -0.719771 3.75952,-1.1 -0.59631 3.7877,-1.1 -0.695261 3.73561,-1.1 -0.662499 3.85556,-1.1 -0.717041 3.75794,-1.1 -0.696905 3.7383,-1.1 -0.600673 3.79526,-1.1 -0.655053 3.85101,-1.1 -0.714394 3.75623,-1.1 -0.605407 3.80259,-1.1 -0.69868 3.7409,-1.1 -0.647844 3.8461,-1.1 -0.711835 3.75439,-1.1 -0.610501 3.80967,-1.1 -0.700583 3.74342,-1.1 -0.640888 3.84083,-1.1 -0.709371 3.75243,-1.1 -0.615941 3.8165,-1.1 -0.702609 3.74583,-1.1 -0.634204 3.83522,-1.1 -0.707008 3.75034,-1.1 -0.621715 3.82304,-1.1 -0.704752 3.74814,-1.1 -0.627807 3.82928]
}}
appearance Appearance{material USE PLASTIC-BLUE-01 }}
Shape { geometry IndexedFaceSet 
{ creaseAngle 0.50 coordIndex [0,1,2,-1,3,0,2,-1,3,2,4,-1,5,1,0,-1,5,6,1,-1,7,3,4,-1,7,4,8,-1,9,6,5,-1,9,10,6,-1,11,7,8,-1,11,8,12,-1,13,10,9,-1,13,14,10,-1,15,12,16,-1,15,11,12,-1,17,14,13,-1,17,18,14,-1,19,15,16,-1,19,16,20,-1,21,18,17,-1,21,22,18,-1,23,19,20,-1,23,20,24,-1,25,26,22,-1,25,22,21,-1,27,23,24,-1,27,24,28,-1,29,30,26,-1,29,26,25,-1,31,27,28,-1,31,28,32,-1,33,34,30,-1,33,30,29,-1,35,31,32,-1,35,32,36,-1,37,34,33,-1,37,38,34,-1,39,35,36,-1,39,36,40,-1,41,42,38,-1,41,38,37,-1,43,39,40,-1,43,40,44,-1,45,46,42,-1,45,42,41,-1,47,43,44,-1,47,44,48,-1,49,46,45,-1,49,50,46,-1,51,47,48,-1,51,48,52,-1,53,50,49,-1,53,54,50,-1,55,51,52,-1,55,52,56,-1,57,54,53,-1,57,58,54,-1,59,55,56,-1,59,56,60,-1,61,58,57,-1,61,62,58,-1,63,59,60,-1,63,60,64,-1,65,62,61,-1,65,66,62,-1,67,63,64,-1,67,64,68,-1,69,66,65,-1,69,70,66,-1,71,67,68,-1,71,68,72,-1,73,70,69,-1,73,74,70,-1,75,71,72,-1,75,72,76,-1,77,74,73,-1,77,78,74,-1,79,75,76,-1,79,76,80,-1,81,78,77,-1,81,82,78,-1,83,79,80,-1,83,80,84,-1,85,82,81,-1,85,86,82,-1,87,84,88,-1,87,83,84,-1,89,86,85,-1,89,90,86,-1,91,88,92,-1,91,87,88,-1,93,94,90,-1,93,90,89,-1,95,92,96,-1,95,91,92,-1,97,98,94,-1,97,94,93,-1,99,96,100,-1,99,95,96,-1,101,102,98,-1,101,98,97,-1,103,100,104,-1,103,99,100,-1,105,106,102,-1,105,102,101,-1,107,104,108,-1,107,103,104,-1,109,110,106,-1,109,106,105,-1,111,108,112,-1,111,107,108,-1,113,110,109,-1,113,114,110,-1,115,112,116,-1,115,111,112,-1,117,118,114,-1,117,114,113,-1,119,116,120,-1,119,115,116,-1,121,122,118,-1,121,118,117,-1,123,119,120,-1,124,123,120,-1,125,122,121,-1,126,123,124,-1,127,122,125,-1,128,127,125,-1,129,130,126,-1,129,126,124,-1,131,128,132,-1,131,127,128,-1,133,134,130,-1,133,130,129,-1,135,132,136,-1,135,131,132,-1,137,134,133,-1,137,138,134,-1,139,136,140,-1,139,135,136,-1,141,142,138,-1,141,138,137,-1,143,139,140,-1,143,140,144,-1,145,146,142,-1,145,142,141,-1,147,143,144,-1,147,144,148,-1,149,150,146,-1,149,146,145,-1,151,147,148,-1,151,148,152,-1,153,154,150,-1,153,150,149,-1,155,151,152,-1,155,152,156,-1,157,158,154,-1,157,154,153,-1,159,155,156,-1,159,156,160,-1,161,162,158,-1,161,158,157,-1,163,159,160,-1,163,160,164,-1,165,162,161,-1,165,166,162,-1,167,163,164,-1,167,164,168,-1,169,166,165,-1,169,170,166,-1,171,167,168,-1,171,168,172,-1,173,174,170,-1,173,170,169,-1,175,171,172,-1,175,172,176,-1,177,178,174,-1,177,174,173,-1,179,175,176,-1,179,176,180,-1,181,182,178,-1,181,178,177,-1,183,179,180,-1,183,180,184,-1,185,182,181,-1,185,186,182,-1,187,183,184,-1,187,184,188,-1,189,190,186,-1,189,186,185,-1,191,188,192,-1,191,187,188,-1,193,194,190,-1,193,190,189,-1,195,192,196,-1,195,191,192,-1,197,198,194,-1,197,194,193,-1,199,196,200,-1,199,195,196,-1,201,198,197,-1,201,202,198,-1,203,200,204,-1,203,199,200,-1,205,206,202,-1,205,202,201,-1,207,203,204,-1,207,204,208,-1,209,206,205,-1,209,210,206,-1,211,207,208,-1,211,208,212,-1,213,210,209,-1,213,214,210,-1,215,211,212,-1,215,212,216,-1,217,214,213,-1,217,218,214,-1,219,215,216,-1,219,216,220,-1,221,222,218,-1,221,218,217,-1,223,219,220,-1,223,220,224,-1,225,222,221,-1,225,226,222,-1,227,223,224,-1,227,224,228,-1,229,226,225,-1,229,230,226,-1,231,227,228,-1,231,228,232,-1,233,234,230,-1,233,230,229,-1,235,231,232,-1,235,232,236,-1,237,234,233,-1,237,238,234,-1,239,235,236,-1,239,236,240,-1,241,238,237,-1,241,242,238,-1,243,239,240,-1,243,240,244,-1,245,242,241,-1,245,246,242,-1,247,243,244,-1,247,244,248,-1,249,246,245,-1,249,250,246,-1,251,247,248,-1,251,250,249,-1,251,248,250,-1]
coord Coordinate { point [10.711 -0.795245 3.65988,10.711 -0.878282 3.58498,10.711 -0.87219 3.57873,10.711 -0.792989 3.65768,10.711 -0.865793 3.5728,10.711 -0.797388 3.66219,10.711 -0.884056 3.59152,10.711 -0.790626 3.65559,10.711 -0.859109 3.56719,10.711 -0.799414 3.6646,10.711 -0.889496 3.59834,10.711 -0.788162 3.65363,10.711 -0.852153 3.56192,10.711 -0.801317 3.66711,10.711 -0.89459 3.60543,10.711 -0.785603 3.65179,10.711 -0.844944 3.557,10.711 -0.803092 3.66972,10.711 -0.899324 3.61276,10.711 -0.782956 3.65008,10.711 -0.837498 3.55245,10.711 -0.804736 3.67241,10.711 -0.903687 3.62031,10.711 -0.780226 3.6485,10.711 -0.829835 3.54828,10.711 -0.806243 3.67517,10.711 -0.907668 3.62808,10.711 -0.777422 3.64706,10.711 -0.821974 3.5445,10.711 -0.80761 3.67801,10.711 -0.911257 3.63603,10.711 -0.774549 3.64577,10.711 -0.813933 3.54111,10.711 -0.808834 3.68092,10.711 -0.914444 3.64415,10.711 -0.771616 3.64462,10.711 -0.805734 3.53812,10.711 -0.809912 3.68388,10.711 -0.917223 3.65243,10.711 -0.768628 3.64361,10.711 -0.797395 3.53555,10.711 -0.810841 3.68689,10.711 -0.919587 3.66083,10.711 -0.765595 3.64276,10.711 -0.78894 3.5334,10.711 -0.811619 3.68994,10.711 -0.921528 3.66933,10.711 -0.762522 3.64206,10.711 -0.780387 3.53167,10.711 -0.812243 3.69303,10.711 -0.923044 3.67793,10.711 -0.759419 3.64151,10.711 -0.771759 3.53037,10.711 -0.812713 3.69615,10.711 -0.924129 3.68658,10.711 -0.756292 3.64112,10.711 -0.763076 3.5295,10.711 -0.813027 3.69929,10.711 -0.924781 3.69529,10.711 -0.753149 3.64088,10.711 -0.754361 3.52906,10.711 -0.813184 3.70243,10.711 -0.924998 3.70401,10.711 -0.749999 3.6408,10.711 -0.745636 3.52906,10.711 -0.813184 3.70558,10.711 -0.924781 3.71273,10.711 -0.746848 3.64088,10.711 -0.736921 3.5295,10.711 -0.813027 3.70873,10.711 -0.924129 3.72143,10.711 -0.743705 3.64112,10.711 -0.728238 3.53037,10.711 -0.812713 3.71187,10.711 -0.923044 3.73009,10.711 -0.740578 3.64151,10.711 -0.71961 3.53167,10.711 -0.812243 3.71498,10.711 -0.921528 3.73868,10.711 -0.737475 3.64206,10.711 -0.711057 3.5334,10.711 -0.811619 3.71807,10.711 -0.919587 3.74719,10.711 -0.734402 3.64276,10.711 -0.702602 3.53555,10.711 -0.810841 3.72113,10.711 -0.917223 3.75559,10.711 -0.731369 3.64361,10.711 -0.694263 3.53812,10.711 -0.809912 3.72414,10.711 -0.914444 3.76386,10.711 -0.728381 3.64462,10.711 -0.686064 3.54111,10.711 -0.808834 3.7271,10.711 -0.911257 3.77198,10.711 -0.725448 3.64577,10.711 -0.678023 3.5445,10.711 -0.80761 3.73,10.711 -0.907668 3.77994,10.711 -0.722575 3.64706,10.711 -0.670162 3.54828,10.711 -0.806243 3.73284,10.711 -0.903687 3.7877,10.711 -0.719771 3.6485,10.711 -0.662499 3.55245,10.711 -0.804736 3.73561,10.711 -0.899324 3.79526,10.711 -0.717041 3.65008,10.711 -0.655053 3.557,10.711 -0.803092 3.7383,10.711 -0.89459 3.80259,10.711 -0.714394 3.65179,10.711 -0.647844 3.56192,10.711 -0.801317 3.7409,10.711 -0.889496 3.80967,10.711 -0.711835 3.65363,10.711 -0.640888 3.56719,10.711 -0.799414 3.74342,10.711 -0.884056 3.8165,10.711 -0.709371 3.65559,10.711 -0.634204 3.5728,10.711 -0.797388 3.74583,10.711 -0.878282 3.82304,10.711 -0.707008 3.65768,10.711 -0.627807 3.57873,10.711 -0.795245 3.74814,10.711 -0.704752 3.65988,10.711 -0.87219 3.82928,10.711 -0.792989 3.75034,10.711 -0.621715 3.58498,10.711 -0.702609 3.66219,10.711 -0.865793 3.83522,10.711 -0.790626 3.75243,10.711 -0.615941 3.59152,10.711 -0.700583 3.6646,10.711 -0.859109 3.84083,10.711 -0.788162 3.75439,10.711 -0.610501 3.59834,10.711 -0.69868 3.66711,10.711 -0.852153 3.8461,10.711 -0.785603 3.75623,10.711 -0.605407 3.60543,10.711 -0.696905 3.66972,10.711 -0.844944 3.85101,10.711 -0.782956 3.75794,10.711 -0.600673 3.61276,10.711 -0.695261 3.67241,10.711 -0.837498 3.85556,10.711 -0.780226 3.75952,10.711 -0.59631 3.62031,10.711 -0.693754 3.67517,10.711 -0.829835 3.85974,10.711 -0.777422 3.76095,10.711 -0.592329 3.62808,10.711 -0.692387 3.67801,10.711 -0.821974 3.86352,10.711 -0.774549 3.76225,10.711 -0.58874 3.63603,10.711 -0.691163 3.68092,10.711 -0.813933 3.86691,10.711 -0.771616 3.7634,10.711 -0.585553 3.64415,10.711 -0.690085 3.68388,10.711 -0.805734 3.8699,10.711 -0.768628 3.76441,10.711 -0.582774 3.65243,10.711 -0.689156 3.68689,10.711 -0.797395 3.87247,10.711 -0.765595 3.76526,10.711 -0.58041 3.66083,10.711 -0.688378 3.68994,10.711 -0.78894 3.87462,10.711 -0.762522 3.76596,10.711 -0.578469 3.66933,10.711 -0.687754 3.69303,10.711 -0.780387 3.87635,10.711 -0.759419 3.76651,10.711 -0.576953 3.67793,10.711 -0.687284 3.69615,10.711 -0.771759 3.87765,10.711 -0.756292 3.7669,10.711 -0.575868 3.68658,10.711 -0.68697 3.69929,10.711 -0.763076 3.87852,10.711 -0.753149 3.76713,10.711 -0.575216 3.69529,10.711 -0.686813 3.70243,10.711 -0.754361 3.87895,10.711 -0.749999 3.76721,10.711 -0.574999 3.70401,10.711 -0.686813 3.70558,10.711 -0.745636 3.87895,10.711 -0.746848 3.76713,10.711 -0.575216 3.71273,10.711 -0.68697 3.70873,10.711 -0.736921 3.87852,10.711 -0.743705 3.7669,10.711 -0.575868 3.72143,10.711 -0.687284 3.71187,10.711 -0.728238 3.87765,10.711 -0.740578 3.76651,10.711 -0.576953 3.73009,10.711 -0.687754 3.71498,10.711 -0.71961 3.87635,10.711 -0.737475 3.76596,10.711 -0.578469 3.73868,10.711 -0.688378 3.71807,10.711 -0.711057 3.87462,10.711 -0.734402 3.76526,10.711 -0.58041 3.74719,10.711 -0.689156 3.72113,10.711 -0.702602 3.87247,10.711 -0.731369 3.76441,10.711 -0.582774 3.75559,10.711 -0.690085 3.72414,10.711 -0.694263 3.8699,10.711 -0.728381 3.7634,10.711 -0.585553 3.76386,10.711 -0.691163 3.7271,10.711 -0.686064 3.86691,10.711 -0.725448 3.76225,10.711 -0.58874 3.77198,10.711 -0.692387 3.73,10.711 -0.678023 3.86352,10.711 -0.722575 3.76095,10.711 -0.592329 3.77994,10.711 -0.693754 3.73284,10.711 -0.670162 3.85974,10.711 -0.719771 3.75952,10.711 -0.59631 3.7877,10.711 -0.695261 3.73561,10.711 -0.662499 3.85556,10.711 -0.717041 3.75794,10.711 -0.600673 3.79526,10.711 -0.696905 3.7383,10.711 -0.655053 3.85101,10.711 -0.714394 3.75623,10.711 -0.605407 3.80259,10.711 -0.69868 3.7409,10.711 -0.647844 3.8461,10.711 -0.711835 3.75439,10.711 -0.610501 3.80967,10.711 -0.700583 3.74342,10.711 -0.640888 3.84083,10.711 -0.709371 3.75243,10.711 -0.615941 3.8165,10.711 -0.702609 3.74583,10.711 -0.634204 3.83522,10.711 -0.707008 3.75034,10.711 -0.621715 3.82304,10.711 -0.704752 3.74814,10.711 -0.627807 3.82928]
}}
appearance Appearance{material USE PLASTIC-BLUE-01 }}
Shape { geometry IndexedFaceSet 
{ creaseAngle 0.50 coordIndex [0,1,2,-1,2,1,3,-1,3,4,5,-1,1,4,3,-1,5,6,7,-1,4,6,5,-1,7,8,9,-1,6,8,7,-1,9,10,11,-1,11,10,12,-1,8,10,9,-1,12,13,14,-1,10,13,12,-1,13,15,14,-1,14,16,17,-1,17,16,18,-1,15,16,14,-1,18,19,20,-1,16,19,18,-1,20,21,22,-1,19,21,20,-1,22,23,24,-1,21,23,22,-1,23,25,24,-1]
coord Coordinate { point [-0.999998 -1.08229 3.65401,-0.999998 -1.08007 3.66216,-0.999998 -0.917703 3.65401,-0.999998 -0.919921 3.66216,-0.999998 -1.07825 3.67041,-0.999998 -0.921743 3.67041,-0.999998 -1.07683 3.67874,-0.999998 -0.923165 3.67874,-0.999998 -1.07581 3.68713,-0.999998 -0.924183 3.68713,-0.999998 -1.0752 3.69556,-0.999998 -0.924794 3.69556,-0.999998 -0.924998 3.70401,-0.999998 -1.075 3.70401,-0.999998 -0.924794 3.71246,-0.999998 -1.0752 3.71246,-0.999998 -1.07581 3.72088,-0.999998 -0.924183 3.72088,-0.999998 -0.923165 3.72927,-0.999998 -1.07683 3.72927,-0.999998 -0.921743 3.7376,-0.999998 -1.07825 3.7376,-0.999998 -0.919921 3.74585,-0.999998 -1.08007 3.74585,-0.999998 -0.917703 3.75401,-0.999998 -1.08229 3.75401]
}}
appearance Appearance{material USE CAP-CERAMIC-05 }}
Shape { geometry IndexedFaceSet 
{ creaseAngle 0.50 coordIndex [0,1,2,-1,3,0,2,-1]
coord Coordinate { point [10.611 -0.917703 3.75401,-0.999998 -0.917703 3.75401,-0.999998 -1.08229 3.75401,10.611 -1.08229 3.75401]
}}
appearance Appearance{material USE CAP-CERAMIC-05 }}
Shape { geometry IndexedFaceSet 
{ creaseAngle 0.50 coordIndex [0,1,2,-1,3,0,2,-1,4,2,5,-1,4,5,6,-1,4,3,2,-1,7,4,6,-1,8,6,9,-1,8,7,6,-1,10,9,11,-1,10,11,12,-1,10,8,9,-1,13,12,14,-1,13,10,12,-1,15,13,14,-1,16,14,17,-1,16,17,18,-1,16,15,14,-1,19,18,20,-1,19,16,18,-1,21,20,22,-1,21,19,20,-1,23,22,24,-1,23,21,22,-1,25,23,24,-1]
coord Coordinate { point [10.611 -1.08229 3.65401,10.611 -0.917703 3.65401,10.611 -0.919921 3.66216,10.611 -1.08007 3.66216,10.611 -1.07825 3.67041,10.611 -0.921743 3.67041,10.611 -0.923165 3.67874,10.611 -1.07683 3.67874,10.611 -1.07581 3.68713,10.611 -0.924183 3.68713,10.611 -1.0752 3.69556,10.611 -0.924794 3.69556,10.611 -0.924998 3.70401,10.611 -1.075 3.70401,10.611 -0.924794 3.71246,10.611 -1.0752 3.71246,10.611 -1.07581 3.72088,10.611 -0.924183 3.72088,10.611 -0.923165 3.72927,10.611 -1.07683 3.72927,10.611 -0.921743 3.7376,10.611 -1.07825 3.7376,10.611 -0.919921 3.74585,10.611 -1.08007 3.74585,10.611 -0.917703 3.75401,10.611 -1.08229 3.75401]
}}
appearance Appearance{material USE CAP-CERAMIC-05 }}
Shape { geometry IndexedFaceSet 
{ creaseAngle 0.50 coordIndex [0,1,2,-1,1,3,2,-1]
coord Coordinate { point [-0.999998 -0.917703 3.65401,10.611 -0.917703 3.65401,-0.999998 -1.08229 3.65401,10.611 -1.08229 3.65401]
}}
appearance Appearance{material USE CAP-CERAMIC-05 }}
Shape { geometry IndexedFaceSet 
{ creaseAngle 0.50 coordIndex [0,1,2,-1,2,1,3,-1,4,5,6,-1,6,5,7,-1,7,5,8,-1,9,10,11,-1,12,13,14,-1,14,13,15,-1,16,13,17,-1,15,13,18,-1,17,13,19,-1,18,13,20,-1,19,13,21,-1,20,13,22,-1,21,13,23,-1,22,13,24,-1,23,13,25,-1,24,13,26,-1,25,13,27,-1,26,13,28,-1,27,13,29,-1,28,13,30,-1,29,13,31,-1,32,13,33,-1,30,13,34,-1,35,36,37,-1,31,13,38,-1,34,13,39,-1,38,13,40,-1,39,13,41,-1,40,13,42,-1,41,13,43,-1,42,13,44,-1,43,13,45,-1,44,13,46,-1,45,13,47,-1,48,13,49,-1,47,13,50,-1,50,13,51,-1,52,13,53,-1,51,13,54,-1,53,13,55,-1,54,13,56,-1,55,13,57,-1,56,13,58,-1,57,13,59,-1,58,13,60,-1,60,13,61,-1,61,13,62,-1,62,13,63,-1,63,13,64,-1,65,13,66,-1,64,13,16,-1,67,13,68,-1,46,13,52,-1,49,13,69,-1,69,13,70,-1,70,13,71,-1,72,13,73,-1,74,13,67,-1,36,13,37,-1,5,13,75,-1,59,13,76,-1,75,13,77,-1,77,13,78,-1,4,13,5,-1,79,13,10,-1,11,13,80,-1,80,13,1,-1,3,13,81,-1,10,13,11,-1,82,13,83,-1,68,13,48,-1,83,13,84,-1,84,13,85,-1,85,13,86,-1,81,13,82,-1,86,13,87,-1,87,13,88,-1,88,13,89,-1,89,13,90,-1,90,13,32,-1,33,13,65,-1,66,13,72,-1,76,13,74,-1,73,13,36,-1,71,13,4,-1,37,13,91,-1,91,13,92,-1,92,13,93,-1,93,13,94,-1,94,13,95,-1,1,13,3,-1,95,13,96,-1,96,13,97,-1,97,13,98,-1,98,13,99,-1,99,13,100,-1,100,13,101,-1,101,13,102,-1,102,13,103,-1,103,13,104,-1,104,13,105,-1,105,13,106,-1,106,13,12,-1,46,52,107,-1,108,72,73,-1,109,65,66,-1,59,76,110,-1,76,74,111,-1,112,32,113,-1,113,32,33,-1,74,67,114,-1,68,115,116,-1,115,48,117,-1,68,48,115,-1,48,49,118,-1,119,81,120,-1,120,81,121,-1,121,81,122,-1,122,81,82,-1,71,4,123,-1,123,4,124,-1,124,4,125,-1]
coord Coordinate { point [-1.1 -0.722575 3.76095,-1.1 -0.719771 3.75952,-1.1 -0.725448 3.76225,-1.1 -0.728381 3.7634,-1.1 -0.691163 3.7271,-1.1 -0.696905 3.7383,-1.1 -0.692387 3.73,-1.1 -0.693754 3.73284,-1.1 -0.695261 3.73561,-1.1 -0.711835 3.75439,-1.1 -0.709371 3.75243,-1.1 -0.714394 3.75623,-1.1 -0.810841 3.68689,-1.1 -0.704752 3.74814,-1.1 -0.809912 3.68388,-1.1 -0.808834 3.68092,-1.1 -0.749999 3.6408,-1.1 -0.746848 3.64088,-1.1 -0.80761 3.67801,-1.1 -0.743705 3.64112,-1.1 -0.806243 3.67517,-1.1 -0.740578 3.64151,-1.1 -0.804736 3.67241,-1.1 -0.737475 3.64206,-1.1 -0.803092 3.66972,-1.1 -0.734402 3.64276,-1.1 -0.801317 3.66711,-1.1 -0.731369 3.64361,-1.1 -0.799414 3.6646,-1.1 -0.728381 3.64462,-1.1 -0.797388 3.66219,-1.1 -0.725448 3.64577,-1.1 -0.774549 3.76225,-1.1 -0.782956 3.75794,-1.1 -0.795245 3.65988,-1.1 -0.801317 3.7409,-1.1 -0.799414 3.74342,-1.1 -0.803092 3.7383,-1.1 -0.722575 3.64706,-1.1 -0.792989 3.65768,-1.1 -0.719771 3.6485,-1.1 -0.790626 3.65559,-1.1 -0.717041 3.65008,-1.1 -0.788162 3.65363,-1.1 -0.714394 3.65179,-1.1 -0.785603 3.65179,-1.1 -0.711835 3.65363,-1.1 -0.782956 3.65008,-1.1 -0.68697 3.69929,-1.1 -0.686813 3.70558,-1.1 -0.780226 3.6485,-1.1 -0.777422 3.64706,-1.1 -0.707008 3.65768,-1.1 -0.704752 3.65988,-1.1 -0.774549 3.64577,-1.1 -0.702609 3.66219,-1.1 -0.771616 3.64462,-1.1 -0.700583 3.6646,-1.1 -0.768628 3.64361,-1.1 -0.69868 3.66711,-1.1 -0.765595 3.64276,-1.1 -0.762522 3.64206,-1.1 -0.759419 3.64151,-1.1 -0.756292 3.64112,-1.1 -0.753149 3.64088,-1.1 -0.785603 3.75623,-1.1 -0.790626 3.75243,-1.1 -0.690085 3.68388,-1.1 -0.689156 3.68689,-1.1 -0.68697 3.70873,-1.1 -0.687284 3.71187,-1.1 -0.687754 3.71498,-1.1 -0.792989 3.75034,-1.1 -0.797388 3.74583,-1.1 -0.692387 3.67801,-1.1 -0.69868 3.7409,-1.1 -0.695261 3.67241,-1.1 -0.700583 3.74342,-1.1 -0.702609 3.74583,-1.1 -0.707008 3.75034,-1.1 -0.717041 3.75794,-1.1 -0.731369 3.76441,-1.1 -0.746848 3.76713,-1.1 -0.749999 3.76721,-1.1 -0.753149 3.76713,-1.1 -0.756292 3.7669,-1.1 -0.759419 3.76651,-1.1 -0.762522 3.76596,-1.1 -0.765595 3.76526,-1.1 -0.768628 3.76441,-1.1 -0.771616 3.7634,-1.1 -0.804736 3.73561,-1.1 -0.806243 3.73284,-1.1 -0.80761 3.73,-1.1 -0.808834 3.7271,-1.1 -0.809912 3.72414,-1.1 -0.810841 3.72113,-1.1 -0.811619 3.71807,-1.1 -0.812243 3.71498,-1.1 -0.812713 3.71187,-1.1 -0.813027 3.70873,-1.1 -0.813184 3.70558,-1.1 -0.813184 3.70243,-1.1 -0.813027 3.69929,-1.1 -0.812713 3.69615,-1.1 -0.812243 3.69303,-1.1 -0.811619 3.68994,-1.1 -0.709371 3.65559,-1.1 -0.795245 3.74814,-1.1 -0.788162 3.75439,-1.1 -0.696905 3.66972,-1.1 -0.693754 3.67517,-1.1 -0.777422 3.76095,-1.1 -0.780226 3.75952,-1.1 -0.691163 3.68092,-1.1 -0.687754 3.69303,-1.1 -0.688378 3.68994,-1.1 -0.687284 3.69615,-1.1 -0.686813 3.70243,-1.1 -0.734402 3.76526,-1.1 -0.737475 3.76596,-1.1 -0.740578 3.76651,-1.1 -0.743705 3.7669,-1.1 -0.688378 3.71807,-1.1 -0.689156 3.72113,-1.1 -0.690085 3.72414]
}}
appearance Appearance{material USE MET-COPPER }}
Shape { geometry IndexedFaceSet 
{ creaseAngle 0.50 coordIndex [0,1,2,-1,0,2,3,-1,4,5,6,-1,4,6,7,-1,4,7,8,-1,9,10,11,-1,12,13,14,-1,12,14,15,-1,12,16,17,-1,12,15,18,-1,12,17,19,-1,12,18,20,-1,12,19,21,-1,12,20,22,-1,12,21,23,-1,12,22,24,-1,12,23,25,-1,12,24,26,-1,12,25,27,-1,12,26,28,-1,12,27,29,-1,12,28,30,-1,12,29,31,-1,12,32,33,-1,12,30,34,-1,35,36,37,-1,12,31,38,-1,12,34,39,-1,12,38,40,-1,12,39,41,-1,12,40,42,-1,12,41,43,-1,12,42,44,-1,12,43,45,-1,12,44,46,-1,12,45,47,-1,12,48,49,-1,12,47,50,-1,12,50,51,-1,12,52,53,-1,12,51,54,-1,12,53,55,-1,12,54,56,-1,12,55,57,-1,12,56,58,-1,12,57,59,-1,12,58,60,-1,12,60,61,-1,12,61,62,-1,12,62,63,-1,12,63,64,-1,12,65,66,-1,12,64,16,-1,12,67,68,-1,12,46,52,-1,12,49,69,-1,12,69,70,-1,12,70,71,-1,12,72,73,-1,12,74,67,-1,12,35,37,-1,12,4,75,-1,12,59,76,-1,12,75,77,-1,12,77,78,-1,12,5,4,-1,12,79,9,-1,12,11,80,-1,12,80,0,-1,12,3,81,-1,12,9,11,-1,12,82,83,-1,12,68,48,-1,12,83,84,-1,12,84,85,-1,12,85,86,-1,12,81,82,-1,12,86,87,-1,12,87,88,-1,12,88,89,-1,12,89,90,-1,12,90,32,-1,12,33,65,-1,12,66,72,-1,12,76,74,-1,12,73,35,-1,12,71,5,-1,12,37,91,-1,12,91,92,-1,12,92,93,-1,12,93,94,-1,12,94,95,-1,12,0,3,-1,12,95,96,-1,12,96,97,-1,12,97,98,-1,12,98,99,-1,12,99,100,-1,12,100,101,-1,12,101,102,-1,12,102,103,-1,12,103,104,-1,12,104,105,-1,12,105,106,-1,12,106,13,-1,52,46,107,-1,72,108,73,-1,65,109,66,-1,76,59,110,-1,74,76,111,-1,32,112,113,-1,32,113,33,-1,67,74,114,-1,115,68,116,-1,48,115,117,-1,48,68,115,-1,49,48,118,-1,81,119,120,-1,81,120,121,-1,81,121,122,-1,81,122,82,-1,5,71,123,-1,5,123,124,-1,5,124,125,-1]
coord Coordinate { point [10.711 -0.719771 3.75952,10.711 -0.722575 3.76095,10.711 -0.725448 3.76225,10.711 -0.728381 3.7634,10.711 -0.696905 3.7383,10.711 -0.691163 3.7271,10.711 -0.692387 3.73,10.711 -0.693754 3.73284,10.711 -0.695261 3.73561,10.711 -0.709371 3.75243,10.711 -0.711835 3.75439,10.711 -0.714394 3.75623,10.711 -0.704752 3.74814,10.711 -0.810841 3.68689,10.711 -0.809912 3.68388,10.711 -0.808834 3.68092,10.711 -0.749999 3.6408,10.711 -0.746848 3.64088,10.711 -0.80761 3.67801,10.711 -0.743705 3.64112,10.711 -0.806243 3.67517,10.711 -0.740578 3.64151,10.711 -0.804736 3.67241,10.711 -0.737475 3.64206,10.711 -0.803092 3.66972,10.711 -0.734402 3.64276,10.711 -0.801317 3.66711,10.711 -0.731369 3.64361,10.711 -0.799414 3.6646,10.711 -0.728381 3.64462,10.711 -0.797388 3.66219,10.711 -0.725448 3.64577,10.711 -0.774549 3.76225,10.711 -0.782956 3.75794,10.711 -0.795245 3.65988,10.711 -0.799414 3.74342,10.711 -0.801317 3.7409,10.711 -0.803092 3.7383,10.711 -0.722575 3.64706,10.711 -0.792989 3.65768,10.711 -0.719771 3.6485,10.711 -0.790626 3.65559,10.711 -0.717041 3.65008,10.711 -0.788162 3.65363,10.711 -0.714394 3.65179,10.711 -0.785603 3.65179,10.711 -0.711835 3.65363,10.711 -0.782956 3.65008,10.711 -0.68697 3.69929,10.711 -0.686813 3.70558,10.711 -0.780226 3.6485,10.711 -0.777422 3.64706,10.711 -0.707008 3.65768,10.711 -0.704752 3.65988,10.711 -0.774549 3.64577,10.711 -0.702609 3.66219,10.711 -0.771616 3.64462,10.711 -0.700583 3.6646,10.711 -0.768628 3.64361,10.711 -0.69868 3.66711,10.711 -0.765595 3.64276,10.711 -0.762522 3.64206,10.711 -0.759419 3.64151,10.711 -0.756292 3.64112,10.711 -0.753149 3.64088,10.711 -0.785603 3.75623,10.711 -0.790626 3.75243,10.711 -0.690085 3.68388,10.711 -0.689156 3.68689,10.711 -0.68697 3.70873,10.711 -0.687284 3.71187,10.711 -0.687754 3.71498,10.711 -0.792989 3.75034,10.711 -0.797388 3.74583,10.711 -0.692387 3.67801,10.711 -0.69868 3.7409,10.711 -0.695261 3.67241,10.711 -0.700583 3.74342,10.711 -0.702609 3.74583,10.711 -0.707008 3.75034,10.711 -0.717041 3.75794,10.711 -0.731369 3.76441,10.711 -0.746848 3.76713,10.711 -0.749999 3.76721,10.711 -0.753149 3.76713,10.711 -0.756292 3.7669,10.711 -0.759419 3.76651,10.711 -0.762522 3.76596,10.711 -0.765595 3.76526,10.711 -0.768628 3.76441,10.711 -0.771616 3.7634,10.711 -0.804736 3.73561,10.711 -0.806243 3.73284,10.711 -0.80761 3.73,10.711 -0.808834 3.7271,10.711 -0.809912 3.72414,10.711 -0.810841 3.72113,10.711 -0.811619 3.71807,10.711 -0.812243 3.71498,10.711 -0.812713 3.71187,10.711 -0.813027 3.70873,10.711 -0.813184 3.70558,10.711 -0.813184 3.70243,10.711 -0.813027 3.69929,10.711 -0.812713 3.69615,10.711 -0.812243 3.69303,10.711 -0.811619 3.68994,10.711 -0.709371 3.65559,10.711 -0.795245 3.74814,10.711 -0.788162 3.75439,10.711 -0.696905 3.66972,10.711 -0.693754 3.67517,10.711 -0.777422 3.76095,10.711 -0.780226 3.75952,10.711 -0.691163 3.68092,10.711 -0.687754 3.69303,10.711 -0.688378 3.68994,10.711 -0.687284 3.69615,10.711 -0.686813 3.70243,10.711 -0.734402 3.76526,10.711 -0.737475 3.76596,10.711 -0.740578 3.76651,10.711 -0.743705 3.7669,10.711 -0.688378 3.71807,10.711 -0.689156 3.72113,10.711 -0.690085 3.72414]
}}
appearance Appearance{material USE MET-COPPER }}
Shape { geometry IndexedFaceSet 
{ creaseAngle 0.50 coordIndex [0,1,2,-1,1,3,2,-1,1,4,3,-1,4,5,3,-1,6,7,8,-1,9,10,5,-1,6,11,7,-1,11,12,7,-1,13,14,10,-1,11,15,12,-1,16,17,14,-1,15,18,19,-1,20,21,17,-1,18,22,23,-1,22,24,25,-1,26,27,20,-1,20,27,21,-1,24,27,26,-1,21,27,28,-1,28,29,30,-1,27,29,28,-1,29,31,30,-1,30,32,33,-1,31,32,30,-1,33,34,35,-1,32,34,33,-1,35,36,37,-1,34,36,35,-1,37,38,39,-1,39,38,40,-1,36,38,37,-1,38,41,40,-1,40,42,43,-1,41,42,40,-1,42,44,43,-1,43,44,45,-1,44,46,45,-1,45,46,47,-1,46,48,47,-1,47,48,49,-1,49,48,50,-1,48,51,50,-1,51,52,50,-1,50,52,53,-1,53,52,54,-1,52,55,54,-1,55,56,54,-1,54,56,57,-1,57,56,58,-1,56,59,58,-1,58,59,60,-1,59,61,60,-1,61,62,60,-1,60,62,63,-1,63,62,64,-1,62,65,64,-1,65,66,64,-1,64,66,67,-1,66,68,67,-1,67,68,69,-1,68,70,69,-1,69,70,71,-1,71,70,72,-1,70,73,72,-1,73,74,72,-1,72,74,75,-1,74,76,75,-1,75,76,77,-1,76,78,77,-1,77,78,79,-1,78,80,79,-1,79,80,81,-1,82,83,84,-1,80,83,81,-1,81,83,82,-1,84,85,86,-1,83,85,84,-1,85,87,86,-1,86,88,89,-1,87,88,86,-1,89,90,91,-1,88,90,89,-1,90,92,91,-1,91,92,93,-1,92,94,93,-1,93,94,95,-1,95,96,97,-1,94,96,95,-1,97,98,99,-1,99,98,100,-1,96,98,97,-1,98,101,100,-1,100,102,103,-1,101,102,100,-1,103,104,105,-1,105,104,106,-1,102,104,103,-1,104,107,106,-1,106,108,109,-1,107,108,106,-1,109,110,111,-1,111,110,112,-1,108,110,109,-1,110,113,112,-1,112,114,115,-1,113,114,112,-1,115,116,117,-1,117,116,118,-1,114,116,115,-1,116,119,118,-1,118,120,121,-1,119,120,118,-1,121,122,123,-1,120,122,121,-1,123,124,125,-1,125,124,126,-1,122,124,123,-1,127,128,129,-1,124,130,126,-1,131,132,128,-1,126,133,129,-1,130,133,126,-1,129,134,127,-1,133,134,129,-1,135,136,132,-1,133,137,134,-1,138,139,136,-1,137,140,141,-1,142,143,139,-1,140,144,145,-1,142,146,143,-1,146,147,143,-1,144,148,149,-1,146,150,147,-1,150,151,147,-1,151,152,147,-1,148,153,154,-1,153,155,154,-1,151,156,152,-1,156,157,152,-1,155,158,159,-1,153,158,155,-1,158,160,159,-1,161,162,157,-1,158,163,160,-1,163,164,160,-1,165,166,162,-1,163,167,164,-1,168,169,166,-1,167,170,171,-1,172,173,169,-1,170,174,175,-1,174,176,177,-1,178,179,172,-1,172,179,173,-1,176,179,178,-1,173,180,181,-1,179,180,173,-1,181,182,183,-1,180,182,181,-1,183,184,185,-1,182,184,183,-1,184,186,185,-1,185,186,187,-1,186,188,187,-1,187,188,189,-1,189,188,190,-1,188,191,190,-1,191,192,190,-1,190,192,193,-1,192,194,193,-1,193,194,195,-1,195,194,196,-1,194,197,196,-1,197,198,196,-1,196,198,199,-1,198,200,199,-1,199,200,201,-1,201,200,202,-1,200,203,202,-1,203,204,202,-1,202,204,205,-1,204,206,205,-1,205,206,207,-1,207,206,208,-1,206,209,208,-1,209,210,208,-1,208,210,211,-1,211,210,212,-1,210,213,212,-1,212,214,215,-1,213,214,212,-1,215,216,217,-1,214,216,215,-1,217,218,219,-1,216,218,217,-1,219,220,221,-1,218,220,219,-1,221,222,223,-1,223,222,224,-1,220,222,221,-1,222,225,224,-1,224,226,227,-1,225,226,224,-1,227,228,229,-1,226,228,227,-1,229,230,231,-1,231,230,232,-1,228,230,229,-1,230,233,232,-1,232,234,235,-1,235,234,236,-1,233,234,232,-1,234,237,236,-1,237,238,236,-1,236,238,239,-1,238,240,239,-1,239,240,241,-1,241,240,242,-1,240,243,242,-1,242,243,244,-1,243,245,244,-1,245,246,244,-1,244,246,247,-1,246,248,247,-1,247,248,249,-1,248,250,249,-1,249,250,251,-1,250,252,251,-1,251,252,253,-1,252,254,253,-1,253,254,255,-1,254,256,255,-1,255,256,257,-1,257,256,258,-1,256,259,258,-1,259,260,258,-1,258,260,261,-1,260,262,261,-1,261,262,263,-1,263,262,264,-1,262,265,264,-1,264,265,266,-1,265,267,266,-1,267,268,266,-1,266,268,269,-1,269,268,270,-1,268,271,270,-1,271,272,270,-1,270,272,273,-1,272,274,273,-1,273,274,275,-1,275,274,276,-1,274,277,276,-1,278,279,280,-1,277,281,276,-1,276,281,282,-1,283,284,279,-1,282,285,280,-1,281,285,282,-1,280,285,278,-1,285,286,278,-1,287,288,284,-1,285,289,286,-1,290,291,288,-1,289,292,293,-1,294,295,291,-1,292,296,297,-1,294,298,295,-1,298,2,295,-1,296,299,300,-1,298,0,2,-1,299,301,302,-1,301,303,302,-1,301,6,303,-1,303,6,8,-1,178,177,176,-1,177,175,174,-1,175,171,170,-1,171,164,167,-1,154,149,148,-1,149,145,144,-1,145,141,140,-1,141,134,137,-1,168,172,169,-1,165,168,166,-1,161,165,162,-1,156,161,157,-1,138,142,139,-1,135,138,136,-1,131,135,132,-1,127,131,128,-1,26,25,24,-1,25,23,22,-1,23,19,18,-1,19,12,15,-1,16,20,17,-1,13,16,14,-1,9,13,10,-1,4,9,5,-1,290,294,291,-1,287,290,288,-1,283,287,284,-1,278,283,279,-1,302,300,299,-1,300,297,296,-1,297,293,292,-1,293,286,289,-1]
coord Coordinate { point [10.611 -1.075 3.70401,10.611 -1.0752 3.71246,10.711 -1.075 3.70401,10.711 -1.07522 3.71273,10.611 -1.07581 3.72088,10.711 -1.07587 3.72143,-1.1 -1.075 3.70401,-0.999998 -1.0752 3.71246,-0.999998 -1.075 3.70401,10.611 -1.07683 3.72927,10.711 -1.07695 3.73009,-1.1 -1.07522 3.71273,-0.999998 -1.07581 3.72088,10.611 -1.07825 3.7376,10.711 -1.07847 3.73868,-1.1 -1.07587 3.72143,10.611 -1.08007 3.74585,10.711 -1.08041 3.74719,-1.1 -1.07695 3.73009,-0.999998 -1.07683 3.72927,10.611 -1.08229 3.75401,10.711 -1.08277 3.75559,-1.1 -1.07847 3.73868,-0.999998 -1.07825 3.7376,-1.1 -1.08041 3.74719,-0.999998 -1.08007 3.74585,-0.999998 -1.08229 3.75401,-1.1 -1.08277 3.75559,10.711 -1.08555 3.76386,-1.1 -1.08555 3.76386,10.711 -1.08874 3.77198,-1.1 -1.08874 3.77198,-1.1 -1.09233 3.77994,10.711 -1.09233 3.77994,-1.1 -1.09631 3.7877,10.711 -1.09631 3.7877,-1.1 -1.10067 3.79526,10.711 -1.10067 3.79526,-1.1 -1.10541 3.80259,10.711 -1.10541 3.80259,10.711 -1.1105 3.80967,-1.1 -1.1105 3.80967,-1.1 -1.11594 3.8165,10.711 -1.11594 3.8165,-1.1 -1.12171 3.82304,10.711 -1.12171 3.82304,-1.1 -1.12781 3.82928,10.711 -1.12781 3.82928,-1.1 -1.1342 3.83522,10.711 -1.1342 3.83522,10.711 -1.14089 3.84083,-1.1 -1.14089 3.84083,-1.1 -1.14784 3.8461,10.711 -1.14784 3.8461,10.711 -1.15505 3.85101,-1.1 -1.15505 3.85101,-1.1 -1.1625 3.85556,10.711 -1.1625 3.85556,10.711 -1.17016 3.85974,-1.1 -1.17016 3.85974,10.711 -1.17802 3.86352,-1.1 -1.17802 3.86352,-1.1 -1.18606 3.86691,10.711 -1.18606 3.86691,10.711 -1.19426 3.8699,-1.1 -1.19426 3.8699,-1.1 -1.2026 3.87247,10.711 -1.2026 3.87247,-1.1 -1.21106 3.87462,10.711 -1.21106 3.87462,-1.1 -1.21961 3.87635,10.711 -1.21961 3.87635,10.711 -1.22824 3.87765,-1.1 -1.22824 3.87765,-1.1 -1.23692 3.87852,10.711 -1.23692 3.87852,-1.1 -1.24563 3.87895,10.711 -1.24563 3.87895,-1.1 -1.25436 3.87895,10.711 -1.25436 3.87895,-1.1 -1.26308 3.87852,10.711 -1.26308 3.87852,10.711 -1.27176 3.87765,-1.1 -1.27176 3.87765,10.711 -1.28039 3.87635,-1.1 -1.28039 3.87635,10.711 -1.28894 3.87462,-1.1 -1.28894 3.87462,-1.1 -1.29739 3.87247,10.711 -1.29739 3.87247,-1.1 -1.30573 3.8699,10.711 -1.30573 3.8699,-1.1 -1.31393 3.86691,10.711 -1.31393 3.86691,-1.1 -1.32197 3.86352,10.711 -1.32197 3.86352,-1.1 -1.32983 3.85974,10.711 -1.32983 3.85974,-1.1 -1.3375 3.85556,10.711 -1.3375 3.85556,10.711 -1.34494 3.85101,-1.1 -1.34494 3.85101,-1.1 -1.35215 3.8461,10.711 -1.35215 3.8461,-1.1 -1.35911 3.84083,10.711 -1.35911 3.84083,10.711 -1.36579 3.83522,-1.1 -1.36579 3.83522,-1.1 -1.37219 3.82928,10.711 -1.37219 3.82928,-1.1 -1.37828 3.82304,10.711 -1.37828 3.82304,10.711 -1.38406 3.8165,-1.1 -1.38406 3.8165,-1.1 -1.3895 3.80967,10.711 -1.3895 3.80967,-1.1 -1.39459 3.80259,10.711 -1.39459 3.80259,10.711 -1.39932 3.79526,-1.1 -1.39932 3.79526,-1.1 -1.40369 3.7877,10.711 -1.40369 3.7877,-1.1 -1.40767 3.77994,10.711 -1.40767 3.77994,-1.1 -1.41126 3.77198,10.711 -1.41126 3.77198,10.711 -1.41444 3.76386,10.611 -1.4177 3.75401,10.711 -1.41959 3.74719,10.711 -1.41722 3.75559,-1.1 -1.41444 3.76386,10.611 -1.41992 3.74585,10.711 -1.42153 3.73868,-1.1 -1.41722 3.75559,-0.999998 -1.4177 3.75401,10.611 -1.42174 3.7376,10.711 -1.42304 3.73009,-1.1 -1.41959 3.74719,10.611 -1.42316 3.72927,10.711 -1.42413 3.72143,-1.1 -1.42153 3.73868,-0.999998 -1.41992 3.74585,10.611 -1.42418 3.72088,10.711 -1.42478 3.71273,-1.1 -1.42304 3.73009,-0.999998 -1.42174 3.7376,10.611 -1.42479 3.71246,10.711 -1.425 3.70401,-1.1 -1.42413 3.72143,-0.999998 -1.42316 3.72927,10.611 -1.425 3.70401,10.611 -1.42479 3.69556,10.711 -1.42478 3.69529,-1.1 -1.42478 3.71273,-0.999998 -1.42418 3.72088,-0.999998 -1.42479 3.71246,10.611 -1.42418 3.68713,10.711 -1.42413 3.68658,-1.1 -1.425 3.70401,-0.999998 -1.425 3.70401,-0.999998 -1.42479 3.69556,10.611 -1.42316 3.67874,10.711 -1.42304 3.67793,-1.1 -1.42478 3.69529,-0.999998 -1.42418 3.68713,10.611 -1.42174 3.67041,10.711 -1.42153 3.66933,-1.1 -1.42413 3.68658,10.611 -1.41992 3.66216,10.711 -1.41959 3.66083,-1.1 -1.42304 3.67793,-0.999998 -1.42316 3.67874,10.611 -1.4177 3.65401,10.711 -1.41722 3.65243,-1.1 -1.42153 3.66933,-0.999998 -1.42174 3.67041,-1.1 -1.41959 3.66083,-0.999998 -1.41992 3.66216,-0.999998 -1.4177 3.65401,-1.1 -1.41722 3.65243,-1.1 -1.41444 3.64415,10.711 -1.41444 3.64415,-1.1 -1.41126 3.63603,10.711 -1.41126 3.63603,-1.1 -1.40767 3.62808,10.711 -1.40767 3.62808,-1.1 -1.40369 3.62031,10.711 -1.40369 3.62031,-1.1 -1.39932 3.61276,10.711 -1.39932 3.61276,10.711 -1.39459 3.60543,-1.1 -1.39459 3.60543,-1.1 -1.3895 3.59834,10.711 -1.3895 3.59834,-1.1 -1.38406 3.59152,10.711 -1.38406 3.59152,10.711 -1.37828 3.58498,-1.1 -1.37828 3.58498,-1.1 -1.37219 3.57873,10.711 -1.37219 3.57873,-1.1 -1.36579 3.5728,10.711 -1.36579 3.5728,10.711 -1.35911 3.56719,-1.1 -1.35911 3.56719,-1.1 -1.35215 3.56192,10.711 -1.35215 3.56192,-1.1 -1.34494 3.557,10.711 -1.34494 3.557,10.711 -1.3375 3.55245,-1.1 -1.3375 3.55245,-1.1 -1.32983 3.54828,10.711 -1.32983 3.54828,10.711 -1.32197 3.5445,-1.1 -1.32197 3.5445,-1.1 -1.31393 3.54111,10.711 -1.31393 3.54111,-1.1 -1.30573 3.53812,10.711 -1.30573 3.53812,-1.1 -1.29739 3.53555,10.711 -1.29739 3.53555,-1.1 -1.28894 3.5334,10.711 -1.28894 3.5334,-1.1 -1.28039 3.53167,10.711 -1.28039 3.53167,10.711 -1.27176 3.53037,-1.1 -1.27176 3.53037,-1.1 -1.26308 3.5295,10.711 -1.26308 3.5295,-1.1 -1.25436 3.52906,10.711 -1.25436 3.52906,-1.1 -1.24563 3.52906,10.711 -1.24563 3.52906,10.711 -1.23692 3.5295,-1.1 -1.23692 3.5295,-1.1 -1.22824 3.53037,10.711 -1.22824 3.53037,10.711 -1.21961 3.53167,-1.1 -1.21961 3.53167,-1.1 -1.21106 3.5334,10.711 -1.21106 3.5334,-1.1 -1.2026 3.53555,10.711 -1.2026 3.53555,10.711 -1.19426 3.53812,-1.1 -1.19426 3.53812,10.711 -1.18606 3.54111,-1.1 -1.18606 3.54111,-1.1 -1.17802 3.5445,10.711 -1.17802 3.5445,-1.1 -1.17016 3.54828,10.711 -1.17016 3.54828,-1.1 -1.1625 3.55245,10.711 -1.1625 3.55245,-1.1 -1.15505 3.557,10.711 -1.15505 3.557,-1.1 -1.14784 3.56192,10.711 -1.14784 3.56192,-1.1 -1.14089 3.56719,10.711 -1.14089 3.56719,10.711 -1.1342 3.5728,-1.1 -1.1342 3.5728,-1.1 -1.12781 3.57873,10.711 -1.12781 3.57873,-1.1 -1.12171 3.58498,10.711 -1.12171 3.58498,10.711 -1.11594 3.59152,-1.1 -1.11594 3.59152,10.711 -1.1105 3.59834,-1.1 -1.1105 3.59834,-1.1 -1.10541 3.60543,10.711 -1.10541 3.60543,10.711 -1.10067 3.61276,-1.1 -1.10067 3.61276,-1.1 -1.09631 3.62031,10.711 -1.09631 3.62031,-1.1 -1.09233 3.62808,10.711 -1.09233 3.62808,10.711 -1.08874 3.63603,-1.1 -1.08874 3.63603,10.611 -1.08229 3.65401,10.711 -1.08041 3.66083,10.711 -1.08277 3.65243,-1.1 -1.08555 3.64415,10.711 -1.08555 3.64415,10.611 -1.08007 3.66216,10.711 -1.07847 3.66933,-1.1 -1.08277 3.65243,-0.999998 -1.08229 3.65401,10.611 -1.07825 3.67041,10.711 -1.07695 3.67793,-1.1 -1.08041 3.66083,10.611 -1.07683 3.67874,10.711 -1.07587 3.68658,-1.1 -1.07847 3.66933,-0.999998 -1.08007 3.66216,10.611 -1.07581 3.68713,10.711 -1.07522 3.69529,-1.1 -1.07695 3.67793,-0.999998 -1.07825 3.67041,10.611 -1.0752 3.69556,-1.1 -1.07587 3.68658,-0.999998 -1.07683 3.67874,-1.1 -1.07522 3.69529,-0.999998 -1.07581 3.68713,-0.999998 -1.0752 3.69556]
}}
appearance Appearance{material USE CAP-CERAMIC-02 }}
Shape { geometry IndexedFaceSet 
{ creaseAngle 0.50 coordIndex [0,1,2,-1,1,3,2,-1,2,3,4,-1,0,5,1,-1,6,5,0,-1,3,7,4,-1,4,7,8,-1,6,9,5,-1,10,9,6,-1,7,11,8,-1,8,11,12,-1,10,13,9,-1,14,13,10,-1,12,15,16,-1,11,15,12,-1,14,17,13,-1,18,17,14,-1,15,19,16,-1,16,19,20,-1,18,21,17,-1,22,21,18,-1,19,23,20,-1,20,23,24,-1,25,26,22,-1,22,26,21,-1,23,27,24,-1,24,27,28,-1,29,30,25,-1,25,30,26,-1,27,31,28,-1,28,31,32,-1,33,34,29,-1,29,34,30,-1,31,35,32,-1,32,35,36,-1,33,37,34,-1,38,37,33,-1,35,39,36,-1,36,39,40,-1,41,42,38,-1,38,42,37,-1,39,43,40,-1,40,43,44,-1,45,46,41,-1,41,46,42,-1,43,47,44,-1,44,47,48,-1,49,50,45,-1,45,50,46,-1,47,51,48,-1,48,51,52,-1,53,54,49,-1,49,54,50,-1,51,55,52,-1,52,55,56,-1,53,57,54,-1,58,57,53,-1,55,59,56,-1,56,59,60,-1,58,61,57,-1,62,61,58,-1,59,63,60,-1,60,63,64,-1,62,65,61,-1,66,65,62,-1,63,67,64,-1,64,67,68,-1,66,69,65,-1,70,69,66,-1,67,71,68,-1,68,71,72,-1,70,73,69,-1,74,73,70,-1,71,75,72,-1,72,75,76,-1,74,77,73,-1,78,77,74,-1,75,79,76,-1,76,79,80,-1,78,81,77,-1,82,81,78,-1,79,83,80,-1,80,83,84,-1,82,85,81,-1,86,85,82,-1,84,87,88,-1,83,87,84,-1,86,89,85,-1,90,89,86,-1,88,91,92,-1,87,91,88,-1,90,93,89,-1,94,93,90,-1,92,95,96,-1,91,95,92,-1,97,98,94,-1,94,98,93,-1,96,99,100,-1,95,99,96,-1,97,101,98,-1,102,101,97,-1,100,103,104,-1,99,103,100,-1,105,106,102,-1,102,106,101,-1,104,107,108,-1,103,107,104,-1,109,110,105,-1,105,110,106,-1,108,111,112,-1,107,111,108,-1,109,113,110,-1,114,113,109,-1,112,115,116,-1,111,115,112,-1,117,118,114,-1,114,118,113,-1,116,119,120,-1,115,119,116,-1,121,122,117,-1,117,122,118,-1,119,123,120,-1,123,124,120,-1,121,125,122,-1,123,126,124,-1,121,127,125,-1,127,128,125,-1,129,130,126,-1,126,130,124,-1,128,131,132,-1,127,131,128,-1,133,134,129,-1,129,134,130,-1,132,135,136,-1,131,135,132,-1,133,137,134,-1,138,137,133,-1,136,139,140,-1,135,139,136,-1,138,141,137,-1,142,141,138,-1,139,143,140,-1,140,143,144,-1,142,145,141,-1,146,145,142,-1,143,147,144,-1,144,147,148,-1,146,149,145,-1,150,149,146,-1,147,151,148,-1,148,151,152,-1,153,154,150,-1,150,154,149,-1,151,155,152,-1,152,155,156,-1,153,157,154,-1,158,157,153,-1,155,159,156,-1,156,159,160,-1,158,161,157,-1,162,161,158,-1,159,163,160,-1,160,163,164,-1,165,166,162,-1,162,166,161,-1,163,167,164,-1,164,167,168,-1,169,170,165,-1,165,170,166,-1,167,171,168,-1,168,171,172,-1,173,174,169,-1,169,174,170,-1,171,175,172,-1,172,175,176,-1,177,178,173,-1,173,178,174,-1,175,179,176,-1,176,179,180,-1,181,182,177,-1,177,182,178,-1,179,183,180,-1,180,183,184,-1,181,185,182,-1,186,185,181,-1,183,187,184,-1,184,187,188,-1,189,190,186,-1,186,190,185,-1,188,191,192,-1,187,191,188,-1,193,194,189,-1,189,194,190,-1,192,195,196,-1,191,195,192,-1,197,198,193,-1,193,198,194,-1,196,199,200,-1,195,199,196,-1,201,202,197,-1,197,202,198,-1,200,203,204,-1,199,203,200,-1,205,206,201,-1,201,206,202,-1,203,207,204,-1,204,207,208,-1,205,209,206,-1,210,209,205,-1,207,211,208,-1,208,211,212,-1,213,214,210,-1,210,214,209,-1,211,215,212,-1,212,215,216,-1,213,217,214,-1,218,217,213,-1,215,219,216,-1,216,219,220,-1,218,221,217,-1,222,221,218,-1,219,223,220,-1,220,223,224,-1,225,226,222,-1,222,226,221,-1,223,227,224,-1,224,227,228,-1,225,229,226,-1,230,229,225,-1,227,231,228,-1,228,231,232,-1,233,234,230,-1,230,234,229,-1,231,235,232,-1,232,235,236,-1,233,237,234,-1,238,237,233,-1,235,239,236,-1,236,239,240,-1,238,241,237,-1,242,241,238,-1,239,243,240,-1,240,243,244,-1,242,245,241,-1,246,245,242,-1,243,247,244,-1,244,247,248,-1,246,249,245,-1,250,249,246,-1,247,251,248,-1,250,251,249,-1,248,251,250,-1]
coord Coordinate { point [-1.1 -1.37828 3.58498,-1.1 -1.29524 3.65988,-1.1 -1.37219 3.57873,-1.1 -1.29299 3.65768,-1.1 -1.36579 3.5728,-1.1 -1.29739 3.66219,-1.1 -1.38406 3.59152,-1.1 -1.29062 3.65559,-1.1 -1.35911 3.56719,-1.1 -1.29941 3.6646,-1.1 -1.3895 3.59834,-1.1 -1.28816 3.65363,-1.1 -1.35215 3.56192,-1.1 -1.30132 3.66711,-1.1 -1.39459 3.60543,-1.1 -1.2856 3.65179,-1.1 -1.34494 3.557,-1.1 -1.30309 3.66972,-1.1 -1.39932 3.61276,-1.1 -1.28295 3.65008,-1.1 -1.3375 3.55245,-1.1 -1.30473 3.67241,-1.1 -1.40369 3.62031,-1.1 -1.28023 3.6485,-1.1 -1.32983 3.54828,-1.1 -1.40767 3.62808,-1.1 -1.30624 3.67517,-1.1 -1.27742 3.64706,-1.1 -1.32197 3.5445,-1.1 -1.41126 3.63603,-1.1 -1.30761 3.67801,-1.1 -1.27455 3.64577,-1.1 -1.31393 3.54111,-1.1 -1.41444 3.64415,-1.1 -1.30883 3.68092,-1.1 -1.27161 3.64462,-1.1 -1.30573 3.53812,-1.1 -1.30991 3.68388,-1.1 -1.41722 3.65243,-1.1 -1.26863 3.64361,-1.1 -1.29739 3.53555,-1.1 -1.41959 3.66083,-1.1 -1.31084 3.68689,-1.1 -1.26559 3.64276,-1.1 -1.28894 3.5334,-1.1 -1.42153 3.66933,-1.1 -1.31162 3.68994,-1.1 -1.26252 3.64206,-1.1 -1.28039 3.53167,-1.1 -1.42304 3.67793,-1.1 -1.31224 3.69303,-1.1 -1.25942 3.64151,-1.1 -1.27176 3.53037,-1.1 -1.42413 3.68658,-1.1 -1.31271 3.69615,-1.1 -1.25629 3.64112,-1.1 -1.26308 3.5295,-1.1 -1.31303 3.69929,-1.1 -1.42478 3.69529,-1.1 -1.25315 3.64088,-1.1 -1.25436 3.52906,-1.1 -1.31318 3.70243,-1.1 -1.425 3.70401,-1.1 -1.25 3.6408,-1.1 -1.24563 3.52906,-1.1 -1.31318 3.70558,-1.1 -1.42478 3.71273,-1.1 -1.24685 3.64088,-1.1 -1.23692 3.5295,-1.1 -1.31303 3.70873,-1.1 -1.42413 3.72143,-1.1 -1.2437 3.64112,-1.1 -1.22824 3.53037,-1.1 -1.31271 3.71187,-1.1 -1.42304 3.73009,-1.1 -1.24058 3.64151,-1.1 -1.21961 3.53167,-1.1 -1.31224 3.71498,-1.1 -1.42153 3.73868,-1.1 -1.23747 3.64206,-1.1 -1.21106 3.5334,-1.1 -1.31162 3.71807,-1.1 -1.41959 3.74719,-1.1 -1.2344 3.64276,-1.1 -1.2026 3.53555,-1.1 -1.31084 3.72113,-1.1 -1.41722 3.75559,-1.1 -1.23137 3.64361,-1.1 -1.19426 3.53812,-1.1 -1.30991 3.72414,-1.1 -1.41444 3.76386,-1.1 -1.22838 3.64462,-1.1 -1.18606 3.54111,-1.1 -1.30883 3.7271,-1.1 -1.41126 3.77198,-1.1 -1.22545 3.64577,-1.1 -1.17802 3.5445,-1.1 -1.40767 3.77994,-1.1 -1.30761 3.73,-1.1 -1.22257 3.64706,-1.1 -1.17016 3.54828,-1.1 -1.30624 3.73284,-1.1 -1.40369 3.7877,-1.1 -1.21977 3.6485,-1.1 -1.1625 3.55245,-1.1 -1.39932 3.79526,-1.1 -1.30473 3.73561,-1.1 -1.21704 3.65008,-1.1 -1.15505 3.557,-1.1 -1.39459 3.80259,-1.1 -1.30309 3.7383,-1.1 -1.21439 3.65179,-1.1 -1.14784 3.56192,-1.1 -1.30132 3.7409,-1.1 -1.3895 3.80967,-1.1 -1.21183 3.65363,-1.1 -1.14089 3.56719,-1.1 -1.38406 3.8165,-1.1 -1.29941 3.74342,-1.1 -1.20937 3.65559,-1.1 -1.1342 3.5728,-1.1 -1.37828 3.82304,-1.1 -1.29739 3.74583,-1.1 -1.20701 3.65768,-1.1 -1.12781 3.57873,-1.1 -1.29524 3.74814,-1.1 -1.20475 3.65988,-1.1 -1.37219 3.82928,-1.1 -1.29299 3.75034,-1.1 -1.20261 3.66219,-1.1 -1.12171 3.58498,-1.1 -1.36579 3.83522,-1.1 -1.29062 3.75243,-1.1 -1.20058 3.6646,-1.1 -1.11594 3.59152,-1.1 -1.35911 3.84083,-1.1 -1.28816 3.75439,-1.1 -1.1105 3.59834,-1.1 -1.19868 3.66711,-1.1 -1.35215 3.8461,-1.1 -1.2856 3.75623,-1.1 -1.10541 3.60543,-1.1 -1.1969 3.66972,-1.1 -1.34494 3.85101,-1.1 -1.28295 3.75794,-1.1 -1.10067 3.61276,-1.1 -1.19526 3.67241,-1.1 -1.3375 3.85556,-1.1 -1.28023 3.75952,-1.1 -1.09631 3.62031,-1.1 -1.19375 3.67517,-1.1 -1.32983 3.85974,-1.1 -1.27742 3.76095,-1.1 -1.19239 3.67801,-1.1 -1.09233 3.62808,-1.1 -1.32197 3.86352,-1.1 -1.27455 3.76225,-1.1 -1.08874 3.63603,-1.1 -1.19116 3.68092,-1.1 -1.31393 3.86691,-1.1 -1.27161 3.7634,-1.1 -1.08555 3.64415,-1.1 -1.19008 3.68388,-1.1 -1.30573 3.8699,-1.1 -1.26863 3.76441,-1.1 -1.18915 3.68689,-1.1 -1.08277 3.65243,-1.1 -1.29739 3.87247,-1.1 -1.26559 3.76526,-1.1 -1.18838 3.68994,-1.1 -1.08041 3.66083,-1.1 -1.28894 3.87462,-1.1 -1.26252 3.76596,-1.1 -1.18775 3.69303,-1.1 -1.07847 3.66933,-1.1 -1.28039 3.87635,-1.1 -1.25942 3.76651,-1.1 -1.18728 3.69615,-1.1 -1.07695 3.67793,-1.1 -1.27176 3.87765,-1.1 -1.25629 3.7669,-1.1 -1.18697 3.69929,-1.1 -1.07587 3.68658,-1.1 -1.26308 3.87852,-1.1 -1.25315 3.76713,-1.1 -1.07522 3.69529,-1.1 -1.18681 3.70243,-1.1 -1.25436 3.87895,-1.1 -1.25 3.76721,-1.1 -1.18681 3.70558,-1.1 -1.075 3.70401,-1.1 -1.24563 3.87895,-1.1 -1.24685 3.76713,-1.1 -1.18697 3.70873,-1.1 -1.07522 3.71273,-1.1 -1.23692 3.87852,-1.1 -1.2437 3.7669,-1.1 -1.18728 3.71187,-1.1 -1.07587 3.72143,-1.1 -1.22824 3.87765,-1.1 -1.24058 3.76651,-1.1 -1.18775 3.71498,-1.1 -1.07695 3.73009,-1.1 -1.21961 3.87635,-1.1 -1.23747 3.76596,-1.1 -1.18838 3.71807,-1.1 -1.07847 3.73868,-1.1 -1.21106 3.87462,-1.1 -1.2344 3.76526,-1.1 -1.08041 3.74719,-1.1 -1.18915 3.72113,-1.1 -1.2026 3.87247,-1.1 -1.23137 3.76441,-1.1 -1.19008 3.72414,-1.1 -1.08277 3.75559,-1.1 -1.19426 3.8699,-1.1 -1.22838 3.7634,-1.1 -1.08555 3.76386,-1.1 -1.19116 3.7271,-1.1 -1.18606 3.86691,-1.1 -1.22545 3.76225,-1.1 -1.08874 3.77198,-1.1 -1.19239 3.73,-1.1 -1.17802 3.86352,-1.1 -1.22257 3.76095,-1.1 -1.19375 3.73284,-1.1 -1.09233 3.77994,-1.1 -1.17016 3.85974,-1.1 -1.21977 3.75952,-1.1 -1.09631 3.7877,-1.1 -1.19526 3.73561,-1.1 -1.1625 3.85556,-1.1 -1.21704 3.75794,-1.1 -1.1969 3.7383,-1.1 -1.10067 3.79526,-1.1 -1.15505 3.85101,-1.1 -1.21439 3.75623,-1.1 -1.10541 3.80259,-1.1 -1.19868 3.7409,-1.1 -1.14784 3.8461,-1.1 -1.21183 3.75439,-1.1 -1.1105 3.80967,-1.1 -1.20058 3.74342,-1.1 -1.14089 3.84083,-1.1 -1.20937 3.75243,-1.1 -1.11594 3.8165,-1.1 -1.20261 3.74583,-1.1 -1.1342 3.83522,-1.1 -1.20701 3.75034,-1.1 -1.12171 3.82304,-1.1 -1.20475 3.74814,-1.1 -1.12781 3.82928]
}}
appearance Appearance{material USE CAP-CERAMIC-02 }}
Shape { geometry IndexedFaceSet 
{ creaseAngle 0.50 coordIndex [0,1,2,-1,3,0,2,-1,3,2,4,-1,5,1,0,-1,5,6,1,-1,7,3,4,-1,7,4,8,-1,9,6,5,-1,9,10,6,-1,11,7,8,-1,11,8,12,-1,13,10,9,-1,13,14,10,-1,15,12,16,-1,15,11,12,-1,17,14,13,-1,17,18,14,-1,19,15,16,-1,19,16,20,-1,21,18,17,-1,21,22,18,-1,23,19,20,-1,23,20,24,-1,25,26,22,-1,25,22,21,-1,27,23,24,-1,27,24,28,-1,29,30,26,-1,29,26,25,-1,31,27,28,-1,31,28,32,-1,33,34,30,-1,33,30,29,-1,35,31,32,-1,35,32,36,-1,37,34,33,-1,37,38,34,-1,39,35,36,-1,39,36,40,-1,41,42,38,-1,41,38,37,-1,43,39,40,-1,43,40,44,-1,45,46,42,-1,45,42,41,-1,47,43,44,-1,47,44,48,-1,49,50,46,-1,49,46,45,-1,51,47,48,-1,51,48,52,-1,53,54,50,-1,53,50,49,-1,55,51,52,-1,55,52,56,-1,57,54,53,-1,57,58,54,-1,59,55,56,-1,59,56,60,-1,61,58,57,-1,61,62,58,-1,63,59,60,-1,63,60,64,-1,65,62,61,-1,65,66,62,-1,67,63,64,-1,67,64,68,-1,69,66,65,-1,69,70,66,-1,71,67,68,-1,71,68,72,-1,73,70,69,-1,73,74,70,-1,75,71,72,-1,75,72,76,-1,77,74,73,-1,77,78,74,-1,79,75,76,-1,79,76,80,-1,81,78,77,-1,81,82,78,-1,83,79,80,-1,83,80,84,-1,85,82,81,-1,85,86,82,-1,87,84,88,-1,87,83,84,-1,89,86,85,-1,89,90,86,-1,91,88,92,-1,91,87,88,-1,93,90,89,-1,93,94,90,-1,95,92,96,-1,95,91,92,-1,97,98,94,-1,97,94,93,-1,99,96,100,-1,99,95,96,-1,101,98,97,-1,101,102,98,-1,103,100,104,-1,103,99,100,-1,105,106,102,-1,105,102,101,-1,107,104,108,-1,107,103,104,-1,109,110,106,-1,109,106,105,-1,111,108,112,-1,111,107,108,-1,113,110,109,-1,113,114,110,-1,115,112,116,-1,115,111,112,-1,117,118,114,-1,117,114,113,-1,119,116,120,-1,119,115,116,-1,121,122,118,-1,121,118,117,-1,123,119,120,-1,124,123,120,-1,125,122,121,-1,126,123,124,-1,127,122,125,-1,128,127,125,-1,129,130,126,-1,129,126,124,-1,131,128,132,-1,131,127,128,-1,133,134,130,-1,133,130,129,-1,135,132,136,-1,135,131,132,-1,137,134,133,-1,137,138,134,-1,139,136,140,-1,139,135,136,-1,141,138,137,-1,141,142,138,-1,143,139,140,-1,143,140,144,-1,145,142,141,-1,145,146,142,-1,147,143,144,-1,147,144,148,-1,149,146,145,-1,149,150,146,-1,151,147,148,-1,151,148,152,-1,153,154,150,-1,153,150,149,-1,155,151,152,-1,155,152,156,-1,157,154,153,-1,157,158,154,-1,159,155,156,-1,159,156,160,-1,161,158,157,-1,161,162,158,-1,163,159,160,-1,163,160,164,-1,165,166,162,-1,165,162,161,-1,167,163,164,-1,167,164,168,-1,169,170,166,-1,169,166,165,-1,171,167,168,-1,171,168,172,-1,173,174,170,-1,173,170,169,-1,175,171,172,-1,175,172,176,-1,177,178,174,-1,177,174,173,-1,179,175,176,-1,179,176,180,-1,181,182,178,-1,181,178,177,-1,183,179,180,-1,183,180,184,-1,185,182,181,-1,185,186,182,-1,187,183,184,-1,187,184,188,-1,189,190,186,-1,189,186,185,-1,191,188,192,-1,191,187,188,-1,193,194,190,-1,193,190,189,-1,195,192,196,-1,195,191,192,-1,197,198,194,-1,197,194,193,-1,199,196,200,-1,199,195,196,-1,201,202,198,-1,201,198,197,-1,203,200,204,-1,203,199,200,-1,205,206,202,-1,205,202,201,-1,207,203,204,-1,207,204,208,-1,209,206,205,-1,209,210,206,-1,211,207,208,-1,211,208,212,-1,213,214,210,-1,213,210,209,-1,215,211,212,-1,215,212,216,-1,217,214,213,-1,217,218,214,-1,219,215,216,-1,219,216,220,-1,221,218,217,-1,221,222,218,-1,223,219,220,-1,223,220,224,-1,225,226,222,-1,225,222,221,-1,227,223,224,-1,227,224,228,-1,229,226,225,-1,229,230,226,-1,231,227,228,-1,231,228,232,-1,233,234,230,-1,233,230,229,-1,235,231,232,-1,235,232,236,-1,237,234,233,-1,237,238,234,-1,239,235,236,-1,239,236,240,-1,241,238,237,-1,241,242,238,-1,243,239,240,-1,243,240,244,-1,245,242,241,-1,245,246,242,-1,247,243,244,-1,247,244,248,-1,249,246,245,-1,249,250,246,-1,251,247,248,-1,251,250,249,-1,251,248,250,-1]
coord Coordinate { point [10.711 -1.29524 3.65988,10.711 -1.37828 3.58498,10.711 -1.37219 3.57873,10.711 -1.29299 3.65768,10.711 -1.36579 3.5728,10.711 -1.29739 3.66219,10.711 -1.38406 3.59152,10.711 -1.29062 3.65559,10.711 -1.35911 3.56719,10.711 -1.29941 3.6646,10.711 -1.3895 3.59834,10.711 -1.28816 3.65363,10.711 -1.35215 3.56192,10.711 -1.30132 3.66711,10.711 -1.39459 3.60543,10.711 -1.2856 3.65179,10.711 -1.34494 3.557,10.711 -1.30309 3.66972,10.711 -1.39932 3.61276,10.711 -1.28295 3.65008,10.711 -1.3375 3.55245,10.711 -1.30473 3.67241,10.711 -1.40369 3.62031,10.711 -1.28023 3.6485,10.711 -1.32983 3.54828,10.711 -1.30624 3.67517,10.711 -1.40767 3.62808,10.711 -1.27742 3.64706,10.711 -1.32197 3.5445,10.711 -1.30761 3.67801,10.711 -1.41126 3.63603,10.711 -1.27455 3.64577,10.711 -1.31393 3.54111,10.711 -1.30883 3.68092,10.711 -1.41444 3.64415,10.711 -1.27161 3.64462,10.711 -1.30573 3.53812,10.711 -1.30991 3.68388,10.711 -1.41722 3.65243,10.711 -1.26863 3.64361,10.711 -1.29739 3.53555,10.711 -1.31084 3.68689,10.711 -1.41959 3.66083,10.711 -1.26559 3.64276,10.711 -1.28894 3.5334,10.711 -1.31162 3.68994,10.711 -1.42153 3.66933,10.711 -1.26252 3.64206,10.711 -1.28039 3.53167,10.711 -1.31224 3.69303,10.711 -1.42304 3.67793,10.711 -1.25942 3.64151,10.711 -1.27176 3.53037,10.711 -1.31271 3.69615,10.711 -1.42413 3.68658,10.711 -1.25629 3.64112,10.711 -1.26308 3.5295,10.711 -1.31303 3.69929,10.711 -1.42478 3.69529,10.711 -1.25315 3.64088,10.711 -1.25436 3.52906,10.711 -1.31318 3.70243,10.711 -1.425 3.70401,10.711 -1.25 3.6408,10.711 -1.24563 3.52906,10.711 -1.31318 3.70558,10.711 -1.42478 3.71273,10.711 -1.24685 3.64088,10.711 -1.23692 3.5295,10.711 -1.31303 3.70873,10.711 -1.42413 3.72143,10.711 -1.2437 3.64112,10.711 -1.22824 3.53037,10.711 -1.31271 3.71187,10.711 -1.42304 3.73009,10.711 -1.24058 3.64151,10.711 -1.21961 3.53167,10.711 -1.31224 3.71498,10.711 -1.42153 3.73868,10.711 -1.23747 3.64206,10.711 -1.21106 3.5334,10.711 -1.31162 3.71807,10.711 -1.41959 3.74719,10.711 -1.2344 3.64276,10.711 -1.2026 3.53555,10.711 -1.31084 3.72113,10.711 -1.41722 3.75559,10.711 -1.23137 3.64361,10.711 -1.19426 3.53812,10.711 -1.30991 3.72414,10.711 -1.41444 3.76386,10.711 -1.22838 3.64462,10.711 -1.18606 3.54111,10.711 -1.30883 3.7271,10.711 -1.41126 3.77198,10.711 -1.22545 3.64577,10.711 -1.17802 3.5445,10.711 -1.30761 3.73,10.711 -1.40767 3.77994,10.711 -1.22257 3.64706,10.711 -1.17016 3.54828,10.711 -1.30624 3.73284,10.711 -1.40369 3.7877,10.711 -1.21977 3.6485,10.711 -1.1625 3.55245,10.711 -1.30473 3.73561,10.711 -1.39932 3.79526,10.711 -1.21704 3.65008,10.711 -1.15505 3.557,10.711 -1.30309 3.7383,10.711 -1.39459 3.80259,10.711 -1.21439 3.65179,10.711 -1.14784 3.56192,10.711 -1.30132 3.7409,10.711 -1.3895 3.80967,10.711 -1.21183 3.65363,10.711 -1.14089 3.56719,10.711 -1.29941 3.74342,10.711 -1.38406 3.8165,10.711 -1.20937 3.65559,10.711 -1.1342 3.5728,10.711 -1.29739 3.74583,10.711 -1.37828 3.82304,10.711 -1.20701 3.65768,10.711 -1.12781 3.57873,10.711 -1.29524 3.74814,10.711 -1.20475 3.65988,10.711 -1.37219 3.82928,10.711 -1.29299 3.75034,10.711 -1.12171 3.58498,10.711 -1.20261 3.66219,10.711 -1.36579 3.83522,10.711 -1.29062 3.75243,10.711 -1.11594 3.59152,10.711 -1.20058 3.6646,10.711 -1.35911 3.84083,10.711 -1.28816 3.75439,10.711 -1.1105 3.59834,10.711 -1.19868 3.66711,10.711 -1.35215 3.8461,10.711 -1.2856 3.75623,10.711 -1.10541 3.60543,10.711 -1.1969 3.66972,10.711 -1.34494 3.85101,10.711 -1.28295 3.75794,10.711 -1.10067 3.61276,10.711 -1.19526 3.67241,10.711 -1.3375 3.85556,10.711 -1.28023 3.75952,10.711 -1.09631 3.62031,10.711 -1.19375 3.67517,10.711 -1.32983 3.85974,10.711 -1.27742 3.76095,10.711 -1.09233 3.62808,10.711 -1.19239 3.67801,10.711 -1.32197 3.86352,10.711 -1.27455 3.76225,10.711 -1.08874 3.63603,10.711 -1.19116 3.68092,10.711 -1.31393 3.86691,10.711 -1.27161 3.7634,10.711 -1.08555 3.64415,10.711 -1.19008 3.68388,10.711 -1.30573 3.8699,10.711 -1.26863 3.76441,10.711 -1.08277 3.65243,10.711 -1.18915 3.68689,10.711 -1.29739 3.87247,10.711 -1.26559 3.76526,10.711 -1.08041 3.66083,10.711 -1.18838 3.68994,10.711 -1.28894 3.87462,10.711 -1.26252 3.76596,10.711 -1.07847 3.66933,10.711 -1.18775 3.69303,10.711 -1.28039 3.87635,10.711 -1.25942 3.76651,10.711 -1.07695 3.67793,10.711 -1.18728 3.69615,10.711 -1.27176 3.87765,10.711 -1.25629 3.7669,10.711 -1.07587 3.68658,10.711 -1.18697 3.69929,10.711 -1.26308 3.87852,10.711 -1.25315 3.76713,10.711 -1.07522 3.69529,10.711 -1.18681 3.70243,10.711 -1.25436 3.87895,10.711 -1.25 3.76721,10.711 -1.075 3.70401,10.711 -1.18681 3.70558,10.711 -1.24563 3.87895,10.711 -1.24685 3.76713,10.711 -1.07522 3.71273,10.711 -1.18697 3.70873,10.711 -1.23692 3.87852,10.711 -1.2437 3.7669,10.711 -1.07587 3.72143,10.711 -1.18728 3.71187,10.711 -1.22824 3.87765,10.711 -1.24058 3.76651,10.711 -1.07695 3.73009,10.711 -1.18775 3.71498,10.711 -1.21961 3.87635,10.711 -1.23747 3.76596,10.711 -1.07847 3.73868,10.711 -1.18838 3.71807,10.711 -1.21106 3.87462,10.711 -1.2344 3.76526,10.711 -1.08041 3.74719,10.711 -1.18915 3.72113,10.711 -1.2026 3.87247,10.711 -1.23137 3.76441,10.711 -1.08277 3.75559,10.711 -1.19008 3.72414,10.711 -1.19426 3.8699,10.711 -1.22838 3.7634,10.711 -1.08555 3.76386,10.711 -1.19116 3.7271,10.711 -1.18606 3.86691,10.711 -1.22545 3.76225,10.711 -1.08874 3.77198,10.711 -1.19239 3.73,10.711 -1.17802 3.86352,10.711 -1.22257 3.76095,10.711 -1.09233 3.77994,10.711 -1.19375 3.73284,10.711 -1.17016 3.85974,10.711 -1.21977 3.75952,10.711 -1.09631 3.7877,10.711 -1.19526 3.73561,10.711 -1.1625 3.85556,10.711 -1.21704 3.75794,10.711 -1.10067 3.79526,10.711 -1.1969 3.7383,10.711 -1.15505 3.85101,10.711 -1.21439 3.75623,10.711 -1.10541 3.80259,10.711 -1.19868 3.7409,10.711 -1.14784 3.8461,10.711 -1.21183 3.75439,10.711 -1.1105 3.80967,10.711 -1.20058 3.74342,10.711 -1.14089 3.84083,10.711 -1.20937 3.75243,10.711 -1.11594 3.8165,10.711 -1.20261 3.74583,10.711 -1.1342 3.83522,10.711 -1.20701 3.75034,10.711 -1.12171 3.82304,10.711 -1.20475 3.74814,10.711 -1.12781 3.82928]
}}
appearance Appearance{material USE CAP-CERAMIC-02 }}
Shape { geometry IndexedFaceSet 
{ creaseAngle 0.50 coordIndex [0,1,2,-1,2,1,3,-1,3,4,5,-1,1,4,3,-1,5,6,7,-1,4,6,5,-1,7,8,9,-1,9,8,10,-1,6,8,7,-1,8,11,10,-1,10,12,13,-1,11,12,10,-1,13,14,15,-1,12,14,13,-1,15,16,17,-1,14,16,15,-1,17,18,19,-1,16,18,17,-1,19,20,21,-1,18,20,19,-1,21,22,23,-1,20,22,21,-1,23,24,25,-1,22,24,23,-1]
coord Coordinate { point [-0.999998 -1.58229 3.65401,-0.999998 -1.58007 3.66216,-0.999998 -1.4177 3.65401,-0.999998 -1.41992 3.66216,-0.999998 -1.57825 3.67041,-0.999998 -1.42174 3.67041,-0.999998 -1.57683 3.67874,-0.999998 -1.42316 3.67874,-0.999998 -1.57581 3.68713,-0.999998 -1.42418 3.68713,-0.999998 -1.42479 3.69556,-0.999998 -1.5752 3.69556,-0.999998 -1.575 3.70401,-0.999998 -1.425 3.70401,-0.999998 -1.5752 3.71246,-0.999998 -1.42479 3.71246,-0.999998 -1.57581 3.72088,-0.999998 -1.42418 3.72088,-0.999998 -1.57683 3.72927,-0.999998 -1.42316 3.72927,-0.999998 -1.57825 3.7376,-0.999998 -1.42174 3.7376,-0.999998 -1.58007 3.74585,-0.999998 -1.41992 3.74585,-0.999998 -1.58229 3.75401,-0.999998 -1.4177 3.75401]
}}
appearance Appearance{material USE CAP-CERAMIC-05 }}
Shape { geometry IndexedFaceSet 
{ creaseAngle 0.50 coordIndex [0,1,2,-1,0,2,3,-1]
coord Coordinate { point [10.611 -1.58229 3.75401,10.611 -1.4177 3.75401,-0.999998 -1.4177 3.75401,-0.999998 -1.58229 3.75401]
}}
appearance Appearance{material USE CAP-CERAMIC-05 }}
Shape { geometry IndexedFaceSet 
{ creaseAngle 0.50 coordIndex [0,1,2,-1,0,2,3,-1,4,3,5,-1,4,0,3,-1,6,5,7,-1,6,4,5,-1,8,7,9,-1,8,6,7,-1,10,9,11,-1,10,8,9,-1,12,11,13,-1,12,10,11,-1,14,13,15,-1,14,12,13,-1,16,15,17,-1,16,17,18,-1,16,14,15,-1,19,16,18,-1,20,18,21,-1,20,19,18,-1,22,21,23,-1,22,20,21,-1,24,23,25,-1,24,22,23,-1]
coord Coordinate { point [10.611 -1.58007 3.66216,10.611 -1.58229 3.65401,10.611 -1.4177 3.65401,10.611 -1.41992 3.66216,10.611 -1.57825 3.67041,10.611 -1.42174 3.67041,10.611 -1.57683 3.67874,10.611 -1.42316 3.67874,10.611 -1.57581 3.68713,10.611 -1.42418 3.68713,10.611 -1.5752 3.69556,10.611 -1.42479 3.69556,10.611 -1.575 3.70401,10.611 -1.425 3.70401,10.611 -1.5752 3.71246,10.611 -1.42479 3.71246,10.611 -1.57581 3.72088,10.611 -1.42418 3.72088,10.611 -1.42316 3.72927,10.611 -1.57683 3.72927,10.611 -1.57825 3.7376,10.611 -1.42174 3.7376,10.611 -1.58007 3.74585,10.611 -1.41992 3.74585,10.611 -1.58229 3.75401,10.611 -1.4177 3.75401]
}}
appearance Appearance{material USE CAP-CERAMIC-05 }}
Shape { geometry IndexedFaceSet 
{ creaseAngle 0.50 coordIndex [0,1,2,-1,2,1,3,-1]
coord Coordinate { point [10.611 -1.4177 3.65401,10.611 -1.58229 3.65401,-0.999998 -1.4177 3.65401,-0.999998 -1.58229 3.65401]
}}
appearance Appearance{material USE CAP-CERAMIC-05 }}
Shape { geometry IndexedFaceSet 
{ creaseAngle 0.50 coordIndex [0,1,2,-1,2,1,3,-1,3,1,4,-1,1,5,6,-1,7,8,9,-1,9,8,10,-1,10,8,11,-1,12,13,14,-1,12,15,13,-1,5,15,12,-1,13,15,16,-1,17,18,19,-1,19,18,20,-1,20,18,21,-1,21,18,22,-1,22,18,23,-1,23,18,24,-1,24,18,25,-1,25,18,26,-1,26,18,27,-1,27,18,28,-1,28,18,29,-1,29,18,30,-1,31,18,32,-1,32,18,33,-1,33,18,34,-1,35,18,36,-1,36,18,37,-1,38,18,39,-1,39,18,40,-1,40,18,41,-1,41,18,8,-1,11,18,42,-1,42,18,43,-1,43,18,44,-1,44,18,45,-1,45,18,46,-1,46,18,47,-1,47,18,48,-1,48,18,49,-1,49,18,50,-1,50,18,51,-1,51,18,52,-1,52,18,53,-1,53,18,54,-1,54,18,55,-1,55,18,56,-1,56,18,57,-1,57,18,58,-1,58,18,59,-1,59,18,60,-1,60,18,61,-1,62,18,63,-1,63,18,64,-1,64,18,65,-1,65,18,66,-1,66,18,67,-1,67,18,68,-1,68,18,69,-1,69,18,70,-1,70,18,71,-1,71,18,72,-1,72,18,73,-1,73,18,74,-1,74,18,75,-1,75,18,76,-1,76,18,77,-1,77,18,78,-1,78,18,79,-1,79,18,80,-1,80,18,81,-1,81,18,82,-1,82,18,83,-1,83,18,84,-1,84,18,85,-1,85,18,86,-1,86,18,87,-1,87,18,88,-1,88,18,89,-1,89,18,90,-1,90,18,91,-1,91,18,92,-1,92,18,93,-1,93,18,94,-1,94,18,95,-1,95,18,96,-1,96,18,97,-1,97,18,98,-1,98,18,99,-1,99,18,100,-1,100,18,101,-1,101,18,102,-1,102,18,103,-1,103,18,104,-1,104,18,105,-1,30,31,106,-1,105,18,107,-1,107,18,108,-1,108,18,109,-1,109,18,110,-1,110,18,17,-1,111,18,112,-1,112,18,35,-1,30,18,31,-1,61,18,62,-1,8,18,11,-1,34,18,113,-1,113,18,111,-1,37,18,0,-1,1,18,5,-1,0,18,1,-1,5,18,15,-1,114,61,62,-1,34,113,115,-1,113,116,117,-1,116,111,118,-1,113,111,116,-1,111,112,119,-1,119,112,120,-1,120,112,121,-1,112,35,122,-1,122,35,123,-1,37,0,124,-1,124,0,125,-1]
coord Coordinate { point [-1.1 -1.18775 3.71498,-1.1 -1.19116 3.7271,-1.1 -1.18838 3.71807,-1.1 -1.18915 3.72113,-1.1 -1.19008 3.72414,-1.1 -1.19375 3.73284,-1.1 -1.19239 3.73,-1.1 -1.21977 3.75952,-1.1 -1.21704 3.75794,-1.1 -1.22257 3.76095,-1.1 -1.22545 3.76225,-1.1 -1.22838 3.7634,-1.1 -1.19526 3.73561,-1.1 -1.19868 3.7409,-1.1 -1.1969 3.7383,-1.1 -1.20261 3.74583,-1.1 -1.20058 3.74342,-1.1 -1.25 3.6408,-1.1 -1.20475 3.74814,-1.1 -1.24685 3.64088,-1.1 -1.2437 3.64112,-1.1 -1.24058 3.64151,-1.1 -1.23747 3.64206,-1.1 -1.2344 3.64276,-1.1 -1.23137 3.64361,-1.1 -1.22838 3.64462,-1.1 -1.22545 3.64577,-1.1 -1.22257 3.64706,-1.1 -1.21977 3.6485,-1.1 -1.21704 3.65008,-1.1 -1.21439 3.65179,-1.1 -1.20937 3.65559,-1.1 -1.20701 3.65768,-1.1 -1.20475 3.65988,-1.1 -1.20261 3.66219,-1.1 -1.18697 3.69929,-1.1 -1.18681 3.70243,-1.1 -1.18681 3.70558,-1.1 -1.20701 3.75034,-1.1 -1.20937 3.75243,-1.1 -1.21183 3.75439,-1.1 -1.21439 3.75623,-1.1 -1.23137 3.76441,-1.1 -1.2344 3.76526,-1.1 -1.23747 3.76596,-1.1 -1.24058 3.76651,-1.1 -1.2437 3.7669,-1.1 -1.24685 3.76713,-1.1 -1.25 3.76721,-1.1 -1.25315 3.76713,-1.1 -1.25629 3.7669,-1.1 -1.25942 3.76651,-1.1 -1.26252 3.76596,-1.1 -1.26559 3.76526,-1.1 -1.26863 3.76441,-1.1 -1.27161 3.7634,-1.1 -1.27455 3.76225,-1.1 -1.27742 3.76095,-1.1 -1.28023 3.75952,-1.1 -1.28295 3.75794,-1.1 -1.2856 3.75623,-1.1 -1.28816 3.75439,-1.1 -1.29299 3.75034,-1.1 -1.29524 3.74814,-1.1 -1.29739 3.74583,-1.1 -1.29941 3.74342,-1.1 -1.30132 3.7409,-1.1 -1.30309 3.7383,-1.1 -1.30473 3.73561,-1.1 -1.30624 3.73284,-1.1 -1.30761 3.73,-1.1 -1.30883 3.7271,-1.1 -1.30991 3.72414,-1.1 -1.31084 3.72113,-1.1 -1.31162 3.71807,-1.1 -1.31224 3.71498,-1.1 -1.31271 3.71187,-1.1 -1.31303 3.70873,-1.1 -1.31318 3.70558,-1.1 -1.31318 3.70243,-1.1 -1.31303 3.69929,-1.1 -1.31271 3.69615,-1.1 -1.31224 3.69303,-1.1 -1.31162 3.68994,-1.1 -1.31084 3.68689,-1.1 -1.30991 3.68388,-1.1 -1.30883 3.68092,-1.1 -1.30761 3.67801,-1.1 -1.30624 3.67517,-1.1 -1.30473 3.67241,-1.1 -1.30309 3.66972,-1.1 -1.30132 3.66711,-1.1 -1.29941 3.6646,-1.1 -1.29739 3.66219,-1.1 -1.29524 3.65988,-1.1 -1.29299 3.65768,-1.1 -1.29062 3.65559,-1.1 -1.28816 3.65363,-1.1 -1.2856 3.65179,-1.1 -1.28295 3.65008,-1.1 -1.28023 3.6485,-1.1 -1.27742 3.64706,-1.1 -1.27455 3.64577,-1.1 -1.27161 3.64462,-1.1 -1.26863 3.64361,-1.1 -1.26559 3.64276,-1.1 -1.21183 3.65363,-1.1 -1.26252 3.64206,-1.1 -1.25942 3.64151,-1.1 -1.25629 3.64112,-1.1 -1.25315 3.64088,-1.1 -1.19239 3.67801,-1.1 -1.18838 3.68994,-1.1 -1.19868 3.66711,-1.1 -1.29062 3.75243,-1.1 -1.20058 3.6646,-1.1 -1.19526 3.67241,-1.1 -1.1969 3.66972,-1.1 -1.19375 3.67517,-1.1 -1.19116 3.68092,-1.1 -1.19008 3.68388,-1.1 -1.18915 3.68689,-1.1 -1.18775 3.69303,-1.1 -1.18728 3.69615,-1.1 -1.18697 3.70873,-1.1 -1.18728 3.71187]
}}
appearance Appearance{material USE MET-COPPER }}
Shape { geometry IndexedFaceSet 
{ creaseAngle 0.50 coordIndex [0,1,2,-1,0,2,3,-1,0,3,4,-1,5,0,6,-1,7,8,9,-1,7,9,10,-1,7,10,11,-1,12,13,14,-1,15,13,12,-1,15,5,13,-1,15,12,16,-1,17,18,19,-1,17,19,20,-1,17,20,21,-1,17,21,22,-1,17,22,23,-1,17,23,24,-1,17,24,25,-1,17,25,26,-1,17,26,27,-1,17,27,28,-1,17,28,29,-1,17,29,30,-1,17,31,32,-1,17,32,33,-1,17,33,34,-1,17,35,36,-1,17,36,37,-1,17,38,39,-1,17,39,40,-1,17,40,41,-1,17,41,7,-1,17,11,42,-1,17,42,43,-1,17,43,44,-1,17,44,45,-1,17,45,46,-1,17,46,47,-1,17,47,48,-1,17,48,49,-1,17,49,50,-1,17,50,51,-1,17,51,52,-1,17,52,53,-1,17,53,54,-1,17,54,55,-1,17,55,56,-1,17,56,57,-1,17,57,58,-1,17,58,59,-1,17,59,60,-1,17,60,61,-1,17,62,63,-1,17,63,64,-1,17,64,65,-1,17,65,66,-1,17,66,67,-1,17,67,68,-1,17,68,69,-1,17,69,70,-1,17,70,71,-1,17,71,72,-1,17,72,73,-1,17,73,74,-1,17,74,75,-1,17,75,76,-1,17,76,77,-1,17,77,78,-1,17,78,79,-1,17,79,80,-1,17,80,81,-1,17,81,82,-1,17,82,83,-1,17,83,84,-1,17,84,85,-1,17,85,86,-1,17,86,87,-1,17,87,88,-1,17,88,89,-1,17,89,90,-1,17,90,91,-1,17,91,92,-1,17,92,93,-1,17,93,94,-1,17,94,95,-1,17,95,96,-1,17,96,97,-1,17,97,98,-1,17,98,99,-1,17,99,100,-1,17,100,101,-1,17,101,102,-1,17,102,103,-1,17,103,104,-1,17,104,105,-1,31,30,106,-1,17,105,107,-1,17,107,108,-1,17,108,109,-1,17,109,110,-1,17,110,18,-1,17,111,112,-1,17,112,35,-1,17,30,31,-1,17,61,62,-1,17,7,11,-1,17,34,113,-1,17,113,111,-1,17,37,1,-1,17,0,5,-1,17,1,0,-1,17,5,15,-1,61,114,62,-1,113,34,115,-1,116,113,117,-1,111,116,118,-1,111,113,116,-1,112,111,119,-1,112,119,120,-1,112,120,121,-1,35,112,122,-1,35,122,123,-1,1,37,124,-1,1,124,125,-1]
coord Coordinate { point [10.711 -1.19116 3.7271,10.711 -1.18775 3.71498,10.711 -1.18838 3.71807,10.711 -1.18915 3.72113,10.711 -1.19008 3.72414,10.711 -1.19375 3.73284,10.711 -1.19239 3.73,10.711 -1.21704 3.75794,10.711 -1.21977 3.75952,10.711 -1.22257 3.76095,10.711 -1.22545 3.76225,10.711 -1.22838 3.7634,10.711 -1.19868 3.7409,10.711 -1.19526 3.73561,10.711 -1.1969 3.7383,10.711 -1.20261 3.74583,10.711 -1.20058 3.74342,10.711 -1.20475 3.74814,10.711 -1.25 3.6408,10.711 -1.24685 3.64088,10.711 -1.2437 3.64112,10.711 -1.24058 3.64151,10.711 -1.23747 3.64206,10.711 -1.2344 3.64276,10.711 -1.23137 3.64361,10.711 -1.22838 3.64462,10.711 -1.22545 3.64577,10.711 -1.22257 3.64706,10.711 -1.21977 3.6485,10.711 -1.21704 3.65008,10.711 -1.21439 3.65179,10.711 -1.20937 3.65559,10.711 -1.20701 3.65768,10.711 -1.20475 3.65988,10.711 -1.20261 3.66219,10.711 -1.18697 3.69929,10.711 -1.18681 3.70243,10.711 -1.18681 3.70558,10.711 -1.20701 3.75034,10.711 -1.20937 3.75243,10.711 -1.21183 3.75439,10.711 -1.21439 3.75623,10.711 -1.23137 3.76441,10.711 -1.2344 3.76526,10.711 -1.23747 3.76596,10.711 -1.24058 3.76651,10.711 -1.2437 3.7669,10.711 -1.24685 3.76713,10.711 -1.25 3.76721,10.711 -1.25315 3.76713,10.711 -1.25629 3.7669,10.711 -1.25942 3.76651,10.711 -1.26252 3.76596,10.711 -1.26559 3.76526,10.711 -1.26863 3.76441,10.711 -1.27161 3.7634,10.711 -1.27455 3.76225,10.711 -1.27742 3.76095,10.711 -1.28023 3.75952,10.711 -1.28295 3.75794,10.711 -1.2856 3.75623,10.711 -1.28816 3.75439,10.711 -1.29299 3.75034,10.711 -1.29524 3.74814,10.711 -1.29739 3.74583,10.711 -1.29941 3.74342,10.711 -1.30132 3.7409,10.711 -1.30309 3.7383,10.711 -1.30473 3.73561,10.711 -1.30624 3.73284,10.711 -1.30761 3.73,10.711 -1.30883 3.7271,10.711 -1.30991 3.72414,10.711 -1.31084 3.72113,10.711 -1.31162 3.71807,10.711 -1.31224 3.71498,10.711 -1.31271 3.71187,10.711 -1.31303 3.70873,10.711 -1.31318 3.70558,10.711 -1.31318 3.70243,10.711 -1.31303 3.69929,10.711 -1.31271 3.69615,10.711 -1.31224 3.69303,10.711 -1.31162 3.68994,10.711 -1.31084 3.68689,10.711 -1.30991 3.68388,10.711 -1.30883 3.68092,10.711 -1.30761 3.67801,10.711 -1.30624 3.67517,10.711 -1.30473 3.67241,10.711 -1.30309 3.66972,10.711 -1.30132 3.66711,10.711 -1.29941 3.6646,10.711 -1.29739 3.66219,10.711 -1.29524 3.65988,10.711 -1.29299 3.65768,10.711 -1.29062 3.65559,10.711 -1.28816 3.65363,10.711 -1.2856 3.65179,10.711 -1.28295 3.65008,10.711 -1.28023 3.6485,10.711 -1.27742 3.64706,10.711 -1.27455 3.64577,10.711 -1.27161 3.64462,10.711 -1.26863 3.64361,10.711 -1.26559 3.64276,10.711 -1.21183 3.65363,10.711 -1.26252 3.64206,10.711 -1.25942 3.64151,10.711 -1.25629 3.64112,10.711 -1.25315 3.64088,10.711 -1.19239 3.67801,10.711 -1.18838 3.68994,10.711 -1.19868 3.66711,10.711 -1.29062 3.75243,10.711 -1.20058 3.6646,10.711 -1.19526 3.67241,10.711 -1.1969 3.66972,10.711 -1.19375 3.67517,10.711 -1.19116 3.68092,10.711 -1.19008 3.68388,10.711 -1.18915 3.68689,10.711 -1.18775 3.69303,10.711 -1.18728 3.69615,10.711 -1.18697 3.70873,10.711 -1.18728 3.71187]
}}
appearance Appearance{material USE MET-COPPER }}
Shape { geometry IndexedFaceSet 
{ creaseAngle 0.50 coordIndex [0,1,2,-1,1,3,2,-1,1,4,3,-1,4,5,3,-1,6,7,8,-1,9,10,5,-1,6,11,7,-1,11,12,7,-1,13,14,10,-1,11,15,12,-1,16,17,14,-1,15,18,19,-1,20,21,17,-1,18,22,23,-1,22,24,25,-1,20,26,21,-1,26,27,21,-1,24,27,26,-1,21,27,28,-1,28,29,30,-1,27,29,28,-1,29,31,30,-1,30,32,33,-1,31,32,30,-1,33,34,35,-1,32,34,33,-1,35,36,37,-1,34,36,35,-1,37,38,39,-1,39,38,40,-1,36,38,37,-1,38,41,40,-1,40,42,43,-1,41,42,40,-1,43,44,45,-1,42,44,43,-1,45,46,47,-1,44,46,45,-1,47,48,49,-1,49,48,50,-1,46,48,47,-1,48,51,50,-1,50,52,53,-1,53,52,54,-1,51,52,50,-1,52,55,54,-1,55,56,54,-1,54,56,57,-1,57,56,58,-1,56,59,58,-1,58,59,60,-1,59,61,60,-1,61,62,60,-1,60,62,63,-1,63,62,64,-1,62,65,64,-1,65,66,64,-1,64,66,67,-1,66,68,67,-1,67,68,69,-1,68,70,69,-1,69,70,71,-1,71,70,72,-1,70,73,72,-1,73,74,72,-1,72,74,75,-1,74,76,75,-1,75,76,77,-1,76,78,77,-1,77,78,79,-1,78,80,79,-1,79,80,81,-1,80,82,81,-1,81,82,83,-1,83,82,84,-1,82,85,84,-1,84,85,86,-1,85,87,86,-1,87,88,86,-1,86,88,89,-1,88,90,89,-1,89,90,91,-1,90,92,91,-1,91,92,93,-1,93,94,95,-1,92,94,93,-1,95,96,97,-1,94,96,95,-1,97,98,99,-1,99,98,100,-1,96,98,97,-1,98,101,100,-1,100,102,103,-1,101,102,100,-1,103,104,105,-1,105,104,106,-1,102,104,103,-1,104,107,106,-1,107,108,106,-1,106,108,109,-1,108,110,109,-1,109,110,111,-1,111,110,112,-1,110,113,112,-1,113,114,112,-1,112,114,115,-1,114,116,115,-1,115,116,117,-1,117,116,118,-1,116,119,118,-1,119,120,118,-1,118,120,121,-1,120,122,121,-1,121,122,123,-1,122,124,123,-1,123,124,125,-1,125,124,126,-1,124,127,126,-1,127,128,126,-1,126,128,129,-1,128,130,129,-1,129,130,131,-1,131,130,132,-1,130,133,132,-1,133,134,132,-1,132,134,135,-1,135,136,137,-1,137,136,138,-1,134,136,135,-1,136,139,138,-1,138,140,141,-1,139,140,138,-1,141,142,143,-1,143,142,144,-1,140,142,141,-1,142,145,144,-1,144,146,147,-1,147,146,148,-1,145,146,144,-1,146,149,148,-1,148,150,151,-1,151,150,152,-1,149,150,148,-1,150,153,152,-1,152,154,155,-1,153,154,152,-1,155,156,157,-1,154,156,155,-1,156,158,157,-1,157,158,159,-1,158,160,159,-1,159,160,161,-1,160,162,161,-1,161,162,163,-1,163,162,164,-1,162,165,164,-1,164,166,167,-1,165,166,164,-1,167,168,169,-1,169,168,170,-1,166,168,167,-1,168,171,170,-1,170,172,173,-1,171,172,170,-1,173,174,175,-1,175,174,176,-1,172,174,173,-1,174,177,176,-1,176,178,179,-1,177,178,176,-1,179,180,181,-1,181,180,182,-1,178,180,179,-1,180,183,182,-1,182,184,185,-1,185,184,186,-1,183,184,182,-1,184,187,186,-1,186,188,189,-1,187,188,186,-1,189,190,191,-1,188,190,189,-1,191,192,193,-1,190,192,191,-1,193,194,195,-1,192,194,193,-1,195,196,197,-1,197,196,198,-1,194,196,195,-1,196,199,198,-1,198,200,201,-1,199,200,198,-1,201,202,203,-1,200,202,201,-1,203,204,205,-1,205,204,206,-1,202,204,203,-1,204,207,206,-1,207,208,206,-1,206,208,209,-1,209,208,210,-1,208,211,210,-1,211,212,210,-1,210,212,213,-1,212,214,213,-1,213,214,215,-1,215,214,216,-1,214,217,216,-1,216,217,218,-1,217,219,218,-1,219,220,218,-1,218,220,221,-1,220,222,221,-1,221,222,223,-1,222,224,223,-1,223,224,225,-1,224,226,225,-1,225,226,227,-1,226,228,227,-1,227,228,229,-1,228,230,229,-1,229,230,231,-1,231,230,232,-1,230,233,232,-1,232,234,235,-1,233,234,232,-1,235,236,237,-1,237,236,238,-1,234,236,235,-1,238,239,240,-1,236,239,238,-1,239,241,240,-1,240,242,243,-1,243,242,244,-1,241,242,240,-1,242,245,244,-1,244,246,247,-1,245,246,244,-1,247,248,249,-1,249,248,250,-1,246,248,247,-1,248,251,250,-1,252,253,254,-1,250,255,256,-1,251,255,250,-1,257,258,253,-1,256,259,254,-1,254,259,252,-1,255,259,256,-1,259,260,252,-1,261,262,258,-1,259,263,260,-1,264,265,262,-1,263,266,267,-1,268,269,265,-1,266,270,271,-1,268,272,269,-1,272,2,269,-1,270,273,274,-1,272,0,2,-1,273,275,276,-1,275,277,276,-1,275,6,277,-1,277,6,8,-1,26,25,24,-1,25,23,22,-1,23,19,18,-1,19,12,15,-1,16,20,17,-1,13,16,14,-1,9,13,10,-1,4,9,5,-1,264,268,265,-1,261,264,262,-1,257,261,258,-1,252,257,253,-1,276,274,273,-1,274,271,270,-1,271,267,266,-1,267,260,263,-1]
coord Coordinate { point [10.611 -1.575 3.70401,10.611 -1.5752 3.71246,10.711 -1.575 3.70401,10.711 -1.57521 3.71273,10.611 -1.57581 3.72088,10.711 -1.57587 3.72143,-1.1 -1.575 3.70401,-0.999998 -1.5752 3.71246,-0.999998 -1.575 3.70401,10.611 -1.57683 3.72927,10.711 -1.57695 3.73009,-1.1 -1.57521 3.71273,-0.999998 -1.57581 3.72088,10.611 -1.57825 3.7376,10.711 -1.57847 3.73868,-1.1 -1.57587 3.72143,10.611 -1.58007 3.74585,10.711 -1.58041 3.74719,-1.1 -1.57695 3.73009,-0.999998 -1.57683 3.72927,10.611 -1.58229 3.75401,10.711 -1.58277 3.75559,-1.1 -1.57847 3.73868,-0.999998 -1.57825 3.7376,-1.1 -1.58041 3.74719,-0.999998 -1.58007 3.74585,-0.999998 -1.58229 3.75401,-1.1 -1.58277 3.75559,10.711 -1.58555 3.76386,-1.1 -1.58555 3.76386,10.711 -1.58874 3.77198,-1.1 -1.58874 3.77198,-1.1 -1.59233 3.77994,10.711 -1.59233 3.77994,-1.1 -1.59631 3.7877,10.711 -1.59631 3.7877,-1.1 -1.60067 3.79526,10.711 -1.60067 3.79526,-1.1 -1.60541 3.80259,10.711 -1.60541 3.80259,10.711 -1.6105 3.80967,-1.1 -1.6105 3.80967,-1.1 -1.61594 3.8165,10.711 -1.61594 3.8165,-1.1 -1.62171 3.82304,10.711 -1.62171 3.82304,-1.1 -1.62781 3.82928,10.711 -1.62781 3.82928,-1.1 -1.6342 3.83522,10.711 -1.6342 3.83522,10.711 -1.64089 3.84083,-1.1 -1.64089 3.84083,-1.1 -1.64784 3.8461,10.711 -1.64784 3.8461,10.711 -1.65505 3.85101,-1.1 -1.65505 3.85101,-1.1 -1.6625 3.85556,10.711 -1.6625 3.85556,10.711 -1.67016 3.85974,-1.1 -1.67016 3.85974,10.711 -1.67802 3.86352,-1.1 -1.67802 3.86352,-1.1 -1.68606 3.86691,10.711 -1.68606 3.86691,10.711 -1.69426 3.8699,-1.1 -1.69426 3.8699,-1.1 -1.7026 3.87247,10.711 -1.7026 3.87247,-1.1 -1.71106 3.87462,10.711 -1.71106 3.87462,-1.1 -1.71961 3.87635,10.711 -1.71961 3.87635,10.711 -1.72824 3.87765,-1.1 -1.72824 3.87765,-1.1 -1.73692 3.87852,10.711 -1.73692 3.87852,-1.1 -1.74563 3.87895,10.711 -1.74563 3.87895,-1.1 -1.75436 3.87895,10.711 -1.75436 3.87895,-1.1 -1.76307 3.87852,10.711 -1.76307 3.87852,-1.1 -1.77176 3.87765,10.711 -1.77176 3.87765,10.711 -1.78038 3.87635,-1.1 -1.78038 3.87635,10.711 -1.78894 3.87462,-1.1 -1.78894 3.87462,-1.1 -1.79739 3.87247,10.711 -1.79739 3.87247,-1.1 -1.80573 3.8699,10.711 -1.80573 3.8699,-1.1 -1.81393 3.86691,10.711 -1.81393 3.86691,-1.1 -1.82197 3.86352,10.711 -1.82197 3.86352,-1.1 -1.82983 3.85974,10.711 -1.82983 3.85974,-1.1 -1.8375 3.85556,10.711 -1.8375 3.85556,10.711 -1.84494 3.85101,-1.1 -1.84494 3.85101,-1.1 -1.85215 3.8461,10.711 -1.85215 3.8461,-1.1 -1.85911 3.84083,10.711 -1.85911 3.84083,10.711 -1.86579 3.83522,-1.1 -1.86579 3.83522,-1.1 -1.87219 3.82928,10.711 -1.87219 3.82928,-1.1 -1.87828 3.82304,10.711 -1.87828 3.82304,10.711 -1.88405 3.8165,-1.1 -1.88405 3.8165,-1.1 -1.88949 3.80967,10.711 -1.88949 3.80967,-1.1 -1.89459 3.80259,10.711 -1.89459 3.80259,10.711 -1.89932 3.79526,-1.1 -1.89932 3.79526,-1.1 -1.90368 3.7877,10.711 -1.90368 3.7877,-1.1 -1.90767 3.77994,10.711 -1.90767 3.77994,-1.1 -1.91125 3.77198,10.711 -1.91125 3.77198,10.711 -1.91444 3.76386,-1.1 -1.91444 3.76386,-1.1 -1.91722 3.75559,10.711 -1.91722 3.75559,-1.1 -1.91958 3.74719,10.711 -1.91958 3.74719,10.711 -1.92153 3.73868,-1.1 -1.92153 3.73868,-1.1 -1.92304 3.73009,10.711 -1.92304 3.73009,-1.1 -1.92413 3.72143,10.711 -1.92413 3.72143,10.711 -1.92478 3.71273,-1.1 -1.92478 3.71273,-1.1 -1.925 3.70401,10.711 -1.925 3.70401,-1.1 -1.92478 3.69529,10.711 -1.92478 3.69529,10.711 -1.92413 3.68658,-1.1 -1.92413 3.68658,-1.1 -1.92304 3.67793,10.711 -1.92304 3.67793,10.711 -1.92153 3.66933,-1.1 -1.92153 3.66933,-1.1 -1.91958 3.66083,10.711 -1.91958 3.66083,10.711 -1.91722 3.65243,-1.1 -1.91722 3.65243,-1.1 -1.91444 3.64415,10.711 -1.91444 3.64415,-1.1 -1.91125 3.63603,10.711 -1.91125 3.63603,-1.1 -1.90767 3.62808,10.711 -1.90767 3.62808,-1.1 -1.90368 3.62031,10.711 -1.90368 3.62031,-1.1 -1.89932 3.61276,10.711 -1.89932 3.61276,10.711 -1.89459 3.60543,-1.1 -1.89459 3.60543,-1.1 -1.88949 3.59834,10.711 -1.88949 3.59834,-1.1 -1.88405 3.59152,10.711 -1.88405 3.59152,10.711 -1.87828 3.58498,-1.1 -1.87828 3.58498,-1.1 -1.87219 3.57873,10.711 -1.87219 3.57873,-1.1 -1.86579 3.5728,10.711 -1.86579 3.5728,10.711 -1.85911 3.56719,-1.1 -1.85911 3.56719,-1.1 -1.85215 3.56192,10.711 -1.85215 3.56192,-1.1 -1.84494 3.557,10.711 -1.84494 3.557,10.711 -1.8375 3.55245,-1.1 -1.8375 3.55245,-1.1 -1.82983 3.54828,10.711 -1.82983 3.54828,10.711 -1.82197 3.5445,-1.1 -1.82197 3.5445,-1.1 -1.81393 3.54111,10.711 -1.81393 3.54111,-1.1 -1.80573 3.53812,10.711 -1.80573 3.53812,-1.1 -1.79739 3.53555,10.711 -1.79739 3.53555,-1.1 -1.78894 3.5334,10.711 -1.78894 3.5334,-1.1 -1.78038 3.53167,10.711 -1.78038 3.53167,10.711 -1.77176 3.53037,-1.1 -1.77176 3.53037,-1.1 -1.76307 3.5295,10.711 -1.76307 3.5295,-1.1 -1.75436 3.52906,10.711 -1.75436 3.52906,-1.1 -1.74563 3.52906,10.711 -1.74563 3.52906,10.711 -1.73692 3.5295,-1.1 -1.73692 3.5295,-1.1 -1.72824 3.53037,10.711 -1.72824 3.53037,10.711 -1.71961 3.53167,-1.1 -1.71961 3.53167,-1.1 -1.71106 3.5334,10.711 -1.71106 3.5334,-1.1 -1.7026 3.53555,10.711 -1.7026 3.53555,10.711 -1.69426 3.53812,-1.1 -1.69426 3.53812,10.711 -1.68606 3.54111,-1.1 -1.68606 3.54111,-1.1 -1.67802 3.5445,10.711 -1.67802 3.5445,-1.1 -1.67016 3.54828,10.711 -1.67016 3.54828,-1.1 -1.6625 3.55245,10.711 -1.6625 3.55245,-1.1 -1.65505 3.557,10.711 -1.65505 3.557,-1.1 -1.64784 3.56192,10.711 -1.64784 3.56192,-1.1 -1.64089 3.56719,10.711 -1.64089 3.56719,10.711 -1.6342 3.5728,-1.1 -1.6342 3.5728,-1.1 -1.62781 3.57873,10.711 -1.62781 3.57873,-1.1 -1.62171 3.58498,10.711 -1.62171 3.58498,10.711 -1.61594 3.59152,-1.1 -1.61594 3.59152,10.711 -1.6105 3.59834,-1.1 -1.6105 3.59834,-1.1 -1.60541 3.60543,10.711 -1.60541 3.60543,10.711 -1.60067 3.61276,-1.1 -1.60067 3.61276,-1.1 -1.59631 3.62031,10.711 -1.59631 3.62031,-1.1 -1.59233 3.62808,10.711 -1.59233 3.62808,10.711 -1.58874 3.63603,-1.1 -1.58874 3.63603,10.611 -1.58229 3.65401,10.711 -1.58041 3.66083,10.711 -1.58277 3.65243,-1.1 -1.58555 3.64415,10.711 -1.58555 3.64415,10.611 -1.58007 3.66216,10.711 -1.57847 3.66933,-1.1 -1.58277 3.65243,-0.999998 -1.58229 3.65401,10.611 -1.57825 3.67041,10.711 -1.57695 3.67793,-1.1 -1.58041 3.66083,10.611 -1.57683 3.67874,10.711 -1.57587 3.68658,-1.1 -1.57847 3.66933,-0.999998 -1.58007 3.66216,10.611 -1.57581 3.68713,10.711 -1.57521 3.69529,-1.1 -1.57695 3.67793,-0.999998 -1.57825 3.67041,10.611 -1.5752 3.69556,-1.1 -1.57587 3.68658,-0.999998 -1.57683 3.67874,-1.1 -1.57521 3.69529,-0.999998 -1.57581 3.68713,-0.999998 -1.5752 3.69556]
}}
appearance Appearance{material USE CAP-CERAMIC-05 }}
Shape { geometry IndexedFaceSet 
{ creaseAngle 0.50 coordIndex [0,1,2,-1,1,3,2,-1,2,3,4,-1,0,5,1,-1,6,5,0,-1,3,7,4,-1,4,7,8,-1,6,9,5,-1,10,9,6,-1,7,11,8,-1,8,11,12,-1,10,13,9,-1,14,13,10,-1,11,15,12,-1,12,15,16,-1,14,17,13,-1,18,17,14,-1,15,19,16,-1,16,19,20,-1,18,21,17,-1,22,21,18,-1,19,23,20,-1,20,23,24,-1,25,26,22,-1,22,26,21,-1,23,27,24,-1,24,27,28,-1,29,30,25,-1,25,30,26,-1,28,31,32,-1,27,31,28,-1,29,33,30,-1,34,33,29,-1,31,35,32,-1,32,35,36,-1,37,38,34,-1,34,38,33,-1,35,39,36,-1,36,39,40,-1,37,41,38,-1,42,41,37,-1,39,43,40,-1,40,43,44,-1,45,46,42,-1,42,46,41,-1,43,47,44,-1,44,47,48,-1,49,50,45,-1,45,50,46,-1,47,51,48,-1,48,51,52,-1,53,54,49,-1,49,54,50,-1,51,55,52,-1,52,55,56,-1,53,57,54,-1,58,57,53,-1,55,59,56,-1,56,59,60,-1,58,61,57,-1,62,61,58,-1,59,63,60,-1,60,63,64,-1,62,65,61,-1,66,65,62,-1,63,67,64,-1,64,67,68,-1,66,69,65,-1,70,69,66,-1,67,71,68,-1,68,71,72,-1,70,73,69,-1,74,73,70,-1,71,75,72,-1,72,75,76,-1,74,77,73,-1,78,77,74,-1,75,79,76,-1,76,79,80,-1,78,81,77,-1,82,81,78,-1,79,83,80,-1,80,83,84,-1,82,85,81,-1,86,85,82,-1,84,87,88,-1,83,87,84,-1,86,89,85,-1,90,89,86,-1,88,91,92,-1,87,91,88,-1,90,93,89,-1,94,93,90,-1,92,95,96,-1,91,95,92,-1,97,98,94,-1,94,98,93,-1,96,99,100,-1,95,99,96,-1,101,102,97,-1,97,102,98,-1,100,103,104,-1,99,103,100,-1,105,106,101,-1,101,106,102,-1,104,107,108,-1,103,107,104,-1,105,109,106,-1,110,109,105,-1,108,111,112,-1,107,111,108,-1,113,114,110,-1,110,114,109,-1,112,115,116,-1,111,115,112,-1,117,118,113,-1,113,118,114,-1,116,119,120,-1,115,119,116,-1,121,122,117,-1,117,122,118,-1,119,123,120,-1,123,124,120,-1,121,125,122,-1,123,126,124,-1,121,127,125,-1,127,128,125,-1,126,129,124,-1,130,129,126,-1,128,131,132,-1,127,131,128,-1,130,133,129,-1,134,133,130,-1,132,135,136,-1,131,135,132,-1,137,138,134,-1,134,138,133,-1,136,139,140,-1,135,139,136,-1,141,142,137,-1,137,142,138,-1,139,143,140,-1,140,143,144,-1,141,145,142,-1,146,145,141,-1,143,147,144,-1,144,147,148,-1,149,150,146,-1,146,150,145,-1,147,151,148,-1,148,151,152,-1,153,154,149,-1,149,154,150,-1,151,155,152,-1,152,155,156,-1,153,157,154,-1,158,157,153,-1,155,159,156,-1,156,159,160,-1,158,161,157,-1,162,161,158,-1,159,163,160,-1,160,163,164,-1,165,166,162,-1,162,166,161,-1,163,167,164,-1,164,167,168,-1,169,170,165,-1,165,170,166,-1,167,171,168,-1,168,171,172,-1,173,174,169,-1,169,174,170,-1,171,175,172,-1,172,175,176,-1,177,178,173,-1,173,178,174,-1,175,179,176,-1,176,179,180,-1,181,182,177,-1,177,182,178,-1,179,183,180,-1,180,183,184,-1,185,186,181,-1,181,186,182,-1,183,187,184,-1,184,187,188,-1,189,190,185,-1,185,190,186,-1,188,191,192,-1,187,191,188,-1,193,194,189,-1,189,194,190,-1,192,195,196,-1,191,195,192,-1,197,198,193,-1,193,198,194,-1,196,199,200,-1,195,199,196,-1,201,202,197,-1,197,202,198,-1,199,203,200,-1,200,203,204,-1,205,206,201,-1,201,206,202,-1,203,207,204,-1,204,207,208,-1,205,209,206,-1,210,209,205,-1,207,211,208,-1,208,211,212,-1,210,213,209,-1,214,213,210,-1,211,215,212,-1,212,215,216,-1,214,217,213,-1,218,217,214,-1,215,219,216,-1,216,219,220,-1,218,221,217,-1,222,221,218,-1,219,223,220,-1,220,223,224,-1,222,225,221,-1,226,225,222,-1,223,227,224,-1,224,227,228,-1,226,229,225,-1,230,229,226,-1,227,231,228,-1,228,231,232,-1,233,234,230,-1,230,234,229,-1,231,235,232,-1,232,235,236,-1,233,237,234,-1,238,237,233,-1,235,239,236,-1,236,239,240,-1,241,242,238,-1,238,242,237,-1,239,243,240,-1,240,243,244,-1,241,245,242,-1,246,245,241,-1,243,247,244,-1,244,247,248,-1,246,249,245,-1,250,249,246,-1,247,251,248,-1,250,251,249,-1,248,251,250,-1]
coord Coordinate { point [-1.1 -1.87828 3.58498,-1.1 -1.79524 3.65988,-1.1 -1.87219 3.57873,-1.1 -1.79299 3.65768,-1.1 -1.86579 3.5728,-1.1 -1.79739 3.66219,-1.1 -1.88405 3.59152,-1.1 -1.79062 3.65559,-1.1 -1.85911 3.56719,-1.1 -1.79941 3.6646,-1.1 -1.88949 3.59834,-1.1 -1.78816 3.65363,-1.1 -1.85215 3.56192,-1.1 -1.80131 3.66711,-1.1 -1.89459 3.60543,-1.1 -1.7856 3.65179,-1.1 -1.84494 3.557,-1.1 -1.80309 3.66972,-1.1 -1.89932 3.61276,-1.1 -1.78295 3.65008,-1.1 -1.8375 3.55245,-1.1 -1.80473 3.67241,-1.1 -1.90368 3.62031,-1.1 -1.78022 3.6485,-1.1 -1.82983 3.54828,-1.1 -1.90767 3.62808,-1.1 -1.80624 3.67517,-1.1 -1.77742 3.64706,-1.1 -1.82197 3.5445,-1.1 -1.91125 3.63603,-1.1 -1.80761 3.67801,-1.1 -1.77455 3.64577,-1.1 -1.81393 3.54111,-1.1 -1.80883 3.68092,-1.1 -1.91444 3.64415,-1.1 -1.77161 3.64462,-1.1 -1.80573 3.53812,-1.1 -1.91722 3.65243,-1.1 -1.80991 3.68388,-1.1 -1.76863 3.64361,-1.1 -1.79739 3.53555,-1.1 -1.81084 3.68689,-1.1 -1.91958 3.66083,-1.1 -1.76559 3.64276,-1.1 -1.78894 3.5334,-1.1 -1.92153 3.66933,-1.1 -1.81162 3.68994,-1.1 -1.76252 3.64206,-1.1 -1.78038 3.53167,-1.1 -1.92304 3.67793,-1.1 -1.81224 3.69303,-1.1 -1.75942 3.64151,-1.1 -1.77176 3.53037,-1.1 -1.92413 3.68658,-1.1 -1.81271 3.69615,-1.1 -1.75629 3.64112,-1.1 -1.76307 3.5295,-1.1 -1.81302 3.69929,-1.1 -1.92478 3.69529,-1.1 -1.75315 3.64088,-1.1 -1.75436 3.52906,-1.1 -1.81318 3.70243,-1.1 -1.925 3.70401,-1.1 -1.75 3.6408,-1.1 -1.74563 3.52906,-1.1 -1.81318 3.70558,-1.1 -1.92478 3.71273,-1.1 -1.74685 3.64088,-1.1 -1.73692 3.5295,-1.1 -1.81302 3.70873,-1.1 -1.92413 3.72143,-1.1 -1.7437 3.64112,-1.1 -1.72824 3.53037,-1.1 -1.81271 3.71187,-1.1 -1.92304 3.73009,-1.1 -1.74058 3.64151,-1.1 -1.71961 3.53167,-1.1 -1.81224 3.71498,-1.1 -1.92153 3.73868,-1.1 -1.73747 3.64206,-1.1 -1.71106 3.5334,-1.1 -1.81162 3.71807,-1.1 -1.91958 3.74719,-1.1 -1.7344 3.64276,-1.1 -1.7026 3.53555,-1.1 -1.81084 3.72113,-1.1 -1.91722 3.75559,-1.1 -1.73137 3.64361,-1.1 -1.69426 3.53812,-1.1 -1.80991 3.72414,-1.1 -1.91444 3.76386,-1.1 -1.72838 3.64462,-1.1 -1.68606 3.54111,-1.1 -1.80883 3.7271,-1.1 -1.91125 3.77198,-1.1 -1.72545 3.64577,-1.1 -1.67802 3.5445,-1.1 -1.90767 3.77994,-1.1 -1.80761 3.73,-1.1 -1.72257 3.64706,-1.1 -1.67016 3.54828,-1.1 -1.90368 3.7877,-1.1 -1.80624 3.73284,-1.1 -1.71977 3.6485,-1.1 -1.6625 3.55245,-1.1 -1.89932 3.79526,-1.1 -1.80473 3.73561,-1.1 -1.71704 3.65008,-1.1 -1.65505 3.557,-1.1 -1.80309 3.7383,-1.1 -1.89459 3.80259,-1.1 -1.71439 3.65179,-1.1 -1.64784 3.56192,-1.1 -1.88949 3.80967,-1.1 -1.80131 3.7409,-1.1 -1.71183 3.65363,-1.1 -1.64089 3.56719,-1.1 -1.88405 3.8165,-1.1 -1.79941 3.74342,-1.1 -1.70937 3.65559,-1.1 -1.6342 3.5728,-1.1 -1.87828 3.82304,-1.1 -1.79739 3.74583,-1.1 -1.70701 3.65768,-1.1 -1.62781 3.57873,-1.1 -1.79524 3.74814,-1.1 -1.70475 3.65988,-1.1 -1.87219 3.82928,-1.1 -1.79299 3.75034,-1.1 -1.62171 3.58498,-1.1 -1.70261 3.66219,-1.1 -1.86579 3.83522,-1.1 -1.79062 3.75243,-1.1 -1.61594 3.59152,-1.1 -1.70058 3.6646,-1.1 -1.85911 3.84083,-1.1 -1.78816 3.75439,-1.1 -1.69868 3.66711,-1.1 -1.6105 3.59834,-1.1 -1.85215 3.8461,-1.1 -1.7856 3.75623,-1.1 -1.6969 3.66972,-1.1 -1.60541 3.60543,-1.1 -1.84494 3.85101,-1.1 -1.78295 3.75794,-1.1 -1.60067 3.61276,-1.1 -1.69526 3.67241,-1.1 -1.8375 3.85556,-1.1 -1.78022 3.75952,-1.1 -1.69375 3.67517,-1.1 -1.59631 3.62031,-1.1 -1.82983 3.85974,-1.1 -1.77742 3.76095,-1.1 -1.69238 3.67801,-1.1 -1.59233 3.62808,-1.1 -1.82197 3.86352,-1.1 -1.77455 3.76225,-1.1 -1.58874 3.63603,-1.1 -1.69116 3.68092,-1.1 -1.81393 3.86691,-1.1 -1.77161 3.7634,-1.1 -1.58555 3.64415,-1.1 -1.69008 3.68388,-1.1 -1.80573 3.8699,-1.1 -1.76863 3.76441,-1.1 -1.68915 3.68689,-1.1 -1.58277 3.65243,-1.1 -1.79739 3.87247,-1.1 -1.76559 3.76526,-1.1 -1.68838 3.68994,-1.1 -1.58041 3.66083,-1.1 -1.78894 3.87462,-1.1 -1.76252 3.76596,-1.1 -1.68775 3.69303,-1.1 -1.57847 3.66933,-1.1 -1.78038 3.87635,-1.1 -1.75942 3.76651,-1.1 -1.68728 3.69615,-1.1 -1.57695 3.67793,-1.1 -1.77176 3.87765,-1.1 -1.75629 3.7669,-1.1 -1.68697 3.69929,-1.1 -1.57587 3.68658,-1.1 -1.76307 3.87852,-1.1 -1.75315 3.76713,-1.1 -1.68681 3.70243,-1.1 -1.57521 3.69529,-1.1 -1.75436 3.87895,-1.1 -1.75 3.76721,-1.1 -1.68681 3.70558,-1.1 -1.575 3.70401,-1.1 -1.74563 3.87895,-1.1 -1.74685 3.76713,-1.1 -1.68697 3.70873,-1.1 -1.57521 3.71273,-1.1 -1.73692 3.87852,-1.1 -1.7437 3.7669,-1.1 -1.68728 3.71187,-1.1 -1.57587 3.72143,-1.1 -1.72824 3.87765,-1.1 -1.74058 3.76651,-1.1 -1.68775 3.71498,-1.1 -1.57695 3.73009,-1.1 -1.71961 3.87635,-1.1 -1.73747 3.76596,-1.1 -1.68838 3.71807,-1.1 -1.57847 3.73868,-1.1 -1.71106 3.87462,-1.1 -1.7344 3.76526,-1.1 -1.58041 3.74719,-1.1 -1.68915 3.72113,-1.1 -1.7026 3.87247,-1.1 -1.73137 3.76441,-1.1 -1.58277 3.75559,-1.1 -1.69008 3.72414,-1.1 -1.69426 3.8699,-1.1 -1.72838 3.7634,-1.1 -1.58555 3.76386,-1.1 -1.69116 3.7271,-1.1 -1.68606 3.86691,-1.1 -1.72545 3.76225,-1.1 -1.58874 3.77198,-1.1 -1.69238 3.73,-1.1 -1.67802 3.86352,-1.1 -1.72257 3.76095,-1.1 -1.59233 3.77994,-1.1 -1.69375 3.73284,-1.1 -1.67016 3.85974,-1.1 -1.71977 3.75952,-1.1 -1.59631 3.7877,-1.1 -1.69526 3.73561,-1.1 -1.6625 3.85556,-1.1 -1.71704 3.75794,-1.1 -1.6969 3.7383,-1.1 -1.60067 3.79526,-1.1 -1.65505 3.85101,-1.1 -1.71439 3.75623,-1.1 -1.60541 3.80259,-1.1 -1.69868 3.7409,-1.1 -1.64784 3.8461,-1.1 -1.71183 3.75439,-1.1 -1.70058 3.74342,-1.1 -1.6105 3.80967,-1.1 -1.64089 3.84083,-1.1 -1.70937 3.75243,-1.1 -1.61594 3.8165,-1.1 -1.70261 3.74583,-1.1 -1.6342 3.83522,-1.1 -1.70701 3.75034,-1.1 -1.62171 3.82304,-1.1 -1.70475 3.74814,-1.1 -1.62781 3.82928]
}}
appearance Appearance{material USE CAP-CERAMIC-05 }}
Shape { geometry IndexedFaceSet 
{ creaseAngle 0.50 coordIndex [0,1,2,-1,3,0,2,-1,3,2,4,-1,5,1,0,-1,5,6,1,-1,7,3,4,-1,7,4,8,-1,9,6,5,-1,9,10,6,-1,11,7,8,-1,11,8,12,-1,13,10,9,-1,13,14,10,-1,15,11,12,-1,15,12,16,-1,17,14,13,-1,17,18,14,-1,19,15,16,-1,19,16,20,-1,21,18,17,-1,21,22,18,-1,23,19,20,-1,23,20,24,-1,25,26,22,-1,25,22,21,-1,27,23,24,-1,27,24,28,-1,29,30,26,-1,29,26,25,-1,31,28,32,-1,31,27,28,-1,33,30,29,-1,33,34,30,-1,35,31,32,-1,35,32,36,-1,37,38,34,-1,37,34,33,-1,39,35,36,-1,39,36,40,-1,41,38,37,-1,41,42,38,-1,43,39,40,-1,43,40,44,-1,45,46,42,-1,45,42,41,-1,47,43,44,-1,47,44,48,-1,49,50,46,-1,49,46,45,-1,51,47,48,-1,51,48,52,-1,53,54,50,-1,53,50,49,-1,55,51,52,-1,55,52,56,-1,57,54,53,-1,57,58,54,-1,59,55,56,-1,59,56,60,-1,61,58,57,-1,61,62,58,-1,63,59,60,-1,63,60,64,-1,65,62,61,-1,65,66,62,-1,67,63,64,-1,67,64,68,-1,69,66,65,-1,69,70,66,-1,71,67,68,-1,71,68,72,-1,73,70,69,-1,73,74,70,-1,75,71,72,-1,75,72,76,-1,77,74,73,-1,77,78,74,-1,79,75,76,-1,79,76,80,-1,81,78,77,-1,81,82,78,-1,83,79,80,-1,83,80,84,-1,85,82,81,-1,85,86,82,-1,87,84,88,-1,87,83,84,-1,89,86,85,-1,89,90,86,-1,91,88,92,-1,91,87,88,-1,93,90,89,-1,93,94,90,-1,95,92,96,-1,95,91,92,-1,97,98,94,-1,97,94,93,-1,99,96,100,-1,99,95,96,-1,101,102,98,-1,101,98,97,-1,103,100,104,-1,103,99,100,-1,105,106,102,-1,105,102,101,-1,107,104,108,-1,107,103,104,-1,109,106,105,-1,109,110,106,-1,111,108,112,-1,111,107,108,-1,113,114,110,-1,113,110,109,-1,115,112,116,-1,115,111,112,-1,117,118,114,-1,117,114,113,-1,119,116,120,-1,119,115,116,-1,121,122,118,-1,121,118,117,-1,123,119,120,-1,124,123,120,-1,125,122,121,-1,126,123,124,-1,127,122,125,-1,128,127,125,-1,129,126,124,-1,129,130,126,-1,131,128,132,-1,131,127,128,-1,133,130,129,-1,133,134,130,-1,135,132,136,-1,135,131,132,-1,137,138,134,-1,137,134,133,-1,139,136,140,-1,139,135,136,-1,141,142,138,-1,141,138,137,-1,143,139,140,-1,143,140,144,-1,145,142,141,-1,145,146,142,-1,147,143,144,-1,147,144,148,-1,149,150,146,-1,149,146,145,-1,151,147,148,-1,151,148,152,-1,153,154,150,-1,153,150,149,-1,155,151,152,-1,155,152,156,-1,157,154,153,-1,157,158,154,-1,159,155,156,-1,159,156,160,-1,161,158,157,-1,161,162,158,-1,163,159,160,-1,163,160,164,-1,165,166,162,-1,165,162,161,-1,167,163,164,-1,167,164,168,-1,169,170,166,-1,169,166,165,-1,171,167,168,-1,171,168,172,-1,173,174,170,-1,173,170,169,-1,175,171,172,-1,175,172,176,-1,177,178,174,-1,177,174,173,-1,179,175,176,-1,179,176,180,-1,181,182,178,-1,181,178,177,-1,183,179,180,-1,183,180,184,-1,185,186,182,-1,185,182,181,-1,187,183,184,-1,187,184,188,-1,189,190,186,-1,189,186,185,-1,191,188,192,-1,191,187,188,-1,193,194,190,-1,193,190,189,-1,195,192,196,-1,195,191,192,-1,197,198,194,-1,197,194,193,-1,199,196,200,-1,199,195,196,-1,201,202,198,-1,201,198,197,-1,203,199,200,-1,203,200,204,-1,205,206,202,-1,205,202,201,-1,207,203,204,-1,207,204,208,-1,209,206,205,-1,209,210,206,-1,211,207,208,-1,211,208,212,-1,213,210,209,-1,213,214,210,-1,215,211,212,-1,215,212,216,-1,217,214,213,-1,217,218,214,-1,219,215,216,-1,219,216,220,-1,221,218,217,-1,221,222,218,-1,223,219,220,-1,223,220,224,-1,225,222,221,-1,225,226,222,-1,227,223,224,-1,227,224,228,-1,229,226,225,-1,229,230,226,-1,231,227,228,-1,231,228,232,-1,233,234,230,-1,233,230,229,-1,235,231,232,-1,235,232,236,-1,237,234,233,-1,237,238,234,-1,239,235,236,-1,239,236,240,-1,241,242,238,-1,241,238,237,-1,243,239,240,-1,243,240,244,-1,245,242,241,-1,245,246,242,-1,247,243,244,-1,247,244,248,-1,249,246,245,-1,249,250,246,-1,251,247,248,-1,251,250,249,-1,251,248,250,-1]
coord Coordinate { point [10.711 -1.79524 3.65988,10.711 -1.87828 3.58498,10.711 -1.87219 3.57873,10.711 -1.79299 3.65768,10.711 -1.86579 3.5728,10.711 -1.79739 3.66219,10.711 -1.88405 3.59152,10.711 -1.79062 3.65559,10.711 -1.85911 3.56719,10.711 -1.79941 3.6646,10.711 -1.88949 3.59834,10.711 -1.78816 3.65363,10.711 -1.85215 3.56192,10.711 -1.80131 3.66711,10.711 -1.89459 3.60543,10.711 -1.7856 3.65179,10.711 -1.84494 3.557,10.711 -1.80309 3.66972,10.711 -1.89932 3.61276,10.711 -1.78295 3.65008,10.711 -1.8375 3.55245,10.711 -1.80473 3.67241,10.711 -1.90368 3.62031,10.711 -1.78022 3.6485,10.711 -1.82983 3.54828,10.711 -1.80624 3.67517,10.711 -1.90767 3.62808,10.711 -1.77742 3.64706,10.711 -1.82197 3.5445,10.711 -1.80761 3.67801,10.711 -1.91125 3.63603,10.711 -1.77455 3.64577,10.711 -1.81393 3.54111,10.711 -1.80883 3.68092,10.711 -1.91444 3.64415,10.711 -1.77161 3.64462,10.711 -1.80573 3.53812,10.711 -1.80991 3.68388,10.711 -1.91722 3.65243,10.711 -1.76863 3.64361,10.711 -1.79739 3.53555,10.711 -1.81084 3.68689,10.711 -1.91958 3.66083,10.711 -1.76559 3.64276,10.711 -1.78894 3.5334,10.711 -1.81162 3.68994,10.711 -1.92153 3.66933,10.711 -1.76252 3.64206,10.711 -1.78038 3.53167,10.711 -1.81224 3.69303,10.711 -1.92304 3.67793,10.711 -1.75942 3.64151,10.711 -1.77176 3.53037,10.711 -1.81271 3.69615,10.711 -1.92413 3.68658,10.711 -1.75629 3.64112,10.711 -1.76307 3.5295,10.711 -1.81302 3.69929,10.711 -1.92478 3.69529,10.711 -1.75315 3.64088,10.711 -1.75436 3.52906,10.711 -1.81318 3.70243,10.711 -1.925 3.70401,10.711 -1.75 3.6408,10.711 -1.74563 3.52906,10.711 -1.81318 3.70558,10.711 -1.92478 3.71273,10.711 -1.74685 3.64088,10.711 -1.73692 3.5295,10.711 -1.81302 3.70873,10.711 -1.92413 3.72143,10.711 -1.7437 3.64112,10.711 -1.72824 3.53037,10.711 -1.81271 3.71187,10.711 -1.92304 3.73009,10.711 -1.74058 3.64151,10.711 -1.71961 3.53167,10.711 -1.81224 3.71498,10.711 -1.92153 3.73868,10.711 -1.73747 3.64206,10.711 -1.71106 3.5334,10.711 -1.81162 3.71807,10.711 -1.91958 3.74719,10.711 -1.7344 3.64276,10.711 -1.7026 3.53555,10.711 -1.81084 3.72113,10.711 -1.91722 3.75559,10.711 -1.73137 3.64361,10.711 -1.69426 3.53812,10.711 -1.80991 3.72414,10.711 -1.91444 3.76386,10.711 -1.72838 3.64462,10.711 -1.68606 3.54111,10.711 -1.80883 3.7271,10.711 -1.91125 3.77198,10.711 -1.72545 3.64577,10.711 -1.67802 3.5445,10.711 -1.80761 3.73,10.711 -1.90767 3.77994,10.711 -1.72257 3.64706,10.711 -1.67016 3.54828,10.711 -1.80624 3.73284,10.711 -1.90368 3.7877,10.711 -1.71977 3.6485,10.711 -1.6625 3.55245,10.711 -1.80473 3.73561,10.711 -1.89932 3.79526,10.711 -1.71704 3.65008,10.711 -1.65505 3.557,10.711 -1.80309 3.7383,10.711 -1.89459 3.80259,10.711 -1.71439 3.65179,10.711 -1.64784 3.56192,10.711 -1.80131 3.7409,10.711 -1.88949 3.80967,10.711 -1.71183 3.65363,10.711 -1.64089 3.56719,10.711 -1.79941 3.74342,10.711 -1.88405 3.8165,10.711 -1.70937 3.65559,10.711 -1.6342 3.5728,10.711 -1.79739 3.74583,10.711 -1.87828 3.82304,10.711 -1.70701 3.65768,10.711 -1.62781 3.57873,10.711 -1.79524 3.74814,10.711 -1.70475 3.65988,10.711 -1.87219 3.82928,10.711 -1.79299 3.75034,10.711 -1.62171 3.58498,10.711 -1.70261 3.66219,10.711 -1.86579 3.83522,10.711 -1.79062 3.75243,10.711 -1.61594 3.59152,10.711 -1.70058 3.6646,10.711 -1.85911 3.84083,10.711 -1.78816 3.75439,10.711 -1.6105 3.59834,10.711 -1.69868 3.66711,10.711 -1.85215 3.8461,10.711 -1.7856 3.75623,10.711 -1.60541 3.60543,10.711 -1.6969 3.66972,10.711 -1.84494 3.85101,10.711 -1.78295 3.75794,10.711 -1.60067 3.61276,10.711 -1.69526 3.67241,10.711 -1.8375 3.85556,10.711 -1.78022 3.75952,10.711 -1.59631 3.62031,10.711 -1.69375 3.67517,10.711 -1.82983 3.85974,10.711 -1.77742 3.76095,10.711 -1.59233 3.62808,10.711 -1.69238 3.67801,10.711 -1.82197 3.86352,10.711 -1.77455 3.76225,10.711 -1.58874 3.63603,10.711 -1.69116 3.68092,10.711 -1.81393 3.86691,10.711 -1.77161 3.7634,10.711 -1.58555 3.64415,10.711 -1.69008 3.68388,10.711 -1.80573 3.8699,10.711 -1.76863 3.76441,10.711 -1.58277 3.65243,10.711 -1.68915 3.68689,10.711 -1.79739 3.87247,10.711 -1.76559 3.76526,10.711 -1.58041 3.66083,10.711 -1.68838 3.68994,10.711 -1.78894 3.87462,10.711 -1.76252 3.76596,10.711 -1.57847 3.66933,10.711 -1.68775 3.69303,10.711 -1.78038 3.87635,10.711 -1.75942 3.76651,10.711 -1.57695 3.67793,10.711 -1.68728 3.69615,10.711 -1.77176 3.87765,10.711 -1.75629 3.7669,10.711 -1.57587 3.68658,10.711 -1.68697 3.69929,10.711 -1.76307 3.87852,10.711 -1.75315 3.76713,10.711 -1.57521 3.69529,10.711 -1.68681 3.70243,10.711 -1.75436 3.87895,10.711 -1.75 3.76721,10.711 -1.575 3.70401,10.711 -1.68681 3.70558,10.711 -1.74563 3.87895,10.711 -1.74685 3.76713,10.711 -1.57521 3.71273,10.711 -1.68697 3.70873,10.711 -1.73692 3.87852,10.711 -1.7437 3.7669,10.711 -1.57587 3.72143,10.711 -1.68728 3.71187,10.711 -1.72824 3.87765,10.711 -1.74058 3.76651,10.711 -1.57695 3.73009,10.711 -1.68775 3.71498,10.711 -1.71961 3.87635,10.711 -1.73747 3.76596,10.711 -1.57847 3.73868,10.711 -1.68838 3.71807,10.711 -1.71106 3.87462,10.711 -1.7344 3.76526,10.711 -1.58041 3.74719,10.711 -1.68915 3.72113,10.711 -1.7026 3.87247,10.711 -1.73137 3.76441,10.711 -1.58277 3.75559,10.711 -1.69008 3.72414,10.711 -1.69426 3.8699,10.711 -1.72838 3.7634,10.711 -1.58555 3.76386,10.711 -1.69116 3.7271,10.711 -1.68606 3.86691,10.711 -1.72545 3.76225,10.711 -1.58874 3.77198,10.711 -1.69238 3.73,10.711 -1.67802 3.86352,10.711 -1.72257 3.76095,10.711 -1.59233 3.77994,10.711 -1.69375 3.73284,10.711 -1.67016 3.85974,10.711 -1.71977 3.75952,10.711 -1.59631 3.7877,10.711 -1.69526 3.73561,10.711 -1.6625 3.85556,10.711 -1.71704 3.75794,10.711 -1.60067 3.79526,10.711 -1.6969 3.7383,10.711 -1.65505 3.85101,10.711 -1.71439 3.75623,10.711 -1.60541 3.80259,10.711 -1.69868 3.7409,10.711 -1.64784 3.8461,10.711 -1.71183 3.75439,10.711 -1.6105 3.80967,10.711 -1.70058 3.74342,10.711 -1.64089 3.84083,10.711 -1.70937 3.75243,10.711 -1.61594 3.8165,10.711 -1.70261 3.74583,10.711 -1.6342 3.83522,10.711 -1.70701 3.75034,10.711 -1.62171 3.82304,10.711 -1.70475 3.74814,10.711 -1.62781 3.82928]
}}
appearance Appearance{material USE CAP-CERAMIC-05 }}
Shape { geometry IndexedFaceSet 
{ creaseAngle 0.50 coordIndex [0,1,2,-1,2,1,3,-1,3,1,4,-1,1,5,6,-1,7,8,9,-1,9,8,10,-1,10,8,11,-1,12,13,14,-1,12,15,13,-1,5,15,12,-1,13,15,16,-1,17,18,19,-1,19,18,20,-1,20,18,21,-1,21,18,22,-1,22,18,23,-1,23,18,24,-1,24,18,25,-1,25,18,26,-1,26,18,27,-1,27,18,28,-1,28,18,29,-1,29,18,30,-1,31,18,32,-1,32,18,33,-1,33,18,34,-1,35,18,36,-1,36,18,37,-1,38,18,39,-1,39,18,40,-1,40,18,41,-1,41,18,8,-1,11,18,42,-1,42,18,43,-1,43,18,44,-1,44,18,45,-1,45,18,46,-1,46,18,47,-1,47,18,48,-1,48,18,49,-1,49,18,50,-1,50,18,51,-1,51,18,52,-1,52,18,53,-1,53,18,54,-1,54,18,55,-1,55,18,56,-1,56,18,57,-1,57,18,58,-1,58,18,59,-1,59,18,60,-1,60,18,61,-1,62,18,63,-1,63,18,64,-1,64,18,65,-1,65,18,66,-1,66,18,67,-1,67,18,68,-1,68,18,69,-1,69,18,70,-1,70,18,71,-1,71,18,72,-1,72,18,73,-1,73,18,74,-1,74,18,75,-1,75,18,76,-1,76,18,77,-1,77,18,78,-1,78,18,79,-1,79,18,80,-1,80,18,81,-1,81,18,82,-1,82,18,83,-1,83,18,84,-1,84,18,85,-1,85,18,86,-1,86,18,87,-1,87,18,88,-1,88,18,89,-1,89,18,90,-1,90,18,91,-1,91,18,92,-1,92,18,93,-1,93,18,94,-1,94,18,95,-1,95,18,96,-1,96,18,97,-1,97,18,98,-1,98,18,99,-1,99,18,100,-1,100,18,101,-1,101,18,102,-1,102,18,103,-1,103,18,104,-1,104,18,105,-1,30,31,106,-1,105,18,107,-1,107,18,108,-1,108,18,109,-1,109,18,110,-1,110,18,17,-1,111,18,112,-1,112,18,35,-1,30,18,31,-1,61,18,62,-1,8,18,11,-1,34,18,113,-1,113,18,111,-1,37,18,0,-1,1,18,5,-1,0,18,1,-1,5,18,15,-1,114,61,62,-1,34,113,115,-1,113,116,117,-1,116,111,118,-1,113,111,116,-1,111,112,119,-1,119,112,120,-1,120,112,121,-1,112,35,122,-1,122,35,123,-1,37,0,124,-1,124,0,125,-1]
coord Coordinate { point [-1.1 -1.68775 3.71498,-1.1 -1.69116 3.7271,-1.1 -1.68838 3.71807,-1.1 -1.68915 3.72113,-1.1 -1.69008 3.72414,-1.1 -1.69375 3.73284,-1.1 -1.69238 3.73,-1.1 -1.71977 3.75952,-1.1 -1.71704 3.75794,-1.1 -1.72257 3.76095,-1.1 -1.72545 3.76225,-1.1 -1.72838 3.7634,-1.1 -1.69526 3.73561,-1.1 -1.69868 3.7409,-1.1 -1.6969 3.7383,-1.1 -1.70261 3.74583,-1.1 -1.70058 3.74342,-1.1 -1.75 3.6408,-1.1 -1.70475 3.74814,-1.1 -1.74685 3.64088,-1.1 -1.7437 3.64112,-1.1 -1.74058 3.64151,-1.1 -1.73747 3.64206,-1.1 -1.7344 3.64276,-1.1 -1.73137 3.64361,-1.1 -1.72838 3.64462,-1.1 -1.72545 3.64577,-1.1 -1.72257 3.64706,-1.1 -1.71977 3.6485,-1.1 -1.71704 3.65008,-1.1 -1.71439 3.65179,-1.1 -1.70937 3.65559,-1.1 -1.70701 3.65768,-1.1 -1.70475 3.65988,-1.1 -1.70261 3.66219,-1.1 -1.68697 3.69929,-1.1 -1.68681 3.70243,-1.1 -1.68681 3.70558,-1.1 -1.70701 3.75034,-1.1 -1.70937 3.75243,-1.1 -1.71183 3.75439,-1.1 -1.71439 3.75623,-1.1 -1.73137 3.76441,-1.1 -1.7344 3.76526,-1.1 -1.73747 3.76596,-1.1 -1.74058 3.76651,-1.1 -1.7437 3.7669,-1.1 -1.74685 3.76713,-1.1 -1.75 3.76721,-1.1 -1.75315 3.76713,-1.1 -1.75629 3.7669,-1.1 -1.75942 3.76651,-1.1 -1.76252 3.76596,-1.1 -1.76559 3.76526,-1.1 -1.76863 3.76441,-1.1 -1.77161 3.7634,-1.1 -1.77455 3.76225,-1.1 -1.77742 3.76095,-1.1 -1.78022 3.75952,-1.1 -1.78295 3.75794,-1.1 -1.7856 3.75623,-1.1 -1.78816 3.75439,-1.1 -1.79299 3.75034,-1.1 -1.79524 3.74814,-1.1 -1.79739 3.74583,-1.1 -1.79941 3.74342,-1.1 -1.80131 3.7409,-1.1 -1.80309 3.7383,-1.1 -1.80473 3.73561,-1.1 -1.80624 3.73284,-1.1 -1.80761 3.73,-1.1 -1.80883 3.7271,-1.1 -1.80991 3.72414,-1.1 -1.81084 3.72113,-1.1 -1.81162 3.71807,-1.1 -1.81224 3.71498,-1.1 -1.81271 3.71187,-1.1 -1.81302 3.70873,-1.1 -1.81318 3.70558,-1.1 -1.81318 3.70243,-1.1 -1.81302 3.69929,-1.1 -1.81271 3.69615,-1.1 -1.81224 3.69303,-1.1 -1.81162 3.68994,-1.1 -1.81084 3.68689,-1.1 -1.80991 3.68388,-1.1 -1.80883 3.68092,-1.1 -1.80761 3.67801,-1.1 -1.80624 3.67517,-1.1 -1.80473 3.67241,-1.1 -1.80309 3.66972,-1.1 -1.80131 3.66711,-1.1 -1.79941 3.6646,-1.1 -1.79739 3.66219,-1.1 -1.79524 3.65988,-1.1 -1.79299 3.65768,-1.1 -1.79062 3.65559,-1.1 -1.78816 3.65363,-1.1 -1.7856 3.65179,-1.1 -1.78295 3.65008,-1.1 -1.78022 3.6485,-1.1 -1.77742 3.64706,-1.1 -1.77455 3.64577,-1.1 -1.77161 3.64462,-1.1 -1.76863 3.64361,-1.1 -1.76559 3.64276,-1.1 -1.71183 3.65363,-1.1 -1.76252 3.64206,-1.1 -1.75942 3.64151,-1.1 -1.75629 3.64112,-1.1 -1.75315 3.64088,-1.1 -1.69238 3.67801,-1.1 -1.68838 3.68994,-1.1 -1.69868 3.66711,-1.1 -1.79062 3.75243,-1.1 -1.70058 3.6646,-1.1 -1.69526 3.67241,-1.1 -1.6969 3.66972,-1.1 -1.69375 3.67517,-1.1 -1.69116 3.68092,-1.1 -1.69008 3.68388,-1.1 -1.68915 3.68689,-1.1 -1.68775 3.69303,-1.1 -1.68728 3.69615,-1.1 -1.68697 3.70873,-1.1 -1.68728 3.71187]
}}
appearance Appearance{material USE MET-COPPER }}
Shape { geometry IndexedFaceSet 
{ creaseAngle 0.50 coordIndex [0,1,2,-1,0,2,3,-1,0,3,4,-1,5,0,6,-1,7,8,9,-1,7,9,10,-1,7,10,11,-1,12,13,14,-1,15,13,12,-1,15,5,13,-1,15,12,16,-1,17,18,19,-1,17,19,20,-1,17,20,21,-1,17,21,22,-1,17,22,23,-1,17,23,24,-1,17,24,25,-1,17,25,26,-1,17,26,27,-1,17,27,28,-1,17,28,29,-1,17,29,30,-1,17,31,32,-1,17,32,33,-1,17,33,34,-1,17,35,36,-1,17,36,37,-1,17,38,39,-1,17,39,40,-1,17,40,41,-1,17,41,7,-1,17,11,42,-1,17,42,43,-1,17,43,44,-1,17,44,45,-1,17,45,46,-1,17,46,47,-1,17,47,48,-1,17,48,49,-1,17,49,50,-1,17,50,51,-1,17,51,52,-1,17,52,53,-1,17,53,54,-1,17,54,55,-1,17,55,56,-1,17,56,57,-1,17,57,58,-1,17,58,59,-1,17,59,60,-1,17,60,61,-1,17,62,63,-1,17,63,64,-1,17,64,65,-1,17,65,66,-1,17,66,67,-1,17,67,68,-1,17,68,69,-1,17,69,70,-1,17,70,71,-1,17,71,72,-1,17,72,73,-1,17,73,74,-1,17,74,75,-1,17,75,76,-1,17,76,77,-1,17,77,78,-1,17,78,79,-1,17,79,80,-1,17,80,81,-1,17,81,82,-1,17,82,83,-1,17,83,84,-1,17,84,85,-1,17,85,86,-1,17,86,87,-1,17,87,88,-1,17,88,89,-1,17,89,90,-1,17,90,91,-1,17,91,92,-1,17,92,93,-1,17,93,94,-1,17,94,95,-1,17,95,96,-1,17,96,97,-1,17,97,98,-1,17,98,99,-1,17,99,100,-1,17,100,101,-1,17,101,102,-1,17,102,103,-1,17,103,104,-1,17,104,105,-1,31,30,106,-1,17,105,107,-1,17,107,108,-1,17,108,109,-1,17,109,110,-1,17,110,18,-1,17,111,112,-1,17,112,35,-1,17,30,31,-1,17,61,62,-1,17,7,11,-1,17,34,113,-1,17,113,111,-1,17,37,1,-1,17,0,5,-1,17,1,0,-1,17,5,15,-1,61,114,62,-1,113,34,115,-1,116,113,117,-1,111,116,118,-1,111,113,116,-1,112,111,119,-1,112,119,120,-1,112,120,121,-1,35,112,122,-1,35,122,123,-1,1,37,124,-1,1,124,125,-1]
coord Coordinate { point [10.711 -1.69116 3.7271,10.711 -1.68775 3.71498,10.711 -1.68838 3.71807,10.711 -1.68915 3.72113,10.711 -1.69008 3.72414,10.711 -1.69375 3.73284,10.711 -1.69238 3.73,10.711 -1.71704 3.75794,10.711 -1.71977 3.75952,10.711 -1.72257 3.76095,10.711 -1.72545 3.76225,10.711 -1.72838 3.7634,10.711 -1.69868 3.7409,10.711 -1.69526 3.73561,10.711 -1.6969 3.7383,10.711 -1.70261 3.74583,10.711 -1.70058 3.74342,10.711 -1.70475 3.74814,10.711 -1.75 3.6408,10.711 -1.74685 3.64088,10.711 -1.7437 3.64112,10.711 -1.74058 3.64151,10.711 -1.73747 3.64206,10.711 -1.7344 3.64276,10.711 -1.73137 3.64361,10.711 -1.72838 3.64462,10.711 -1.72545 3.64577,10.711 -1.72257 3.64706,10.711 -1.71977 3.6485,10.711 -1.71704 3.65008,10.711 -1.71439 3.65179,10.711 -1.70937 3.65559,10.711 -1.70701 3.65768,10.711 -1.70475 3.65988,10.711 -1.70261 3.66219,10.711 -1.68697 3.69929,10.711 -1.68681 3.70243,10.711 -1.68681 3.70558,10.711 -1.70701 3.75034,10.711 -1.70937 3.75243,10.711 -1.71183 3.75439,10.711 -1.71439 3.75623,10.711 -1.73137 3.76441,10.711 -1.7344 3.76526,10.711 -1.73747 3.76596,10.711 -1.74058 3.76651,10.711 -1.7437 3.7669,10.711 -1.74685 3.76713,10.711 -1.75 3.76721,10.711 -1.75315 3.76713,10.711 -1.75629 3.7669,10.711 -1.75942 3.76651,10.711 -1.76252 3.76596,10.711 -1.76559 3.76526,10.711 -1.76863 3.76441,10.711 -1.77161 3.7634,10.711 -1.77455 3.76225,10.711 -1.77742 3.76095,10.711 -1.78022 3.75952,10.711 -1.78295 3.75794,10.711 -1.7856 3.75623,10.711 -1.78816 3.75439,10.711 -1.79299 3.75034,10.711 -1.79524 3.74814,10.711 -1.79739 3.74583,10.711 -1.79941 3.74342,10.711 -1.80131 3.7409,10.711 -1.80309 3.7383,10.711 -1.80473 3.73561,10.711 -1.80624 3.73284,10.711 -1.80761 3.73,10.711 -1.80883 3.7271,10.711 -1.80991 3.72414,10.711 -1.81084 3.72113,10.711 -1.81162 3.71807,10.711 -1.81224 3.71498,10.711 -1.81271 3.71187,10.711 -1.81302 3.70873,10.711 -1.81318 3.70558,10.711 -1.81318 3.70243,10.711 -1.81302 3.69929,10.711 -1.81271 3.69615,10.711 -1.81224 3.69303,10.711 -1.81162 3.68994,10.711 -1.81084 3.68689,10.711 -1.80991 3.68388,10.711 -1.80883 3.68092,10.711 -1.80761 3.67801,10.711 -1.80624 3.67517,10.711 -1.80473 3.67241,10.711 -1.80309 3.66972,10.711 -1.80131 3.66711,10.711 -1.79941 3.6646,10.711 -1.79739 3.66219,10.711 -1.79524 3.65988,10.711 -1.79299 3.65768,10.711 -1.79062 3.65559,10.711 -1.78816 3.65363,10.711 -1.7856 3.65179,10.711 -1.78295 3.65008,10.711 -1.78022 3.6485,10.711 -1.77742 3.64706,10.711 -1.77455 3.64577,10.711 -1.77161 3.64462,10.711 -1.76863 3.64361,10.711 -1.76559 3.64276,10.711 -1.71183 3.65363,10.711 -1.76252 3.64206,10.711 -1.75942 3.64151,10.711 -1.75629 3.64112,10.711 -1.75315 3.64088,10.711 -1.69238 3.67801,10.711 -1.68838 3.68994,10.711 -1.69868 3.66711,10.711 -1.79062 3.75243,10.711 -1.70058 3.6646,10.711 -1.69526 3.67241,10.711 -1.6969 3.66972,10.711 -1.69375 3.67517,10.711 -1.69116 3.68092,10.711 -1.69008 3.68388,10.711 -1.68915 3.68689,10.711 -1.68775 3.69303,10.711 -1.68728 3.69615,10.711 -1.68697 3.70873,10.711 -1.68728 3.71187]
}}
appearance Appearance{material USE MET-COPPER }}
