ISO-10303-21;
HEADER;
FILE_DESCRIPTION(('FreeCAD Model'),'2;1');
FILE_NAME('Open CASCADE Shape Model','2025-07-25T08:24:28',(
    'Peter S. Hollander'),('https://gitlab.com/recursivenomad/'),
  'Open CASCADE STEP processor 7.8','FreeCAD','Unknown');
FILE_SCHEMA(('AUTOMOTIVE_DESIGN { 1 0 10303 214 1 1 1 1 }'));
ENDSEC;
DATA;
#1 = APPLICATION_PROTOCOL_DEFINITION('international standard',
  'automotive_design',2000,#2);
#2 = APPLICATION_CONTEXT(
  'core data for automotive mechanical design processes');
#3 = SHAPE_DEFINITION_REPRESENTATION(#4,#10);
#4 = PRODUCT_DEFINITION_SHAPE('','',#5);
#5 = PRODUCT_DEFINITION('design','',#6,#9);
#6 = PRODUCT_DEFINITION_FORMATION('','',#7);
#7 = PRODUCT('IDSD-04-D-XX.XX_Source','IDSD-04-D-XX.XX_Source','',(#8));
#8 = PRODUCT_CONTEXT('',#2,'mechanical');
#9 = PRODUCT_DEFINITION_CONTEXT('part definition',#2,'design');
#10 = SHAPE_REPRESENTATION('',(#11,#15,#19,#23),#27);
#11 = AXIS2_PLACEMENT_3D('',#12,#13,#14);
#12 = CARTESIAN_POINT('',(0.,0.,0.));
#13 = DIRECTION('',(0.,0.,1.));
#14 = DIRECTION('',(1.,0.,-0.));
#15 = AXIS2_PLACEMENT_3D('',#16,#17,#18);
#16 = CARTESIAN_POINT('',(-1.27,3.81,2.54));
#17 = DIRECTION('',(-0.,0.,1.));
#18 = DIRECTION('',(0.,-1.,0.));
#19 = AXIS2_PLACEMENT_3D('',#20,#21,#22);
#20 = CARTESIAN_POINT('',(-1.27,3.81,2.54));
#21 = DIRECTION('',(-0.,0.,1.));
#22 = DIRECTION('',(0.,-1.,0.));
#23 = AXIS2_PLACEMENT_3D('',#24,#25,#26);
#24 = CARTESIAN_POINT('',(0.,0.,0.));
#25 = DIRECTION('',(0.,0.,1.));
#26 = DIRECTION('',(1.,0.,0.));
#27 = ( GEOMETRIC_REPRESENTATION_CONTEXT(3) 
GLOBAL_UNCERTAINTY_ASSIGNED_CONTEXT((#31)) GLOBAL_UNIT_ASSIGNED_CONTEXT(
(#28,#29,#30)) REPRESENTATION_CONTEXT('Context #1',
  '3D Context with UNIT and UNCERTAINTY') );
#28 = ( LENGTH_UNIT() NAMED_UNIT(*) SI_UNIT(.MILLI.,.METRE.) );
#29 = ( NAMED_UNIT(*) PLANE_ANGLE_UNIT() SI_UNIT($,.RADIAN.) );
#30 = ( NAMED_UNIT(*) SI_UNIT($,.STERADIAN.) SOLID_ANGLE_UNIT() );
#31 = UNCERTAINTY_MEASURE_WITH_UNIT(LENGTH_MEASURE(1.E-05),#28,
  'distance_accuracy_value','confusion accuracy');
#32 = PRODUCT_RELATED_PRODUCT_CATEGORY('part',$,(#7));
#33 = SHAPE_DEFINITION_REPRESENTATION(#34,#40);
#34 = PRODUCT_DEFINITION_SHAPE('','',#35);
#35 = PRODUCT_DEFINITION('design','',#36,#39);
#36 = PRODUCT_DEFINITION_FORMATION('','',#37);
#37 = PRODUCT('IDSD-04-D-XX.XX_Plug_Base','IDSD-04-D-XX.XX_Plug_Base',''
  ,(#38));
#38 = PRODUCT_CONTEXT('',#2,'mechanical');
#39 = PRODUCT_DEFINITION_CONTEXT('part definition',#2,'design');
#40 = ADVANCED_BREP_SHAPE_REPRESENTATION('',(#11,#41),#3301);
#41 = MANIFOLD_SOLID_BREP('',#42);
#42 = CLOSED_SHELL('',(#43,#691,#714,#738,#754,#812,#828,#845,#856,#880,
    #904,#928,#952,#976,#1000,#1024,#1048,#1072,#1096,#1120,#1144,#1168,
    #1192,#1262,#1278,#1295,#1306,#1322,#1339,#1350,#1374,#1398,#1422,
    #1446,#1470,#1494,#1518,#1542,#1566,#1590,#1614,#1638,#1662,#1679,
    #1710,#1734,#1758,#1775,#1806,#1830,#1854,#1871,#1902,#1926,#1950,
    #1967,#1998,#2022,#2046,#2063,#2094,#2118,#2142,#2159,#2190,#2214,
    #2238,#2255,#2286,#2310,#2334,#2351,#2382,#2406,#2430,#2447,#2757,
    #2779,#2796,#2813,#2825,#2847,#2864,#2881,#2893,#2915,#2932,#2949,
    #2961,#2983,#3000,#3017,#3029,#3051,#3068,#3085,#3097,#3119,#3136,
    #3153,#3165,#3187,#3204,#3221,#3233,#3255,#3272,#3289));
#43 = ADVANCED_FACE('',(#44,#414,#448,#482,#516,#550,#584,#618,#652),
  #686,.F.);
#44 = FACE_BOUND('',#45,.F.);
#45 = EDGE_LOOP('',(#46,#56,#64,#72,#80,#88,#96,#104,#112,#120,#128,#136
    ,#144,#152,#160,#168,#176,#184,#192,#200,#208,#216,#224,#232,#240,
    #248,#256,#264,#272,#280,#288,#296,#304,#312,#320,#328,#336,#344,
    #352,#360,#368,#376,#384,#392,#400,#408));
#46 = ORIENTED_EDGE('',*,*,#47,.T.);
#47 = EDGE_CURVE('',#48,#50,#52,.T.);
#48 = VERTEX_POINT('',#49);
#49 = CARTESIAN_POINT('',(9.398,3.301999999999,-1.E-15));
#50 = VERTEX_POINT('',#51);
#51 = CARTESIAN_POINT('',(9.64,3.301999999999,0.));
#52 = LINE('',#53,#54);
#53 = CARTESIAN_POINT('',(9.779,3.301999999999,-9.E-16));
#54 = VECTOR('',#55,1.);
#55 = DIRECTION('',(1.,0.,0.));
#56 = ORIENTED_EDGE('',*,*,#57,.T.);
#57 = EDGE_CURVE('',#50,#58,#60,.T.);
#58 = VERTEX_POINT('',#59);
#59 = CARTESIAN_POINT('',(9.64,3.556,0.));
#60 = LINE('',#61,#62);
#61 = CARTESIAN_POINT('',(9.64,-1.27,0.));
#62 = VECTOR('',#63,1.);
#63 = DIRECTION('',(0.,1.,0.));
#64 = ORIENTED_EDGE('',*,*,#65,.T.);
#65 = EDGE_CURVE('',#58,#66,#68,.T.);
#66 = VERTEX_POINT('',#67);
#67 = CARTESIAN_POINT('',(9.513,3.81,0.));
#68 = LINE('',#69,#70);
#69 = CARTESIAN_POINT('',(9.5142,3.8076,-1.78E-15));
#70 = VECTOR('',#71,1.);
#71 = DIRECTION('',(-0.4472135955,0.894427191,0.));
#72 = ORIENTED_EDGE('',*,*,#73,.T.);
#73 = EDGE_CURVE('',#66,#74,#76,.T.);
#74 = VERTEX_POINT('',#75);
#75 = CARTESIAN_POINT('',(7.227,3.81,0.));
#76 = LINE('',#77,#78);
#77 = CARTESIAN_POINT('',(9.64,3.81,0.));
#78 = VECTOR('',#79,1.);
#79 = DIRECTION('',(-1.,0.,0.));
#80 = ORIENTED_EDGE('',*,*,#81,.T.);
#81 = EDGE_CURVE('',#74,#82,#84,.T.);
#82 = VERTEX_POINT('',#83);
#83 = CARTESIAN_POINT('',(7.1,3.556,0.));
#84 = LINE('',#85,#86);
#85 = CARTESIAN_POINT('',(6.3773,2.1106,-1.78E-15));
#86 = VECTOR('',#87,1.);
#87 = DIRECTION('',(-0.4472135955,-0.894427191,0.));
#88 = ORIENTED_EDGE('',*,*,#89,.T.);
#89 = EDGE_CURVE('',#82,#90,#92,.T.);
#90 = VERTEX_POINT('',#91);
#91 = CARTESIAN_POINT('',(6.973,3.81,0.));
#92 = LINE('',#93,#94);
#93 = CARTESIAN_POINT('',(7.2282,3.2996,-1.78E-15));
#94 = VECTOR('',#95,1.);
#95 = DIRECTION('',(-0.4472135955,0.894427191,0.));
#96 = ORIENTED_EDGE('',*,*,#97,.T.);
#97 = EDGE_CURVE('',#90,#98,#100,.T.);
#98 = VERTEX_POINT('',#99);
#99 = CARTESIAN_POINT('',(4.687,3.81,0.));
#100 = LINE('',#101,#102);
#101 = CARTESIAN_POINT('',(9.64,3.81,0.));
#102 = VECTOR('',#103,1.);
#103 = DIRECTION('',(-1.,0.,0.));
#104 = ORIENTED_EDGE('',*,*,#105,.T.);
#105 = EDGE_CURVE('',#98,#106,#108,.T.);
#106 = VERTEX_POINT('',#107);
#107 = CARTESIAN_POINT('',(4.56,3.556,0.));
#108 = LINE('',#109,#110);
#109 = CARTESIAN_POINT('',(4.0913,2.6186,-1.78E-15));
#110 = VECTOR('',#111,1.);
#111 = DIRECTION('',(-0.4472135955,-0.894427191,0.));
#112 = ORIENTED_EDGE('',*,*,#113,.T.);
#113 = EDGE_CURVE('',#106,#114,#116,.T.);
#114 = VERTEX_POINT('',#115);
#115 = CARTESIAN_POINT('',(4.433,3.81,0.));
#116 = LINE('',#117,#118);
#117 = CARTESIAN_POINT('',(4.9422,2.7916,-1.78E-15));
#118 = VECTOR('',#119,1.);
#119 = DIRECTION('',(-0.4472135955,0.894427191,0.));
#120 = ORIENTED_EDGE('',*,*,#121,.T.);
#121 = EDGE_CURVE('',#114,#122,#124,.T.);
#122 = VERTEX_POINT('',#123);
#123 = CARTESIAN_POINT('',(2.147,3.81,0.));
#124 = LINE('',#125,#126);
#125 = CARTESIAN_POINT('',(9.64,3.81,0.));
#126 = VECTOR('',#127,1.);
#127 = DIRECTION('',(-1.,0.,0.));
#128 = ORIENTED_EDGE('',*,*,#129,.T.);
#129 = EDGE_CURVE('',#122,#130,#132,.T.);
#130 = VERTEX_POINT('',#131);
#131 = CARTESIAN_POINT('',(2.02,3.556,0.));
#132 = LINE('',#133,#134);
#133 = CARTESIAN_POINT('',(1.8053,3.1266,-1.78E-15));
#134 = VECTOR('',#135,1.);
#135 = DIRECTION('',(-0.4472135955,-0.894427191,0.));
#136 = ORIENTED_EDGE('',*,*,#137,.T.);
#137 = EDGE_CURVE('',#130,#138,#140,.T.);
#138 = VERTEX_POINT('',#139);
#139 = CARTESIAN_POINT('',(1.893,3.81,0.));
#140 = LINE('',#141,#142);
#141 = CARTESIAN_POINT('',(2.6562,2.2836,-1.78E-15));
#142 = VECTOR('',#143,1.);
#143 = DIRECTION('',(-0.4472135955,0.894427191,0.));
#144 = ORIENTED_EDGE('',*,*,#145,.T.);
#145 = EDGE_CURVE('',#138,#146,#148,.T.);
#146 = VERTEX_POINT('',#147);
#147 = CARTESIAN_POINT('',(-0.393,3.81,0.));
#148 = LINE('',#149,#150);
#149 = CARTESIAN_POINT('',(9.64,3.81,0.));
#150 = VECTOR('',#151,1.);
#151 = DIRECTION('',(-1.,0.,0.));
#152 = ORIENTED_EDGE('',*,*,#153,.T.);
#153 = EDGE_CURVE('',#146,#154,#156,.T.);
#154 = VERTEX_POINT('',#155);
#155 = CARTESIAN_POINT('',(-0.52,3.556,0.));
#156 = LINE('',#157,#158);
#157 = CARTESIAN_POINT('',(-0.4807,3.6346,-1.78E-15));
#158 = VECTOR('',#159,1.);
#159 = DIRECTION('',(-0.4472135955,-0.894427191,0.));
#160 = ORIENTED_EDGE('',*,*,#161,.T.);
#161 = EDGE_CURVE('',#154,#162,#164,.T.);
#162 = VERTEX_POINT('',#163);
#163 = CARTESIAN_POINT('',(-0.647,3.81,0.));
#164 = LINE('',#165,#166);
#165 = CARTESIAN_POINT('',(0.3702,1.7756,-1.78E-15));
#166 = VECTOR('',#167,1.);
#167 = DIRECTION('',(-0.4472135955,0.894427191,0.));
#168 = ORIENTED_EDGE('',*,*,#169,.T.);
#169 = EDGE_CURVE('',#162,#170,#172,.T.);
#170 = VERTEX_POINT('',#171);
#171 = CARTESIAN_POINT('',(-2.02,3.81,0.));
#172 = LINE('',#173,#174);
#173 = CARTESIAN_POINT('',(9.64,3.81,0.));
#174 = VECTOR('',#175,1.);
#175 = DIRECTION('',(-1.,0.,0.));
#176 = ORIENTED_EDGE('',*,*,#177,.T.);
#177 = EDGE_CURVE('',#170,#178,#180,.T.);
#178 = VERTEX_POINT('',#179);
#179 = CARTESIAN_POINT('',(-2.02,3.301999999999,0.));
#180 = LINE('',#181,#182);
#181 = CARTESIAN_POINT('',(-2.02,3.81,0.));
#182 = VECTOR('',#183,1.);
#183 = DIRECTION('',(-1.7E-16,-1.,0.));
#184 = ORIENTED_EDGE('',*,*,#185,.T.);
#185 = EDGE_CURVE('',#178,#186,#188,.T.);
#186 = VERTEX_POINT('',#187);
#187 = CARTESIAN_POINT('',(-1.778,3.301999999999,-1.E-15));
#188 = LINE('',#189,#190);
#189 = CARTESIAN_POINT('',(-2.921,3.301999999999,-9.E-16));
#190 = VECTOR('',#191,1.);
#191 = DIRECTION('',(1.,0.,0.));
#192 = ORIENTED_EDGE('',*,*,#193,.T.);
#193 = EDGE_CURVE('',#186,#194,#196,.T.);
#194 = VERTEX_POINT('',#195);
#195 = CARTESIAN_POINT('',(-1.778,1.778000000001,0.));
#196 = LINE('',#197,#198);
#197 = CARTESIAN_POINT('',(-1.778,2.920999999999,-7.3E-16));
#198 = VECTOR('',#199,1.);
#199 = DIRECTION('',(0.,-1.,4.4E-16));
#200 = ORIENTED_EDGE('',*,*,#201,.T.);
#201 = EDGE_CURVE('',#194,#202,#204,.T.);
#202 = VERTEX_POINT('',#203);
#203 = CARTESIAN_POINT('',(-2.02,1.778000000001,0.));
#204 = LINE('',#205,#206);
#205 = CARTESIAN_POINT('',(-2.159,1.778000000001,-2.3E-16));
#206 = VECTOR('',#207,1.);
#207 = DIRECTION('',(-1.,-7.E-17,0.));
#208 = ORIENTED_EDGE('',*,*,#209,.T.);
#209 = EDGE_CURVE('',#202,#210,#212,.T.);
#210 = VERTEX_POINT('',#211);
#211 = CARTESIAN_POINT('',(-2.02,0.761999999999,0.));
#212 = LINE('',#213,#214);
#213 = CARTESIAN_POINT('',(-2.02,3.81,0.));
#214 = VECTOR('',#215,1.);
#215 = DIRECTION('',(-1.7E-16,-1.,0.));
#216 = ORIENTED_EDGE('',*,*,#217,.F.);
#217 = EDGE_CURVE('',#218,#210,#220,.T.);
#218 = VERTEX_POINT('',#219);
#219 = CARTESIAN_POINT('',(-1.778,0.761999999999,0.));
#220 = LINE('',#221,#222);
#221 = CARTESIAN_POINT('',(-2.159,0.761999999999,0.));
#222 = VECTOR('',#223,1.);
#223 = DIRECTION('',(-1.,7.E-17,0.));
#224 = ORIENTED_EDGE('',*,*,#225,.F.);
#225 = EDGE_CURVE('',#226,#218,#228,.T.);
#226 = VERTEX_POINT('',#227);
#227 = CARTESIAN_POINT('',(-1.778,-0.761999999999,0.));
#228 = LINE('',#229,#230);
#229 = CARTESIAN_POINT('',(-1.778,-0.380999999999,0.));
#230 = VECTOR('',#231,1.);
#231 = DIRECTION('',(0.,1.,0.));
#232 = ORIENTED_EDGE('',*,*,#233,.F.);
#233 = EDGE_CURVE('',#234,#226,#236,.T.);
#234 = VERTEX_POINT('',#235);
#235 = CARTESIAN_POINT('',(-2.02,-0.761999999999,0.));
#236 = LINE('',#237,#238);
#237 = CARTESIAN_POINT('',(-2.921,-0.761999999999,0.));
#238 = VECTOR('',#239,1.);
#239 = DIRECTION('',(1.,0.,0.));
#240 = ORIENTED_EDGE('',*,*,#241,.T.);
#241 = EDGE_CURVE('',#234,#242,#244,.T.);
#242 = VERTEX_POINT('',#243);
#243 = CARTESIAN_POINT('',(-2.02,-1.27,0.));
#244 = LINE('',#245,#246);
#245 = CARTESIAN_POINT('',(-2.02,3.81,0.));
#246 = VECTOR('',#247,1.);
#247 = DIRECTION('',(-1.7E-16,-1.,0.));
#248 = ORIENTED_EDGE('',*,*,#249,.T.);
#249 = EDGE_CURVE('',#242,#250,#252,.T.);
#250 = VERTEX_POINT('',#251);
#251 = CARTESIAN_POINT('',(-0.647,-1.27,0.));
#252 = LINE('',#253,#254);
#253 = CARTESIAN_POINT('',(-2.02,-1.27,0.));
#254 = VECTOR('',#255,1.);
#255 = DIRECTION('',(1.,0.,0.));
#256 = ORIENTED_EDGE('',*,*,#257,.F.);
#257 = EDGE_CURVE('',#258,#250,#260,.T.);
#258 = VERTEX_POINT('',#259);
#259 = CARTESIAN_POINT('',(-0.52,-1.016,0.));
#260 = LINE('',#261,#262);
#261 = CARTESIAN_POINT('',(0.3702,0.7644,-1.78E-15));
#262 = VECTOR('',#263,1.);
#263 = DIRECTION('',(-0.4472135955,-0.894427191,0.));
#264 = ORIENTED_EDGE('',*,*,#265,.F.);
#265 = EDGE_CURVE('',#266,#258,#268,.T.);
#266 = VERTEX_POINT('',#267);
#267 = CARTESIAN_POINT('',(-0.393,-1.27,0.));
#268 = LINE('',#269,#270);
#269 = CARTESIAN_POINT('',(-0.4807,-1.0946,-1.78E-15));
#270 = VECTOR('',#271,1.);
#271 = DIRECTION('',(-0.4472135955,0.894427191,0.));
#272 = ORIENTED_EDGE('',*,*,#273,.T.);
#273 = EDGE_CURVE('',#266,#274,#276,.T.);
#274 = VERTEX_POINT('',#275);
#275 = CARTESIAN_POINT('',(1.893,-1.27,0.));
#276 = LINE('',#277,#278);
#277 = CARTESIAN_POINT('',(-2.02,-1.27,0.));
#278 = VECTOR('',#279,1.);
#279 = DIRECTION('',(1.,0.,0.));
#280 = ORIENTED_EDGE('',*,*,#281,.F.);
#281 = EDGE_CURVE('',#282,#274,#284,.T.);
#282 = VERTEX_POINT('',#283);
#283 = CARTESIAN_POINT('',(2.02,-1.016,0.));
#284 = LINE('',#285,#286);
#285 = CARTESIAN_POINT('',(2.6562,0.2564,-1.78E-15));
#286 = VECTOR('',#287,1.);
#287 = DIRECTION('',(-0.4472135955,-0.894427191,0.));
#288 = ORIENTED_EDGE('',*,*,#289,.F.);
#289 = EDGE_CURVE('',#290,#282,#292,.T.);
#290 = VERTEX_POINT('',#291);
#291 = CARTESIAN_POINT('',(2.147,-1.27,0.));
#292 = LINE('',#293,#294);
#293 = CARTESIAN_POINT('',(1.8053,-0.5866,-1.78E-15));
#294 = VECTOR('',#295,1.);
#295 = DIRECTION('',(-0.4472135955,0.894427191,0.));
#296 = ORIENTED_EDGE('',*,*,#297,.T.);
#297 = EDGE_CURVE('',#290,#298,#300,.T.);
#298 = VERTEX_POINT('',#299);
#299 = CARTESIAN_POINT('',(4.433,-1.27,0.));
#300 = LINE('',#301,#302);
#301 = CARTESIAN_POINT('',(-2.02,-1.27,0.));
#302 = VECTOR('',#303,1.);
#303 = DIRECTION('',(1.,0.,0.));
#304 = ORIENTED_EDGE('',*,*,#305,.F.);
#305 = EDGE_CURVE('',#306,#298,#308,.T.);
#306 = VERTEX_POINT('',#307);
#307 = CARTESIAN_POINT('',(4.56,-1.016,0.));
#308 = LINE('',#309,#310);
#309 = CARTESIAN_POINT('',(4.9422,-0.2516,-1.78E-15));
#310 = VECTOR('',#311,1.);
#311 = DIRECTION('',(-0.4472135955,-0.894427191,0.));
#312 = ORIENTED_EDGE('',*,*,#313,.F.);
#313 = EDGE_CURVE('',#314,#306,#316,.T.);
#314 = VERTEX_POINT('',#315);
#315 = CARTESIAN_POINT('',(4.687,-1.27,0.));
#316 = LINE('',#317,#318);
#317 = CARTESIAN_POINT('',(4.0913,-7.86E-02,-1.78E-15));
#318 = VECTOR('',#319,1.);
#319 = DIRECTION('',(-0.4472135955,0.894427191,0.));
#320 = ORIENTED_EDGE('',*,*,#321,.T.);
#321 = EDGE_CURVE('',#314,#322,#324,.T.);
#322 = VERTEX_POINT('',#323);
#323 = CARTESIAN_POINT('',(6.973,-1.27,0.));
#324 = LINE('',#325,#326);
#325 = CARTESIAN_POINT('',(-2.02,-1.27,0.));
#326 = VECTOR('',#327,1.);
#327 = DIRECTION('',(1.,0.,0.));
#328 = ORIENTED_EDGE('',*,*,#329,.F.);
#329 = EDGE_CURVE('',#330,#322,#332,.T.);
#330 = VERTEX_POINT('',#331);
#331 = CARTESIAN_POINT('',(7.1,-1.016,0.));
#332 = LINE('',#333,#334);
#333 = CARTESIAN_POINT('',(7.2282,-0.7596,-1.78E-15));
#334 = VECTOR('',#335,1.);
#335 = DIRECTION('',(-0.4472135955,-0.894427191,0.));
#336 = ORIENTED_EDGE('',*,*,#337,.F.);
#337 = EDGE_CURVE('',#338,#330,#340,.T.);
#338 = VERTEX_POINT('',#339);
#339 = CARTESIAN_POINT('',(7.227,-1.27,0.));
#340 = LINE('',#341,#342);
#341 = CARTESIAN_POINT('',(6.3773,0.4294,-1.78E-15));
#342 = VECTOR('',#343,1.);
#343 = DIRECTION('',(-0.4472135955,0.894427191,0.));
#344 = ORIENTED_EDGE('',*,*,#345,.T.);
#345 = EDGE_CURVE('',#338,#346,#348,.T.);
#346 = VERTEX_POINT('',#347);
#347 = CARTESIAN_POINT('',(9.513,-1.27,0.));
#348 = LINE('',#349,#350);
#349 = CARTESIAN_POINT('',(-2.02,-1.27,0.));
#350 = VECTOR('',#351,1.);
#351 = DIRECTION('',(1.,0.,0.));
#352 = ORIENTED_EDGE('',*,*,#353,.F.);
#353 = EDGE_CURVE('',#354,#346,#356,.T.);
#354 = VERTEX_POINT('',#355);
#355 = CARTESIAN_POINT('',(9.64,-1.016,0.));
#356 = LINE('',#357,#358);
#357 = CARTESIAN_POINT('',(9.5142,-1.2676,-1.78E-15));
#358 = VECTOR('',#359,1.);
#359 = DIRECTION('',(-0.4472135955,-0.894427191,0.));
#360 = ORIENTED_EDGE('',*,*,#361,.T.);
#361 = EDGE_CURVE('',#354,#362,#364,.T.);
#362 = VERTEX_POINT('',#363);
#363 = CARTESIAN_POINT('',(9.64,-0.761999999999,0.));
#364 = LINE('',#365,#366);
#365 = CARTESIAN_POINT('',(9.64,-1.27,0.));
#366 = VECTOR('',#367,1.);
#367 = DIRECTION('',(0.,1.,0.));
#368 = ORIENTED_EDGE('',*,*,#369,.F.);
#369 = EDGE_CURVE('',#370,#362,#372,.T.);
#370 = VERTEX_POINT('',#371);
#371 = CARTESIAN_POINT('',(9.398,-0.761999999999,0.));
#372 = LINE('',#373,#374);
#373 = CARTESIAN_POINT('',(9.779,-0.761999999999,0.));
#374 = VECTOR('',#375,1.);
#375 = DIRECTION('',(1.,0.,0.));
#376 = ORIENTED_EDGE('',*,*,#377,.F.);
#377 = EDGE_CURVE('',#378,#370,#380,.T.);
#378 = VERTEX_POINT('',#379);
#379 = CARTESIAN_POINT('',(9.398,0.761999999999,0.));
#380 = LINE('',#381,#382);
#381 = CARTESIAN_POINT('',(9.398,0.380999999999,0.));
#382 = VECTOR('',#383,1.);
#383 = DIRECTION('',(0.,-1.,0.));
#384 = ORIENTED_EDGE('',*,*,#385,.F.);
#385 = EDGE_CURVE('',#386,#378,#388,.T.);
#386 = VERTEX_POINT('',#387);
#387 = CARTESIAN_POINT('',(9.64,0.761999999999,0.));
#388 = LINE('',#389,#390);
#389 = CARTESIAN_POINT('',(10.541,0.761999999999,0.));
#390 = VECTOR('',#391,1.);
#391 = DIRECTION('',(-1.,7.E-17,0.));
#392 = ORIENTED_EDGE('',*,*,#393,.T.);
#393 = EDGE_CURVE('',#386,#394,#396,.T.);
#394 = VERTEX_POINT('',#395);
#395 = CARTESIAN_POINT('',(9.64,1.778000000001,0.));
#396 = LINE('',#397,#398);
#397 = CARTESIAN_POINT('',(9.64,-1.27,0.));
#398 = VECTOR('',#399,1.);
#399 = DIRECTION('',(0.,1.,0.));
#400 = ORIENTED_EDGE('',*,*,#401,.T.);
#401 = EDGE_CURVE('',#394,#402,#404,.T.);
#402 = VERTEX_POINT('',#403);
#403 = CARTESIAN_POINT('',(9.398,1.778000000001,0.));
#404 = LINE('',#405,#406);
#405 = CARTESIAN_POINT('',(10.541,1.778000000001,-2.3E-16));
#406 = VECTOR('',#407,1.);
#407 = DIRECTION('',(-1.,-7.E-17,0.));
#408 = ORIENTED_EDGE('',*,*,#409,.T.);
#409 = EDGE_CURVE('',#402,#48,#410,.T.);
#410 = LINE('',#411,#412);
#411 = CARTESIAN_POINT('',(9.398,2.159000000001,-3.9E-16));
#412 = VECTOR('',#413,1.);
#413 = DIRECTION('',(0.,1.,-4.4E-16));
#414 = FACE_BOUND('',#415,.F.);
#415 = EDGE_LOOP('',(#416,#426,#434,#442));
#416 = ORIENTED_EDGE('',*,*,#417,.F.);
#417 = EDGE_CURVE('',#418,#420,#422,.T.);
#418 = VERTEX_POINT('',#419);
#419 = CARTESIAN_POINT('',(0.762,0.761999999999,0.));
#420 = VERTEX_POINT('',#421);
#421 = CARTESIAN_POINT('',(-0.762,0.761999999999,0.));
#422 = LINE('',#423,#424);
#423 = CARTESIAN_POINT('',(0.381,0.761999999999,0.));
#424 = VECTOR('',#425,1.);
#425 = DIRECTION('',(-1.,7.E-17,0.));
#426 = ORIENTED_EDGE('',*,*,#427,.F.);
#427 = EDGE_CURVE('',#428,#418,#430,.T.);
#428 = VERTEX_POINT('',#429);
#429 = CARTESIAN_POINT('',(0.762,-0.761999999999,0.));
#430 = LINE('',#431,#432);
#431 = CARTESIAN_POINT('',(0.762,-0.380999999999,0.));
#432 = VECTOR('',#433,1.);
#433 = DIRECTION('',(0.,1.,0.));
#434 = ORIENTED_EDGE('',*,*,#435,.F.);
#435 = EDGE_CURVE('',#436,#428,#438,.T.);
#436 = VERTEX_POINT('',#437);
#437 = CARTESIAN_POINT('',(-0.762,-0.761999999999,0.));
#438 = LINE('',#439,#440);
#439 = CARTESIAN_POINT('',(-0.381,-0.761999999999,0.));
#440 = VECTOR('',#441,1.);
#441 = DIRECTION('',(1.,0.,0.));
#442 = ORIENTED_EDGE('',*,*,#443,.F.);
#443 = EDGE_CURVE('',#420,#436,#444,.T.);
#444 = LINE('',#445,#446);
#445 = CARTESIAN_POINT('',(-0.762,0.380999999999,0.));
#446 = VECTOR('',#447,1.);
#447 = DIRECTION('',(0.,-1.,0.));
#448 = FACE_BOUND('',#449,.F.);
#449 = EDGE_LOOP('',(#450,#460,#468,#476));
#450 = ORIENTED_EDGE('',*,*,#451,.F.);
#451 = EDGE_CURVE('',#452,#454,#456,.T.);
#452 = VERTEX_POINT('',#453);
#453 = CARTESIAN_POINT('',(3.302,-0.761999999999,0.));
#454 = VERTEX_POINT('',#455);
#455 = CARTESIAN_POINT('',(3.302,0.761999999999,0.));
#456 = LINE('',#457,#458);
#457 = CARTESIAN_POINT('',(3.302,-0.380999999999,0.));
#458 = VECTOR('',#459,1.);
#459 = DIRECTION('',(0.,1.,0.));
#460 = ORIENTED_EDGE('',*,*,#461,.F.);
#461 = EDGE_CURVE('',#462,#452,#464,.T.);
#462 = VERTEX_POINT('',#463);
#463 = CARTESIAN_POINT('',(1.778,-0.761999999999,0.));
#464 = LINE('',#465,#466);
#465 = CARTESIAN_POINT('',(2.159,-0.761999999999,0.));
#466 = VECTOR('',#467,1.);
#467 = DIRECTION('',(1.,0.,0.));
#468 = ORIENTED_EDGE('',*,*,#469,.F.);
#469 = EDGE_CURVE('',#470,#462,#472,.T.);
#470 = VERTEX_POINT('',#471);
#471 = CARTESIAN_POINT('',(1.778,0.761999999999,0.));
#472 = LINE('',#473,#474);
#473 = CARTESIAN_POINT('',(1.778,0.380999999999,0.));
#474 = VECTOR('',#475,1.);
#475 = DIRECTION('',(0.,-1.,0.));
#476 = ORIENTED_EDGE('',*,*,#477,.F.);
#477 = EDGE_CURVE('',#454,#470,#478,.T.);
#478 = LINE('',#479,#480);
#479 = CARTESIAN_POINT('',(2.921,0.761999999999,0.));
#480 = VECTOR('',#481,1.);
#481 = DIRECTION('',(-1.,7.E-17,0.));
#482 = FACE_BOUND('',#483,.F.);
#483 = EDGE_LOOP('',(#484,#494,#502,#510));
#484 = ORIENTED_EDGE('',*,*,#485,.F.);
#485 = EDGE_CURVE('',#486,#488,#490,.T.);
#486 = VERTEX_POINT('',#487);
#487 = CARTESIAN_POINT('',(5.842,-0.761999999999,0.));
#488 = VERTEX_POINT('',#489);
#489 = CARTESIAN_POINT('',(5.842,0.761999999999,0.));
#490 = LINE('',#491,#492);
#491 = CARTESIAN_POINT('',(5.842,-0.380999999999,0.));
#492 = VECTOR('',#493,1.);
#493 = DIRECTION('',(0.,1.,0.));
#494 = ORIENTED_EDGE('',*,*,#495,.F.);
#495 = EDGE_CURVE('',#496,#486,#498,.T.);
#496 = VERTEX_POINT('',#497);
#497 = CARTESIAN_POINT('',(4.318,-0.761999999999,0.));
#498 = LINE('',#499,#500);
#499 = CARTESIAN_POINT('',(4.699,-0.761999999999,0.));
#500 = VECTOR('',#501,1.);
#501 = DIRECTION('',(1.,0.,0.));
#502 = ORIENTED_EDGE('',*,*,#503,.F.);
#503 = EDGE_CURVE('',#504,#496,#506,.T.);
#504 = VERTEX_POINT('',#505);
#505 = CARTESIAN_POINT('',(4.318,0.761999999999,0.));
#506 = LINE('',#507,#508);
#507 = CARTESIAN_POINT('',(4.318,0.380999999999,0.));
#508 = VECTOR('',#509,1.);
#509 = DIRECTION('',(0.,-1.,0.));
#510 = ORIENTED_EDGE('',*,*,#511,.F.);
#511 = EDGE_CURVE('',#488,#504,#512,.T.);
#512 = LINE('',#513,#514);
#513 = CARTESIAN_POINT('',(5.461,0.761999999999,0.));
#514 = VECTOR('',#515,1.);
#515 = DIRECTION('',(-1.,7.E-17,0.));
#516 = FACE_BOUND('',#517,.F.);
#517 = EDGE_LOOP('',(#518,#528,#536,#544));
#518 = ORIENTED_EDGE('',*,*,#519,.F.);
#519 = EDGE_CURVE('',#520,#522,#524,.T.);
#520 = VERTEX_POINT('',#521);
#521 = CARTESIAN_POINT('',(8.382,-0.761999999999,0.));
#522 = VERTEX_POINT('',#523);
#523 = CARTESIAN_POINT('',(8.382,0.761999999999,0.));
#524 = LINE('',#525,#526);
#525 = CARTESIAN_POINT('',(8.382,-0.380999999999,0.));
#526 = VECTOR('',#527,1.);
#527 = DIRECTION('',(0.,1.,0.));
#528 = ORIENTED_EDGE('',*,*,#529,.F.);
#529 = EDGE_CURVE('',#530,#520,#532,.T.);
#530 = VERTEX_POINT('',#531);
#531 = CARTESIAN_POINT('',(6.858,-0.761999999999,0.));
#532 = LINE('',#533,#534);
#533 = CARTESIAN_POINT('',(7.239,-0.761999999999,0.));
#534 = VECTOR('',#535,1.);
#535 = DIRECTION('',(1.,0.,0.));
#536 = ORIENTED_EDGE('',*,*,#537,.F.);
#537 = EDGE_CURVE('',#538,#530,#540,.T.);
#538 = VERTEX_POINT('',#539);
#539 = CARTESIAN_POINT('',(6.858,0.761999999999,0.));
#540 = LINE('',#541,#542);
#541 = CARTESIAN_POINT('',(6.858,0.380999999999,0.));
#542 = VECTOR('',#543,1.);
#543 = DIRECTION('',(0.,-1.,0.));
#544 = ORIENTED_EDGE('',*,*,#545,.F.);
#545 = EDGE_CURVE('',#522,#538,#546,.T.);
#546 = LINE('',#547,#548);
#547 = CARTESIAN_POINT('',(8.001,0.761999999999,0.));
#548 = VECTOR('',#549,1.);
#549 = DIRECTION('',(-1.,7.E-17,0.));
#550 = FACE_BOUND('',#551,.F.);
#551 = EDGE_LOOP('',(#552,#562,#570,#578));
#552 = ORIENTED_EDGE('',*,*,#553,.T.);
#553 = EDGE_CURVE('',#554,#556,#558,.T.);
#554 = VERTEX_POINT('',#555);
#555 = CARTESIAN_POINT('',(-0.762,3.301999999999,-1.E-15));
#556 = VERTEX_POINT('',#557);
#557 = CARTESIAN_POINT('',(0.762,3.301999999999,-1.E-15));
#558 = LINE('',#559,#560);
#559 = CARTESIAN_POINT('',(-0.381,3.301999999999,-9.E-16));
#560 = VECTOR('',#561,1.);
#561 = DIRECTION('',(1.,0.,0.));
#562 = ORIENTED_EDGE('',*,*,#563,.T.);
#563 = EDGE_CURVE('',#556,#564,#566,.T.);
#564 = VERTEX_POINT('',#565);
#565 = CARTESIAN_POINT('',(0.762,1.778000000001,0.));
#566 = LINE('',#567,#568);
#567 = CARTESIAN_POINT('',(0.762,2.920999999999,-7.3E-16));
#568 = VECTOR('',#569,1.);
#569 = DIRECTION('',(0.,-1.,4.4E-16));
#570 = ORIENTED_EDGE('',*,*,#571,.T.);
#571 = EDGE_CURVE('',#564,#572,#574,.T.);
#572 = VERTEX_POINT('',#573);
#573 = CARTESIAN_POINT('',(-0.762,1.778000000001,0.));
#574 = LINE('',#575,#576);
#575 = CARTESIAN_POINT('',(0.381,1.778000000001,-2.3E-16));
#576 = VECTOR('',#577,1.);
#577 = DIRECTION('',(-1.,-7.E-17,0.));
#578 = ORIENTED_EDGE('',*,*,#579,.T.);
#579 = EDGE_CURVE('',#572,#554,#580,.T.);
#580 = LINE('',#581,#582);
#581 = CARTESIAN_POINT('',(-0.762,2.159000000001,-3.9E-16));
#582 = VECTOR('',#583,1.);
#583 = DIRECTION('',(0.,1.,-4.4E-16));
#584 = FACE_BOUND('',#585,.F.);
#585 = EDGE_LOOP('',(#586,#596,#604,#612));
#586 = ORIENTED_EDGE('',*,*,#587,.T.);
#587 = EDGE_CURVE('',#588,#590,#592,.T.);
#588 = VERTEX_POINT('',#589);
#589 = CARTESIAN_POINT('',(1.778,3.301999999999,-1.E-15));
#590 = VERTEX_POINT('',#591);
#591 = CARTESIAN_POINT('',(3.302,3.301999999999,-1.E-15));
#592 = LINE('',#593,#594);
#593 = CARTESIAN_POINT('',(2.159,3.301999999999,-9.E-16));
#594 = VECTOR('',#595,1.);
#595 = DIRECTION('',(1.,0.,0.));
#596 = ORIENTED_EDGE('',*,*,#597,.T.);
#597 = EDGE_CURVE('',#590,#598,#600,.T.);
#598 = VERTEX_POINT('',#599);
#599 = CARTESIAN_POINT('',(3.302,1.778000000001,0.));
#600 = LINE('',#601,#602);
#601 = CARTESIAN_POINT('',(3.302,2.920999999999,-7.3E-16));
#602 = VECTOR('',#603,1.);
#603 = DIRECTION('',(0.,-1.,4.4E-16));
#604 = ORIENTED_EDGE('',*,*,#605,.T.);
#605 = EDGE_CURVE('',#598,#606,#608,.T.);
#606 = VERTEX_POINT('',#607);
#607 = CARTESIAN_POINT('',(1.778,1.778000000001,0.));
#608 = LINE('',#609,#610);
#609 = CARTESIAN_POINT('',(2.921,1.778000000001,-2.3E-16));
#610 = VECTOR('',#611,1.);
#611 = DIRECTION('',(-1.,-7.E-17,0.));
#612 = ORIENTED_EDGE('',*,*,#613,.T.);
#613 = EDGE_CURVE('',#606,#588,#614,.T.);
#614 = LINE('',#615,#616);
#615 = CARTESIAN_POINT('',(1.778,2.159000000001,-3.9E-16));
#616 = VECTOR('',#617,1.);
#617 = DIRECTION('',(0.,1.,-4.4E-16));
#618 = FACE_BOUND('',#619,.F.);
#619 = EDGE_LOOP('',(#620,#630,#638,#646));
#620 = ORIENTED_EDGE('',*,*,#621,.T.);
#621 = EDGE_CURVE('',#622,#624,#626,.T.);
#622 = VERTEX_POINT('',#623);
#623 = CARTESIAN_POINT('',(4.318,3.301999999999,-1.E-15));
#624 = VERTEX_POINT('',#625);
#625 = CARTESIAN_POINT('',(5.842,3.301999999999,-1.E-15));
#626 = LINE('',#627,#628);
#627 = CARTESIAN_POINT('',(4.699,3.301999999999,-9.E-16));
#628 = VECTOR('',#629,1.);
#629 = DIRECTION('',(1.,0.,0.));
#630 = ORIENTED_EDGE('',*,*,#631,.T.);
#631 = EDGE_CURVE('',#624,#632,#634,.T.);
#632 = VERTEX_POINT('',#633);
#633 = CARTESIAN_POINT('',(5.842,1.778000000001,0.));
#634 = LINE('',#635,#636);
#635 = CARTESIAN_POINT('',(5.842,2.920999999999,-7.3E-16));
#636 = VECTOR('',#637,1.);
#637 = DIRECTION('',(0.,-1.,4.4E-16));
#638 = ORIENTED_EDGE('',*,*,#639,.T.);
#639 = EDGE_CURVE('',#632,#640,#642,.T.);
#640 = VERTEX_POINT('',#641);
#641 = CARTESIAN_POINT('',(4.318,1.778000000001,0.));
#642 = LINE('',#643,#644);
#643 = CARTESIAN_POINT('',(5.461,1.778000000001,-2.3E-16));
#644 = VECTOR('',#645,1.);
#645 = DIRECTION('',(-1.,-7.E-17,0.));
#646 = ORIENTED_EDGE('',*,*,#647,.T.);
#647 = EDGE_CURVE('',#640,#622,#648,.T.);
#648 = LINE('',#649,#650);
#649 = CARTESIAN_POINT('',(4.318,2.159000000001,-3.9E-16));
#650 = VECTOR('',#651,1.);
#651 = DIRECTION('',(0.,1.,-4.4E-16));
#652 = FACE_BOUND('',#653,.F.);
#653 = EDGE_LOOP('',(#654,#664,#672,#680));
#654 = ORIENTED_EDGE('',*,*,#655,.T.);
#655 = EDGE_CURVE('',#656,#658,#660,.T.);
#656 = VERTEX_POINT('',#657);
#657 = CARTESIAN_POINT('',(6.858,3.301999999999,-1.E-15));
#658 = VERTEX_POINT('',#659);
#659 = CARTESIAN_POINT('',(8.382,3.301999999999,-1.E-15));
#660 = LINE('',#661,#662);
#661 = CARTESIAN_POINT('',(7.239,3.301999999999,-9.E-16));
#662 = VECTOR('',#663,1.);
#663 = DIRECTION('',(1.,0.,0.));
#664 = ORIENTED_EDGE('',*,*,#665,.T.);
#665 = EDGE_CURVE('',#658,#666,#668,.T.);
#666 = VERTEX_POINT('',#667);
#667 = CARTESIAN_POINT('',(8.382,1.778000000001,0.));
#668 = LINE('',#669,#670);
#669 = CARTESIAN_POINT('',(8.382,2.920999999999,-7.3E-16));
#670 = VECTOR('',#671,1.);
#671 = DIRECTION('',(0.,-1.,4.4E-16));
#672 = ORIENTED_EDGE('',*,*,#673,.T.);
#673 = EDGE_CURVE('',#666,#674,#676,.T.);
#674 = VERTEX_POINT('',#675);
#675 = CARTESIAN_POINT('',(6.858,1.778000000001,0.));
#676 = LINE('',#677,#678);
#677 = CARTESIAN_POINT('',(8.001,1.778000000001,-2.3E-16));
#678 = VECTOR('',#679,1.);
#679 = DIRECTION('',(-1.,-7.E-17,0.));
#680 = ORIENTED_EDGE('',*,*,#681,.T.);
#681 = EDGE_CURVE('',#674,#656,#682,.T.);
#682 = LINE('',#683,#684);
#683 = CARTESIAN_POINT('',(6.858,2.159000000001,-3.9E-16));
#684 = VECTOR('',#685,1.);
#685 = DIRECTION('',(0.,1.,-4.4E-16));
#686 = PLANE('',#687);
#687 = AXIS2_PLACEMENT_3D('',#688,#689,#690);
#688 = CARTESIAN_POINT('',(3.81,1.27,0.));
#689 = DIRECTION('',(0.,0.,1.));
#690 = DIRECTION('',(1.,0.,0.));
#691 = ADVANCED_FACE('',(#692),#709,.F.);
#692 = FACE_BOUND('',#693,.T.);
#693 = EDGE_LOOP('',(#694,#702,#703));
#694 = ORIENTED_EDGE('',*,*,#695,.F.);
#695 = EDGE_CURVE('',#48,#696,#698,.T.);
#696 = VERTEX_POINT('',#697);
#697 = CARTESIAN_POINT('',(9.64,3.059999999999,0.242));
#698 = LINE('',#699,#700);
#699 = CARTESIAN_POINT('',(9.779,2.921,0.381));
#700 = VECTOR('',#701,1.);
#701 = DIRECTION('',(0.57735026919,-0.57735026919,0.57735026919));
#702 = ORIENTED_EDGE('',*,*,#47,.T.);
#703 = ORIENTED_EDGE('',*,*,#704,.T.);
#704 = EDGE_CURVE('',#50,#696,#705,.T.);
#705 = LINE('',#706,#707);
#706 = CARTESIAN_POINT('',(9.64,2.063749999999,1.23825));
#707 = VECTOR('',#708,1.);
#708 = DIRECTION('',(0.,-0.707106781187,0.707106781187));
#709 = PLANE('',#710);
#710 = AXIS2_PLACEMENT_3D('',#711,#712,#713);
#711 = CARTESIAN_POINT('',(9.779,3.111499999999,0.1905));
#712 = DIRECTION('',(0.,0.707106781187,0.707106781187));
#713 = DIRECTION('',(-1.,0.,0.));
#714 = ADVANCED_FACE('',(#715),#733,.F.);
#715 = FACE_BOUND('',#716,.T.);
#716 = EDGE_LOOP('',(#717,#725,#726,#727));
#717 = ORIENTED_EDGE('',*,*,#718,.F.);
#718 = EDGE_CURVE('',#402,#719,#721,.T.);
#719 = VERTEX_POINT('',#720);
#720 = CARTESIAN_POINT('',(9.64,2.020000000001,0.242));
#721 = LINE('',#722,#723);
#722 = CARTESIAN_POINT('',(9.779,2.159000000001,0.381));
#723 = VECTOR('',#724,1.);
#724 = DIRECTION('',(0.57735026919,0.57735026919,0.57735026919));
#725 = ORIENTED_EDGE('',*,*,#409,.T.);
#726 = ORIENTED_EDGE('',*,*,#695,.T.);
#727 = ORIENTED_EDGE('',*,*,#728,.T.);
#728 = EDGE_CURVE('',#696,#719,#729,.T.);
#729 = LINE('',#730,#731);
#730 = CARTESIAN_POINT('',(9.64,0.4445,0.242));
#731 = VECTOR('',#732,1.);
#732 = DIRECTION('',(0.,-1.,4.5E-16));
#733 = PLANE('',#734);
#734 = AXIS2_PLACEMENT_3D('',#735,#736,#737);
#735 = CARTESIAN_POINT('',(9.5885,2.159000000001,0.1905));
#736 = DIRECTION('',(-0.707106781187,3.2E-16,0.707106781187));
#737 = DIRECTION('',(-1.274169979695E-18,-1.,4.512741699797E-16));
#738 = ADVANCED_FACE('',(#739),#749,.F.);
#739 = FACE_BOUND('',#740,.T.);
#740 = EDGE_LOOP('',(#741,#747,#748));
#741 = ORIENTED_EDGE('',*,*,#742,.T.);
#742 = EDGE_CURVE('',#719,#394,#743,.T.);
#743 = LINE('',#744,#745);
#744 = CARTESIAN_POINT('',(9.64,1.11125,-0.66675));
#745 = VECTOR('',#746,1.);
#746 = DIRECTION('',(-0.,-0.707106781187,-0.707106781187));
#747 = ORIENTED_EDGE('',*,*,#401,.T.);
#748 = ORIENTED_EDGE('',*,*,#718,.T.);
#749 = PLANE('',#750);
#750 = AXIS2_PLACEMENT_3D('',#751,#752,#753);
#751 = CARTESIAN_POINT('',(10.541,1.968500000001,0.1905));
#752 = DIRECTION('',(5.E-17,-0.707106781187,0.707106781187));
#753 = DIRECTION('',(1.,7.035533905933E-17,-3.553390593274E-19));
#754 = ADVANCED_FACE('',(#755),#807,.F.);
#755 = FACE_BOUND('',#756,.F.);
#756 = EDGE_LOOP('',(#757,#758,#766,#774,#780,#781,#782,#783,#784,#785,
    #793,#801));
#757 = ORIENTED_EDGE('',*,*,#361,.F.);
#758 = ORIENTED_EDGE('',*,*,#759,.F.);
#759 = EDGE_CURVE('',#760,#354,#762,.T.);
#760 = VERTEX_POINT('',#761);
#761 = CARTESIAN_POINT('',(9.64,-1.016,6.35));
#762 = LINE('',#763,#764);
#763 = CARTESIAN_POINT('',(9.64,-1.016,14.357799220284));
#764 = VECTOR('',#765,1.);
#765 = DIRECTION('',(-0.,-0.,-1.));
#766 = ORIENTED_EDGE('',*,*,#767,.T.);
#767 = EDGE_CURVE('',#760,#768,#770,.T.);
#768 = VERTEX_POINT('',#769);
#769 = CARTESIAN_POINT('',(9.64,3.556,6.35));
#770 = LINE('',#771,#772);
#771 = CARTESIAN_POINT('',(9.64,-1.27,6.35));
#772 = VECTOR('',#773,1.);
#773 = DIRECTION('',(0.,1.,0.));
#774 = ORIENTED_EDGE('',*,*,#775,.T.);
#775 = EDGE_CURVE('',#768,#58,#776,.T.);
#776 = LINE('',#777,#778);
#777 = CARTESIAN_POINT('',(9.64,3.556,14.357799220284));
#778 = VECTOR('',#779,1.);
#779 = DIRECTION('',(-0.,-4.4E-16,-1.));
#780 = ORIENTED_EDGE('',*,*,#57,.F.);
#781 = ORIENTED_EDGE('',*,*,#704,.T.);
#782 = ORIENTED_EDGE('',*,*,#728,.T.);
#783 = ORIENTED_EDGE('',*,*,#742,.T.);
#784 = ORIENTED_EDGE('',*,*,#393,.F.);
#785 = ORIENTED_EDGE('',*,*,#786,.F.);
#786 = EDGE_CURVE('',#787,#386,#789,.T.);
#787 = VERTEX_POINT('',#788);
#788 = CARTESIAN_POINT('',(9.64,0.519999999999,0.242));
#789 = LINE('',#790,#791);
#790 = CARTESIAN_POINT('',(9.64,0.15875,0.60325));
#791 = VECTOR('',#792,1.);
#792 = DIRECTION('',(0.,0.707106781187,-0.707106781187));
#793 = ORIENTED_EDGE('',*,*,#794,.F.);
#794 = EDGE_CURVE('',#795,#787,#797,.T.);
#795 = VERTEX_POINT('',#796);
#796 = CARTESIAN_POINT('',(9.64,-0.519999999999,0.242));
#797 = LINE('',#798,#799);
#798 = CARTESIAN_POINT('',(9.64,-0.4445,0.242));
#799 = VECTOR('',#800,1.);
#800 = DIRECTION('',(0.,1.,0.));
#801 = ORIENTED_EDGE('',*,*,#802,.F.);
#802 = EDGE_CURVE('',#362,#795,#803,.T.);
#803 = LINE('',#804,#805);
#804 = CARTESIAN_POINT('',(9.64,-0.793749999999,-3.175000000017E-02));
#805 = VECTOR('',#806,1.);
#806 = DIRECTION('',(0.,0.707106781187,0.707106781187));
#807 = PLANE('',#808);
#808 = AXIS2_PLACEMENT_3D('',#809,#810,#811);
#809 = CARTESIAN_POINT('',(9.64,-1.27,0.));
#810 = DIRECTION('',(-1.,0.,0.));
#811 = DIRECTION('',(0.,1.,0.));
#812 = ADVANCED_FACE('',(#813),#823,.F.);
#813 = FACE_BOUND('',#814,.F.);
#814 = EDGE_LOOP('',(#815,#816,#817));
#815 = ORIENTED_EDGE('',*,*,#786,.T.);
#816 = ORIENTED_EDGE('',*,*,#385,.T.);
#817 = ORIENTED_EDGE('',*,*,#818,.T.);
#818 = EDGE_CURVE('',#378,#787,#819,.T.);
#819 = LINE('',#820,#821);
#820 = CARTESIAN_POINT('',(9.779,0.380999999999,0.381));
#821 = VECTOR('',#822,1.);
#822 = DIRECTION('',(0.57735026919,-0.57735026919,0.57735026919));
#823 = PLANE('',#824);
#824 = AXIS2_PLACEMENT_3D('',#825,#826,#827);
#825 = CARTESIAN_POINT('',(10.541,0.571499999999,0.1905));
#826 = DIRECTION('',(5.E-17,0.707106781187,0.707106781187));
#827 = DIRECTION('',(-1.,7.035533905933E-17,3.553390593274E-19));
#828 = ADVANCED_FACE('',(#829),#840,.F.);
#829 = FACE_BOUND('',#830,.F.);
#830 = EDGE_LOOP('',(#831,#832,#833,#839));
#831 = ORIENTED_EDGE('',*,*,#818,.F.);
#832 = ORIENTED_EDGE('',*,*,#377,.T.);
#833 = ORIENTED_EDGE('',*,*,#834,.T.);
#834 = EDGE_CURVE('',#370,#795,#835,.T.);
#835 = LINE('',#836,#837);
#836 = CARTESIAN_POINT('',(9.779,-0.381,0.381));
#837 = VECTOR('',#838,1.);
#838 = DIRECTION('',(0.57735026919,0.57735026919,0.57735026919));
#839 = ORIENTED_EDGE('',*,*,#794,.T.);
#840 = PLANE('',#841);
#841 = AXIS2_PLACEMENT_3D('',#842,#843,#844);
#842 = CARTESIAN_POINT('',(9.5885,0.380999999999,0.1905));
#843 = DIRECTION('',(-0.707106781187,0.,0.707106781187));
#844 = DIRECTION('',(0.,-1.,0.));
#845 = ADVANCED_FACE('',(#846),#851,.F.);
#846 = FACE_BOUND('',#847,.F.);
#847 = EDGE_LOOP('',(#848,#849,#850));
#848 = ORIENTED_EDGE('',*,*,#834,.F.);
#849 = ORIENTED_EDGE('',*,*,#369,.T.);
#850 = ORIENTED_EDGE('',*,*,#802,.T.);
#851 = PLANE('',#852);
#852 = AXIS2_PLACEMENT_3D('',#853,#854,#855);
#853 = CARTESIAN_POINT('',(9.779,-0.571499999999,0.1905));
#854 = DIRECTION('',(0.,-0.707106781187,0.707106781187));
#855 = DIRECTION('',(1.,0.,0.));
#856 = ADVANCED_FACE('',(#857),#875,.F.);
#857 = FACE_BOUND('',#858,.F.);
#858 = EDGE_LOOP('',(#859,#867,#868,#869));
#859 = ORIENTED_EDGE('',*,*,#860,.F.);
#860 = EDGE_CURVE('',#760,#861,#863,.T.);
#861 = VERTEX_POINT('',#862);
#862 = CARTESIAN_POINT('',(9.513,-1.27,6.35));
#863 = LINE('',#864,#865);
#864 = CARTESIAN_POINT('',(9.5142,-1.2676,6.35));
#865 = VECTOR('',#866,1.);
#866 = DIRECTION('',(-0.4472135955,-0.894427191,0.));
#867 = ORIENTED_EDGE('',*,*,#759,.T.);
#868 = ORIENTED_EDGE('',*,*,#353,.T.);
#869 = ORIENTED_EDGE('',*,*,#870,.F.);
#870 = EDGE_CURVE('',#861,#346,#871,.T.);
#871 = LINE('',#872,#873);
#872 = CARTESIAN_POINT('',(9.513,-1.27,14.357799220284));
#873 = VECTOR('',#874,1.);
#874 = DIRECTION('',(-0.,-0.,-1.));
#875 = PLANE('',#876);
#876 = AXIS2_PLACEMENT_3D('',#877,#878,#879);
#877 = CARTESIAN_POINT('',(9.64,-1.016,14.357799220284));
#878 = DIRECTION('',(-0.894427191,0.4472135955,0.));
#879 = DIRECTION('',(-0.4472135955,-0.894427191,0.));
#880 = ADVANCED_FACE('',(#881),#899,.F.);
#881 = FACE_BOUND('',#882,.F.);
#882 = EDGE_LOOP('',(#883,#884,#892,#898));
#883 = ORIENTED_EDGE('',*,*,#345,.F.);
#884 = ORIENTED_EDGE('',*,*,#885,.F.);
#885 = EDGE_CURVE('',#886,#338,#888,.T.);
#886 = VERTEX_POINT('',#887);
#887 = CARTESIAN_POINT('',(7.227,-1.27,6.35));
#888 = LINE('',#889,#890);
#889 = CARTESIAN_POINT('',(7.227,-1.27,14.357799220284));
#890 = VECTOR('',#891,1.);
#891 = DIRECTION('',(-0.,-0.,-1.));
#892 = ORIENTED_EDGE('',*,*,#893,.T.);
#893 = EDGE_CURVE('',#886,#861,#894,.T.);
#894 = LINE('',#895,#896);
#895 = CARTESIAN_POINT('',(-2.02,-1.27,6.35));
#896 = VECTOR('',#897,1.);
#897 = DIRECTION('',(1.,0.,0.));
#898 = ORIENTED_EDGE('',*,*,#870,.T.);
#899 = PLANE('',#900);
#900 = AXIS2_PLACEMENT_3D('',#901,#902,#903);
#901 = CARTESIAN_POINT('',(-2.02,-1.27,0.));
#902 = DIRECTION('',(0.,1.,0.));
#903 = DIRECTION('',(1.,0.,0.));
#904 = ADVANCED_FACE('',(#905),#923,.F.);
#905 = FACE_BOUND('',#906,.F.);
#906 = EDGE_LOOP('',(#907,#915,#916,#917));
#907 = ORIENTED_EDGE('',*,*,#908,.F.);
#908 = EDGE_CURVE('',#886,#909,#911,.T.);
#909 = VERTEX_POINT('',#910);
#910 = CARTESIAN_POINT('',(7.1,-1.016,6.35));
#911 = LINE('',#912,#913);
#912 = CARTESIAN_POINT('',(6.3773,0.4294,6.35));
#913 = VECTOR('',#914,1.);
#914 = DIRECTION('',(-0.4472135955,0.894427191,0.));
#915 = ORIENTED_EDGE('',*,*,#885,.T.);
#916 = ORIENTED_EDGE('',*,*,#337,.T.);
#917 = ORIENTED_EDGE('',*,*,#918,.F.);
#918 = EDGE_CURVE('',#909,#330,#919,.T.);
#919 = LINE('',#920,#921);
#920 = CARTESIAN_POINT('',(7.1,-1.016,14.357799220284));
#921 = VECTOR('',#922,1.);
#922 = DIRECTION('',(-0.,-0.,-1.));
#923 = PLANE('',#924);
#924 = AXIS2_PLACEMENT_3D('',#925,#926,#927);
#925 = CARTESIAN_POINT('',(7.227,-1.27,14.357799220284));
#926 = DIRECTION('',(0.894427191,0.4472135955,0.));
#927 = DIRECTION('',(-0.4472135955,0.894427191,0.));
#928 = ADVANCED_FACE('',(#929),#947,.F.);
#929 = FACE_BOUND('',#930,.F.);
#930 = EDGE_LOOP('',(#931,#939,#940,#941));
#931 = ORIENTED_EDGE('',*,*,#932,.F.);
#932 = EDGE_CURVE('',#909,#933,#935,.T.);
#933 = VERTEX_POINT('',#934);
#934 = CARTESIAN_POINT('',(6.973,-1.27,6.35));
#935 = LINE('',#936,#937);
#936 = CARTESIAN_POINT('',(7.2282,-0.7596,6.35));
#937 = VECTOR('',#938,1.);
#938 = DIRECTION('',(-0.4472135955,-0.894427191,0.));
#939 = ORIENTED_EDGE('',*,*,#918,.T.);
#940 = ORIENTED_EDGE('',*,*,#329,.T.);
#941 = ORIENTED_EDGE('',*,*,#942,.F.);
#942 = EDGE_CURVE('',#933,#322,#943,.T.);
#943 = LINE('',#944,#945);
#944 = CARTESIAN_POINT('',(6.973,-1.27,14.357799220284));
#945 = VECTOR('',#946,1.);
#946 = DIRECTION('',(-0.,-0.,-1.));
#947 = PLANE('',#948);
#948 = AXIS2_PLACEMENT_3D('',#949,#950,#951);
#949 = CARTESIAN_POINT('',(7.1,-1.016,14.357799220284));
#950 = DIRECTION('',(-0.894427191,0.4472135955,0.));
#951 = DIRECTION('',(-0.4472135955,-0.894427191,0.));
#952 = ADVANCED_FACE('',(#953),#971,.F.);
#953 = FACE_BOUND('',#954,.F.);
#954 = EDGE_LOOP('',(#955,#956,#964,#970));
#955 = ORIENTED_EDGE('',*,*,#321,.F.);
#956 = ORIENTED_EDGE('',*,*,#957,.F.);
#957 = EDGE_CURVE('',#958,#314,#960,.T.);
#958 = VERTEX_POINT('',#959);
#959 = CARTESIAN_POINT('',(4.687,-1.27,6.35));
#960 = LINE('',#961,#962);
#961 = CARTESIAN_POINT('',(4.687,-1.27,14.357799220284));
#962 = VECTOR('',#963,1.);
#963 = DIRECTION('',(-0.,-0.,-1.));
#964 = ORIENTED_EDGE('',*,*,#965,.T.);
#965 = EDGE_CURVE('',#958,#933,#966,.T.);
#966 = LINE('',#967,#968);
#967 = CARTESIAN_POINT('',(-2.02,-1.27,6.35));
#968 = VECTOR('',#969,1.);
#969 = DIRECTION('',(1.,0.,0.));
#970 = ORIENTED_EDGE('',*,*,#942,.T.);
#971 = PLANE('',#972);
#972 = AXIS2_PLACEMENT_3D('',#973,#974,#975);
#973 = CARTESIAN_POINT('',(-2.02,-1.27,0.));
#974 = DIRECTION('',(0.,1.,0.));
#975 = DIRECTION('',(1.,0.,0.));
#976 = ADVANCED_FACE('',(#977),#995,.F.);
#977 = FACE_BOUND('',#978,.F.);
#978 = EDGE_LOOP('',(#979,#987,#988,#989));
#979 = ORIENTED_EDGE('',*,*,#980,.F.);
#980 = EDGE_CURVE('',#958,#981,#983,.T.);
#981 = VERTEX_POINT('',#982);
#982 = CARTESIAN_POINT('',(4.56,-1.016,6.35));
#983 = LINE('',#984,#985);
#984 = CARTESIAN_POINT('',(4.0913,-7.86E-02,6.35));
#985 = VECTOR('',#986,1.);
#986 = DIRECTION('',(-0.4472135955,0.894427191,0.));
#987 = ORIENTED_EDGE('',*,*,#957,.T.);
#988 = ORIENTED_EDGE('',*,*,#313,.T.);
#989 = ORIENTED_EDGE('',*,*,#990,.F.);
#990 = EDGE_CURVE('',#981,#306,#991,.T.);
#991 = LINE('',#992,#993);
#992 = CARTESIAN_POINT('',(4.56,-1.016,14.357799220284));
#993 = VECTOR('',#994,1.);
#994 = DIRECTION('',(-0.,-0.,-1.));
#995 = PLANE('',#996);
#996 = AXIS2_PLACEMENT_3D('',#997,#998,#999);
#997 = CARTESIAN_POINT('',(4.687,-1.27,14.357799220284));
#998 = DIRECTION('',(0.894427191,0.4472135955,0.));
#999 = DIRECTION('',(-0.4472135955,0.894427191,0.));
#1000 = ADVANCED_FACE('',(#1001),#1019,.F.);
#1001 = FACE_BOUND('',#1002,.F.);
#1002 = EDGE_LOOP('',(#1003,#1011,#1012,#1013));
#1003 = ORIENTED_EDGE('',*,*,#1004,.F.);
#1004 = EDGE_CURVE('',#981,#1005,#1007,.T.);
#1005 = VERTEX_POINT('',#1006);
#1006 = CARTESIAN_POINT('',(4.433,-1.27,6.35));
#1007 = LINE('',#1008,#1009);
#1008 = CARTESIAN_POINT('',(4.9422,-0.2516,6.35));
#1009 = VECTOR('',#1010,1.);
#1010 = DIRECTION('',(-0.4472135955,-0.894427191,0.));
#1011 = ORIENTED_EDGE('',*,*,#990,.T.);
#1012 = ORIENTED_EDGE('',*,*,#305,.T.);
#1013 = ORIENTED_EDGE('',*,*,#1014,.F.);
#1014 = EDGE_CURVE('',#1005,#298,#1015,.T.);
#1015 = LINE('',#1016,#1017);
#1016 = CARTESIAN_POINT('',(4.433,-1.27,14.357799220284));
#1017 = VECTOR('',#1018,1.);
#1018 = DIRECTION('',(-0.,-0.,-1.));
#1019 = PLANE('',#1020);
#1020 = AXIS2_PLACEMENT_3D('',#1021,#1022,#1023);
#1021 = CARTESIAN_POINT('',(4.56,-1.016,14.357799220284));
#1022 = DIRECTION('',(-0.894427191,0.4472135955,0.));
#1023 = DIRECTION('',(-0.4472135955,-0.894427191,0.));
#1024 = ADVANCED_FACE('',(#1025),#1043,.F.);
#1025 = FACE_BOUND('',#1026,.F.);
#1026 = EDGE_LOOP('',(#1027,#1028,#1036,#1042));
#1027 = ORIENTED_EDGE('',*,*,#297,.F.);
#1028 = ORIENTED_EDGE('',*,*,#1029,.F.);
#1029 = EDGE_CURVE('',#1030,#290,#1032,.T.);
#1030 = VERTEX_POINT('',#1031);
#1031 = CARTESIAN_POINT('',(2.147,-1.27,6.35));
#1032 = LINE('',#1033,#1034);
#1033 = CARTESIAN_POINT('',(2.147,-1.27,14.357799220284));
#1034 = VECTOR('',#1035,1.);
#1035 = DIRECTION('',(-0.,-0.,-1.));
#1036 = ORIENTED_EDGE('',*,*,#1037,.T.);
#1037 = EDGE_CURVE('',#1030,#1005,#1038,.T.);
#1038 = LINE('',#1039,#1040);
#1039 = CARTESIAN_POINT('',(-2.02,-1.27,6.35));
#1040 = VECTOR('',#1041,1.);
#1041 = DIRECTION('',(1.,0.,0.));
#1042 = ORIENTED_EDGE('',*,*,#1014,.T.);
#1043 = PLANE('',#1044);
#1044 = AXIS2_PLACEMENT_3D('',#1045,#1046,#1047);
#1045 = CARTESIAN_POINT('',(-2.02,-1.27,0.));
#1046 = DIRECTION('',(0.,1.,0.));
#1047 = DIRECTION('',(1.,0.,0.));
#1048 = ADVANCED_FACE('',(#1049),#1067,.F.);
#1049 = FACE_BOUND('',#1050,.F.);
#1050 = EDGE_LOOP('',(#1051,#1059,#1060,#1061));
#1051 = ORIENTED_EDGE('',*,*,#1052,.F.);
#1052 = EDGE_CURVE('',#1030,#1053,#1055,.T.);
#1053 = VERTEX_POINT('',#1054);
#1054 = CARTESIAN_POINT('',(2.02,-1.016,6.35));
#1055 = LINE('',#1056,#1057);
#1056 = CARTESIAN_POINT('',(1.8053,-0.5866,6.35));
#1057 = VECTOR('',#1058,1.);
#1058 = DIRECTION('',(-0.4472135955,0.894427191,0.));
#1059 = ORIENTED_EDGE('',*,*,#1029,.T.);
#1060 = ORIENTED_EDGE('',*,*,#289,.T.);
#1061 = ORIENTED_EDGE('',*,*,#1062,.F.);
#1062 = EDGE_CURVE('',#1053,#282,#1063,.T.);
#1063 = LINE('',#1064,#1065);
#1064 = CARTESIAN_POINT('',(2.02,-1.016,14.357799220284));
#1065 = VECTOR('',#1066,1.);
#1066 = DIRECTION('',(-0.,-0.,-1.));
#1067 = PLANE('',#1068);
#1068 = AXIS2_PLACEMENT_3D('',#1069,#1070,#1071);
#1069 = CARTESIAN_POINT('',(2.147,-1.27,14.357799220284));
#1070 = DIRECTION('',(0.894427191,0.4472135955,0.));
#1071 = DIRECTION('',(-0.4472135955,0.894427191,0.));
#1072 = ADVANCED_FACE('',(#1073),#1091,.F.);
#1073 = FACE_BOUND('',#1074,.F.);
#1074 = EDGE_LOOP('',(#1075,#1083,#1084,#1085));
#1075 = ORIENTED_EDGE('',*,*,#1076,.F.);
#1076 = EDGE_CURVE('',#1053,#1077,#1079,.T.);
#1077 = VERTEX_POINT('',#1078);
#1078 = CARTESIAN_POINT('',(1.893,-1.27,6.35));
#1079 = LINE('',#1080,#1081);
#1080 = CARTESIAN_POINT('',(2.6562,0.2564,6.35));
#1081 = VECTOR('',#1082,1.);
#1082 = DIRECTION('',(-0.4472135955,-0.894427191,0.));
#1083 = ORIENTED_EDGE('',*,*,#1062,.T.);
#1084 = ORIENTED_EDGE('',*,*,#281,.T.);
#1085 = ORIENTED_EDGE('',*,*,#1086,.F.);
#1086 = EDGE_CURVE('',#1077,#274,#1087,.T.);
#1087 = LINE('',#1088,#1089);
#1088 = CARTESIAN_POINT('',(1.893,-1.27,14.357799220284));
#1089 = VECTOR('',#1090,1.);
#1090 = DIRECTION('',(-0.,-0.,-1.));
#1091 = PLANE('',#1092);
#1092 = AXIS2_PLACEMENT_3D('',#1093,#1094,#1095);
#1093 = CARTESIAN_POINT('',(2.02,-1.016,14.357799220284));
#1094 = DIRECTION('',(-0.894427191,0.4472135955,0.));
#1095 = DIRECTION('',(-0.4472135955,-0.894427191,0.));
#1096 = ADVANCED_FACE('',(#1097),#1115,.F.);
#1097 = FACE_BOUND('',#1098,.F.);
#1098 = EDGE_LOOP('',(#1099,#1100,#1108,#1114));
#1099 = ORIENTED_EDGE('',*,*,#273,.F.);
#1100 = ORIENTED_EDGE('',*,*,#1101,.F.);
#1101 = EDGE_CURVE('',#1102,#266,#1104,.T.);
#1102 = VERTEX_POINT('',#1103);
#1103 = CARTESIAN_POINT('',(-0.393,-1.27,6.35));
#1104 = LINE('',#1105,#1106);
#1105 = CARTESIAN_POINT('',(-0.393,-1.27,14.357799220284));
#1106 = VECTOR('',#1107,1.);
#1107 = DIRECTION('',(-0.,-0.,-1.));
#1108 = ORIENTED_EDGE('',*,*,#1109,.T.);
#1109 = EDGE_CURVE('',#1102,#1077,#1110,.T.);
#1110 = LINE('',#1111,#1112);
#1111 = CARTESIAN_POINT('',(-2.02,-1.27,6.35));
#1112 = VECTOR('',#1113,1.);
#1113 = DIRECTION('',(1.,0.,0.));
#1114 = ORIENTED_EDGE('',*,*,#1086,.T.);
#1115 = PLANE('',#1116);
#1116 = AXIS2_PLACEMENT_3D('',#1117,#1118,#1119);
#1117 = CARTESIAN_POINT('',(-2.02,-1.27,0.));
#1118 = DIRECTION('',(0.,1.,0.));
#1119 = DIRECTION('',(1.,0.,0.));
#1120 = ADVANCED_FACE('',(#1121),#1139,.F.);
#1121 = FACE_BOUND('',#1122,.F.);
#1122 = EDGE_LOOP('',(#1123,#1131,#1132,#1133));
#1123 = ORIENTED_EDGE('',*,*,#1124,.F.);
#1124 = EDGE_CURVE('',#1102,#1125,#1127,.T.);
#1125 = VERTEX_POINT('',#1126);
#1126 = CARTESIAN_POINT('',(-0.52,-1.016,6.35));
#1127 = LINE('',#1128,#1129);
#1128 = CARTESIAN_POINT('',(-0.4807,-1.0946,6.35));
#1129 = VECTOR('',#1130,1.);
#1130 = DIRECTION('',(-0.4472135955,0.894427191,0.));
#1131 = ORIENTED_EDGE('',*,*,#1101,.T.);
#1132 = ORIENTED_EDGE('',*,*,#265,.T.);
#1133 = ORIENTED_EDGE('',*,*,#1134,.F.);
#1134 = EDGE_CURVE('',#1125,#258,#1135,.T.);
#1135 = LINE('',#1136,#1137);
#1136 = CARTESIAN_POINT('',(-0.52,-1.016,14.357799220284));
#1137 = VECTOR('',#1138,1.);
#1138 = DIRECTION('',(-0.,-0.,-1.));
#1139 = PLANE('',#1140);
#1140 = AXIS2_PLACEMENT_3D('',#1141,#1142,#1143);
#1141 = CARTESIAN_POINT('',(-0.393,-1.27,14.357799220284));
#1142 = DIRECTION('',(0.894427191,0.4472135955,0.));
#1143 = DIRECTION('',(-0.4472135955,0.894427191,0.));
#1144 = ADVANCED_FACE('',(#1145),#1163,.F.);
#1145 = FACE_BOUND('',#1146,.F.);
#1146 = EDGE_LOOP('',(#1147,#1155,#1156,#1157));
#1147 = ORIENTED_EDGE('',*,*,#1148,.F.);
#1148 = EDGE_CURVE('',#1125,#1149,#1151,.T.);
#1149 = VERTEX_POINT('',#1150);
#1150 = CARTESIAN_POINT('',(-0.647,-1.27,6.35));
#1151 = LINE('',#1152,#1153);
#1152 = CARTESIAN_POINT('',(0.3702,0.7644,6.35));
#1153 = VECTOR('',#1154,1.);
#1154 = DIRECTION('',(-0.4472135955,-0.894427191,0.));
#1155 = ORIENTED_EDGE('',*,*,#1134,.T.);
#1156 = ORIENTED_EDGE('',*,*,#257,.T.);
#1157 = ORIENTED_EDGE('',*,*,#1158,.F.);
#1158 = EDGE_CURVE('',#1149,#250,#1159,.T.);
#1159 = LINE('',#1160,#1161);
#1160 = CARTESIAN_POINT('',(-0.647,-1.27,14.357799220284));
#1161 = VECTOR('',#1162,1.);
#1162 = DIRECTION('',(-0.,-0.,-1.));
#1163 = PLANE('',#1164);
#1164 = AXIS2_PLACEMENT_3D('',#1165,#1166,#1167);
#1165 = CARTESIAN_POINT('',(-0.52,-1.016,14.357799220284));
#1166 = DIRECTION('',(-0.894427191,0.4472135955,0.));
#1167 = DIRECTION('',(-0.4472135955,-0.894427191,0.));
#1168 = ADVANCED_FACE('',(#1169),#1187,.F.);
#1169 = FACE_BOUND('',#1170,.F.);
#1170 = EDGE_LOOP('',(#1171,#1172,#1180,#1186));
#1171 = ORIENTED_EDGE('',*,*,#249,.F.);
#1172 = ORIENTED_EDGE('',*,*,#1173,.T.);
#1173 = EDGE_CURVE('',#242,#1174,#1176,.T.);
#1174 = VERTEX_POINT('',#1175);
#1175 = CARTESIAN_POINT('',(-2.02,-1.27,6.35));
#1176 = LINE('',#1177,#1178);
#1177 = CARTESIAN_POINT('',(-2.02,-1.27,0.));
#1178 = VECTOR('',#1179,1.);
#1179 = DIRECTION('',(0.,0.,1.));
#1180 = ORIENTED_EDGE('',*,*,#1181,.T.);
#1181 = EDGE_CURVE('',#1174,#1149,#1182,.T.);
#1182 = LINE('',#1183,#1184);
#1183 = CARTESIAN_POINT('',(-2.02,-1.27,6.35));
#1184 = VECTOR('',#1185,1.);
#1185 = DIRECTION('',(1.,0.,0.));
#1186 = ORIENTED_EDGE('',*,*,#1158,.T.);
#1187 = PLANE('',#1188);
#1188 = AXIS2_PLACEMENT_3D('',#1189,#1190,#1191);
#1189 = CARTESIAN_POINT('',(-2.02,-1.27,0.));
#1190 = DIRECTION('',(0.,1.,0.));
#1191 = DIRECTION('',(1.,0.,0.));
#1192 = ADVANCED_FACE('',(#1193),#1257,.F.);
#1193 = FACE_BOUND('',#1194,.F.);
#1194 = EDGE_LOOP('',(#1195,#1196,#1204,#1210,#1211,#1212,#1220,#1228,
    #1234,#1235,#1243,#1251));
#1195 = ORIENTED_EDGE('',*,*,#177,.F.);
#1196 = ORIENTED_EDGE('',*,*,#1197,.T.);
#1197 = EDGE_CURVE('',#170,#1198,#1200,.T.);
#1198 = VERTEX_POINT('',#1199);
#1199 = CARTESIAN_POINT('',(-2.02,3.81,6.35));
#1200 = LINE('',#1201,#1202);
#1201 = CARTESIAN_POINT('',(-2.02,3.81,0.));
#1202 = VECTOR('',#1203,1.);
#1203 = DIRECTION('',(0.,0.,1.));
#1204 = ORIENTED_EDGE('',*,*,#1205,.T.);
#1205 = EDGE_CURVE('',#1198,#1174,#1206,.T.);
#1206 = LINE('',#1207,#1208);
#1207 = CARTESIAN_POINT('',(-2.02,3.81,6.35));
#1208 = VECTOR('',#1209,1.);
#1209 = DIRECTION('',(-1.7E-16,-1.,0.));
#1210 = ORIENTED_EDGE('',*,*,#1173,.F.);
#1211 = ORIENTED_EDGE('',*,*,#241,.F.);
#1212 = ORIENTED_EDGE('',*,*,#1213,.F.);
#1213 = EDGE_CURVE('',#1214,#234,#1216,.T.);
#1214 = VERTEX_POINT('',#1215);
#1215 = CARTESIAN_POINT('',(-2.02,-0.519999999999,0.242));
#1216 = LINE('',#1217,#1218);
#1217 = CARTESIAN_POINT('',(-2.02,0.476250000001,1.23825));
#1218 = VECTOR('',#1219,1.);
#1219 = DIRECTION('',(-1.2E-16,-0.707106781187,-0.707106781187));
#1220 = ORIENTED_EDGE('',*,*,#1221,.F.);
#1221 = EDGE_CURVE('',#1222,#1214,#1224,.T.);
#1222 = VERTEX_POINT('',#1223);
#1223 = CARTESIAN_POINT('',(-2.02,0.519999999999,0.242));
#1224 = LINE('',#1225,#1226);
#1225 = CARTESIAN_POINT('',(-2.02,1.7145,0.242));
#1226 = VECTOR('',#1227,1.);
#1227 = DIRECTION('',(-1.7E-16,-1.,1.7E-16));
#1228 = ORIENTED_EDGE('',*,*,#1229,.F.);
#1229 = EDGE_CURVE('',#210,#1222,#1230,.T.);
#1230 = LINE('',#1231,#1232);
#1231 = CARTESIAN_POINT('',(-2.02,1.42875,-0.66675));
#1232 = VECTOR('',#1233,1.);
#1233 = DIRECTION('',(-1.2E-16,-0.707106781187,0.707106781187));
#1234 = ORIENTED_EDGE('',*,*,#209,.F.);
#1235 = ORIENTED_EDGE('',*,*,#1236,.T.);
#1236 = EDGE_CURVE('',#202,#1237,#1239,.T.);
#1237 = VERTEX_POINT('',#1238);
#1238 = CARTESIAN_POINT('',(-2.02,2.020000000001,0.242));
#1239 = LINE('',#1240,#1241);
#1240 = CARTESIAN_POINT('',(-2.02,2.38125,0.60325));
#1241 = VECTOR('',#1242,1.);
#1242 = DIRECTION('',(1.2E-16,0.707106781187,0.707106781187));
#1243 = ORIENTED_EDGE('',*,*,#1244,.T.);
#1244 = EDGE_CURVE('',#1237,#1245,#1247,.T.);
#1245 = VERTEX_POINT('',#1246);
#1246 = CARTESIAN_POINT('',(-2.02,3.059999999999,0.242));
#1247 = LINE('',#1248,#1249);
#1248 = CARTESIAN_POINT('',(-2.02,3.3655,0.242));
#1249 = VECTOR('',#1250,1.);
#1250 = DIRECTION('',(1.7E-16,1.,-6.2E-16));
#1251 = ORIENTED_EDGE('',*,*,#1252,.T.);
#1252 = EDGE_CURVE('',#1245,#178,#1253,.T.);
#1253 = LINE('',#1254,#1255);
#1254 = CARTESIAN_POINT('',(-2.02,3.333749999999,-3.175000000017E-02));
#1255 = VECTOR('',#1256,1.);
#1256 = DIRECTION('',(1.2E-16,0.707106781187,-0.707106781187));
#1257 = PLANE('',#1258);
#1258 = AXIS2_PLACEMENT_3D('',#1259,#1260,#1261);
#1259 = CARTESIAN_POINT('',(-2.02,3.81,0.));
#1260 = DIRECTION('',(1.,-1.7E-16,0.));
#1261 = DIRECTION('',(-1.7E-16,-1.,0.));
#1262 = ADVANCED_FACE('',(#1263),#1273,.F.);
#1263 = FACE_BOUND('',#1264,.F.);
#1264 = EDGE_LOOP('',(#1265,#1266,#1267));
#1265 = ORIENTED_EDGE('',*,*,#1213,.T.);
#1266 = ORIENTED_EDGE('',*,*,#233,.T.);
#1267 = ORIENTED_EDGE('',*,*,#1268,.T.);
#1268 = EDGE_CURVE('',#226,#1214,#1269,.T.);
#1269 = LINE('',#1270,#1271);
#1270 = CARTESIAN_POINT('',(-2.159,-0.380999999999,0.381));
#1271 = VECTOR('',#1272,1.);
#1272 = DIRECTION('',(-0.57735026919,0.57735026919,0.57735026919));
#1273 = PLANE('',#1274);
#1274 = AXIS2_PLACEMENT_3D('',#1275,#1276,#1277);
#1275 = CARTESIAN_POINT('',(-2.921,-0.571499999999,0.1905));
#1276 = DIRECTION('',(0.,-0.707106781187,0.707106781187));
#1277 = DIRECTION('',(1.,0.,0.));
#1278 = ADVANCED_FACE('',(#1279),#1290,.F.);
#1279 = FACE_BOUND('',#1280,.F.);
#1280 = EDGE_LOOP('',(#1281,#1282,#1283,#1289));
#1281 = ORIENTED_EDGE('',*,*,#1268,.F.);
#1282 = ORIENTED_EDGE('',*,*,#225,.T.);
#1283 = ORIENTED_EDGE('',*,*,#1284,.T.);
#1284 = EDGE_CURVE('',#218,#1222,#1285,.T.);
#1285 = LINE('',#1286,#1287);
#1286 = CARTESIAN_POINT('',(-2.159,0.381,0.381));
#1287 = VECTOR('',#1288,1.);
#1288 = DIRECTION('',(-0.57735026919,-0.57735026919,0.57735026919));
#1289 = ORIENTED_EDGE('',*,*,#1221,.T.);
#1290 = PLANE('',#1291);
#1291 = AXIS2_PLACEMENT_3D('',#1292,#1293,#1294);
#1292 = CARTESIAN_POINT('',(-1.9685,-0.380999999999,0.1905));
#1293 = DIRECTION('',(0.707106781187,0.,0.707106781187));
#1294 = DIRECTION('',(0.,1.,0.));
#1295 = ADVANCED_FACE('',(#1296),#1301,.F.);
#1296 = FACE_BOUND('',#1297,.F.);
#1297 = EDGE_LOOP('',(#1298,#1299,#1300));
#1298 = ORIENTED_EDGE('',*,*,#1284,.F.);
#1299 = ORIENTED_EDGE('',*,*,#217,.T.);
#1300 = ORIENTED_EDGE('',*,*,#1229,.T.);
#1301 = PLANE('',#1302);
#1302 = AXIS2_PLACEMENT_3D('',#1303,#1304,#1305);
#1303 = CARTESIAN_POINT('',(-2.159,0.571499999999,0.1905));
#1304 = DIRECTION('',(5.E-17,0.707106781187,0.707106781187));
#1305 = DIRECTION('',(-1.,7.035533905933E-17,3.553390593274E-19));
#1306 = ADVANCED_FACE('',(#1307),#1317,.F.);
#1307 = FACE_BOUND('',#1308,.T.);
#1308 = EDGE_LOOP('',(#1309,#1315,#1316));
#1309 = ORIENTED_EDGE('',*,*,#1310,.F.);
#1310 = EDGE_CURVE('',#194,#1237,#1311,.T.);
#1311 = LINE('',#1312,#1313);
#1312 = CARTESIAN_POINT('',(-2.159,2.159,0.381));
#1313 = VECTOR('',#1314,1.);
#1314 = DIRECTION('',(-0.57735026919,0.57735026919,0.57735026919));
#1315 = ORIENTED_EDGE('',*,*,#201,.T.);
#1316 = ORIENTED_EDGE('',*,*,#1236,.T.);
#1317 = PLANE('',#1318);
#1318 = AXIS2_PLACEMENT_3D('',#1319,#1320,#1321);
#1319 = CARTESIAN_POINT('',(-2.159,1.968500000001,0.1905));
#1320 = DIRECTION('',(5.E-17,-0.707106781187,0.707106781187));
#1321 = DIRECTION('',(1.,7.035533905933E-17,-3.553390593274E-19));
#1322 = ADVANCED_FACE('',(#1323),#1334,.F.);
#1323 = FACE_BOUND('',#1324,.T.);
#1324 = EDGE_LOOP('',(#1325,#1331,#1332,#1333));
#1325 = ORIENTED_EDGE('',*,*,#1326,.F.);
#1326 = EDGE_CURVE('',#186,#1245,#1327,.T.);
#1327 = LINE('',#1328,#1329);
#1328 = CARTESIAN_POINT('',(-2.159,2.920999999999,0.381));
#1329 = VECTOR('',#1330,1.);
#1330 = DIRECTION('',(-0.57735026919,-0.57735026919,0.57735026919));
#1331 = ORIENTED_EDGE('',*,*,#193,.T.);
#1332 = ORIENTED_EDGE('',*,*,#1310,.T.);
#1333 = ORIENTED_EDGE('',*,*,#1244,.T.);
#1334 = PLANE('',#1335);
#1335 = AXIS2_PLACEMENT_3D('',#1336,#1337,#1338);
#1336 = CARTESIAN_POINT('',(-1.9685,2.920999999999,0.1905));
#1337 = DIRECTION('',(0.707106781187,3.2E-16,0.707106781187));
#1338 = DIRECTION('',(-1.274169979695E-18,1.,-4.512741699797E-16));
#1339 = ADVANCED_FACE('',(#1340),#1345,.F.);
#1340 = FACE_BOUND('',#1341,.T.);
#1341 = EDGE_LOOP('',(#1342,#1343,#1344));
#1342 = ORIENTED_EDGE('',*,*,#1252,.T.);
#1343 = ORIENTED_EDGE('',*,*,#185,.T.);
#1344 = ORIENTED_EDGE('',*,*,#1326,.T.);
#1345 = PLANE('',#1346);
#1346 = AXIS2_PLACEMENT_3D('',#1347,#1348,#1349);
#1347 = CARTESIAN_POINT('',(-2.921,3.111499999999,0.1905));
#1348 = DIRECTION('',(0.,0.707106781187,0.707106781187));
#1349 = DIRECTION('',(-1.,0.,0.));
#1350 = ADVANCED_FACE('',(#1351),#1369,.F.);
#1351 = FACE_BOUND('',#1352,.F.);
#1352 = EDGE_LOOP('',(#1353,#1354,#1362,#1368));
#1353 = ORIENTED_EDGE('',*,*,#169,.F.);
#1354 = ORIENTED_EDGE('',*,*,#1355,.F.);
#1355 = EDGE_CURVE('',#1356,#162,#1358,.T.);
#1356 = VERTEX_POINT('',#1357);
#1357 = CARTESIAN_POINT('',(-0.647,3.81,6.35));
#1358 = LINE('',#1359,#1360);
#1359 = CARTESIAN_POINT('',(-0.647,3.81,14.357799220284));
#1360 = VECTOR('',#1361,1.);
#1361 = DIRECTION('',(-0.,-4.4E-16,-1.));
#1362 = ORIENTED_EDGE('',*,*,#1363,.T.);
#1363 = EDGE_CURVE('',#1356,#1198,#1364,.T.);
#1364 = LINE('',#1365,#1366);
#1365 = CARTESIAN_POINT('',(9.64,3.81,6.35));
#1366 = VECTOR('',#1367,1.);
#1367 = DIRECTION('',(-1.,0.,0.));
#1368 = ORIENTED_EDGE('',*,*,#1197,.F.);
#1369 = PLANE('',#1370);
#1370 = AXIS2_PLACEMENT_3D('',#1371,#1372,#1373);
#1371 = CARTESIAN_POINT('',(9.64,3.81,0.));
#1372 = DIRECTION('',(0.,-1.,0.));
#1373 = DIRECTION('',(-1.,0.,0.));
#1374 = ADVANCED_FACE('',(#1375),#1393,.F.);
#1375 = FACE_BOUND('',#1376,.T.);
#1376 = EDGE_LOOP('',(#1377,#1385,#1391,#1392));
#1377 = ORIENTED_EDGE('',*,*,#1378,.F.);
#1378 = EDGE_CURVE('',#1379,#1356,#1381,.T.);
#1379 = VERTEX_POINT('',#1380);
#1380 = CARTESIAN_POINT('',(-0.52,3.556,6.35));
#1381 = LINE('',#1382,#1383);
#1382 = CARTESIAN_POINT('',(0.3702,1.7756,6.35));
#1383 = VECTOR('',#1384,1.);
#1384 = DIRECTION('',(-0.4472135955,0.894427191,0.));
#1385 = ORIENTED_EDGE('',*,*,#1386,.T.);
#1386 = EDGE_CURVE('',#1379,#154,#1387,.T.);
#1387 = LINE('',#1388,#1389);
#1388 = CARTESIAN_POINT('',(-0.52,3.556,14.357799220284));
#1389 = VECTOR('',#1390,1.);
#1390 = DIRECTION('',(-0.,-4.4E-16,-1.));
#1391 = ORIENTED_EDGE('',*,*,#161,.T.);
#1392 = ORIENTED_EDGE('',*,*,#1355,.F.);
#1393 = PLANE('',#1394);
#1394 = AXIS2_PLACEMENT_3D('',#1395,#1396,#1397);
#1395 = CARTESIAN_POINT('',(-0.52,3.556,14.357799220284));
#1396 = DIRECTION('',(-0.894427191,-0.4472135955,2.E-16));
#1397 = DIRECTION('',(0.4472135955,-0.894427191,4.E-16));
#1398 = ADVANCED_FACE('',(#1399),#1417,.F.);
#1399 = FACE_BOUND('',#1400,.T.);
#1400 = EDGE_LOOP('',(#1401,#1409,#1415,#1416));
#1401 = ORIENTED_EDGE('',*,*,#1402,.F.);
#1402 = EDGE_CURVE('',#1403,#1379,#1405,.T.);
#1403 = VERTEX_POINT('',#1404);
#1404 = CARTESIAN_POINT('',(-0.393,3.81,6.35));
#1405 = LINE('',#1406,#1407);
#1406 = CARTESIAN_POINT('',(-0.4807,3.6346,6.35));
#1407 = VECTOR('',#1408,1.);
#1408 = DIRECTION('',(-0.4472135955,-0.894427191,0.));
#1409 = ORIENTED_EDGE('',*,*,#1410,.T.);
#1410 = EDGE_CURVE('',#1403,#146,#1411,.T.);
#1411 = LINE('',#1412,#1413);
#1412 = CARTESIAN_POINT('',(-0.393,3.81,14.357799220284));
#1413 = VECTOR('',#1414,1.);
#1414 = DIRECTION('',(-0.,-4.4E-16,-1.));
#1415 = ORIENTED_EDGE('',*,*,#153,.T.);
#1416 = ORIENTED_EDGE('',*,*,#1386,.F.);
#1417 = PLANE('',#1418);
#1418 = AXIS2_PLACEMENT_3D('',#1419,#1420,#1421);
#1419 = CARTESIAN_POINT('',(-0.393,3.81,14.357799220284));
#1420 = DIRECTION('',(0.894427191,-0.4472135955,2.E-16));
#1421 = DIRECTION('',(0.4472135955,0.894427191,-4.E-16));
#1422 = ADVANCED_FACE('',(#1423),#1441,.F.);
#1423 = FACE_BOUND('',#1424,.F.);
#1424 = EDGE_LOOP('',(#1425,#1426,#1434,#1440));
#1425 = ORIENTED_EDGE('',*,*,#145,.F.);
#1426 = ORIENTED_EDGE('',*,*,#1427,.F.);
#1427 = EDGE_CURVE('',#1428,#138,#1430,.T.);
#1428 = VERTEX_POINT('',#1429);
#1429 = CARTESIAN_POINT('',(1.893,3.81,6.35));
#1430 = LINE('',#1431,#1432);
#1431 = CARTESIAN_POINT('',(1.893,3.81,14.357799220284));
#1432 = VECTOR('',#1433,1.);
#1433 = DIRECTION('',(-0.,-4.4E-16,-1.));
#1434 = ORIENTED_EDGE('',*,*,#1435,.T.);
#1435 = EDGE_CURVE('',#1428,#1403,#1436,.T.);
#1436 = LINE('',#1437,#1438);
#1437 = CARTESIAN_POINT('',(9.64,3.81,6.35));
#1438 = VECTOR('',#1439,1.);
#1439 = DIRECTION('',(-1.,0.,0.));
#1440 = ORIENTED_EDGE('',*,*,#1410,.T.);
#1441 = PLANE('',#1442);
#1442 = AXIS2_PLACEMENT_3D('',#1443,#1444,#1445);
#1443 = CARTESIAN_POINT('',(9.64,3.81,0.));
#1444 = DIRECTION('',(0.,-1.,0.));
#1445 = DIRECTION('',(-1.,0.,0.));
#1446 = ADVANCED_FACE('',(#1447),#1465,.F.);
#1447 = FACE_BOUND('',#1448,.T.);
#1448 = EDGE_LOOP('',(#1449,#1457,#1463,#1464));
#1449 = ORIENTED_EDGE('',*,*,#1450,.F.);
#1450 = EDGE_CURVE('',#1451,#1428,#1453,.T.);
#1451 = VERTEX_POINT('',#1452);
#1452 = CARTESIAN_POINT('',(2.02,3.556,6.35));
#1453 = LINE('',#1454,#1455);
#1454 = CARTESIAN_POINT('',(2.6562,2.2836,6.35));
#1455 = VECTOR('',#1456,1.);
#1456 = DIRECTION('',(-0.4472135955,0.894427191,0.));
#1457 = ORIENTED_EDGE('',*,*,#1458,.T.);
#1458 = EDGE_CURVE('',#1451,#130,#1459,.T.);
#1459 = LINE('',#1460,#1461);
#1460 = CARTESIAN_POINT('',(2.02,3.556,14.357799220284));
#1461 = VECTOR('',#1462,1.);
#1462 = DIRECTION('',(-0.,-4.4E-16,-1.));
#1463 = ORIENTED_EDGE('',*,*,#137,.T.);
#1464 = ORIENTED_EDGE('',*,*,#1427,.F.);
#1465 = PLANE('',#1466);
#1466 = AXIS2_PLACEMENT_3D('',#1467,#1468,#1469);
#1467 = CARTESIAN_POINT('',(2.02,3.556,14.357799220284));
#1468 = DIRECTION('',(-0.894427191,-0.4472135955,2.E-16));
#1469 = DIRECTION('',(0.4472135955,-0.894427191,4.E-16));
#1470 = ADVANCED_FACE('',(#1471),#1489,.F.);
#1471 = FACE_BOUND('',#1472,.T.);
#1472 = EDGE_LOOP('',(#1473,#1481,#1487,#1488));
#1473 = ORIENTED_EDGE('',*,*,#1474,.F.);
#1474 = EDGE_CURVE('',#1475,#1451,#1477,.T.);
#1475 = VERTEX_POINT('',#1476);
#1476 = CARTESIAN_POINT('',(2.147,3.81,6.35));
#1477 = LINE('',#1478,#1479);
#1478 = CARTESIAN_POINT('',(1.8053,3.1266,6.35));
#1479 = VECTOR('',#1480,1.);
#1480 = DIRECTION('',(-0.4472135955,-0.894427191,0.));
#1481 = ORIENTED_EDGE('',*,*,#1482,.T.);
#1482 = EDGE_CURVE('',#1475,#122,#1483,.T.);
#1483 = LINE('',#1484,#1485);
#1484 = CARTESIAN_POINT('',(2.147,3.81,14.357799220284));
#1485 = VECTOR('',#1486,1.);
#1486 = DIRECTION('',(-0.,-4.4E-16,-1.));
#1487 = ORIENTED_EDGE('',*,*,#129,.T.);
#1488 = ORIENTED_EDGE('',*,*,#1458,.F.);
#1489 = PLANE('',#1490);
#1490 = AXIS2_PLACEMENT_3D('',#1491,#1492,#1493);
#1491 = CARTESIAN_POINT('',(2.147,3.81,14.357799220284));
#1492 = DIRECTION('',(0.894427191,-0.4472135955,2.E-16));
#1493 = DIRECTION('',(0.4472135955,0.894427191,-4.E-16));
#1494 = ADVANCED_FACE('',(#1495),#1513,.F.);
#1495 = FACE_BOUND('',#1496,.F.);
#1496 = EDGE_LOOP('',(#1497,#1498,#1506,#1512));
#1497 = ORIENTED_EDGE('',*,*,#121,.F.);
#1498 = ORIENTED_EDGE('',*,*,#1499,.F.);
#1499 = EDGE_CURVE('',#1500,#114,#1502,.T.);
#1500 = VERTEX_POINT('',#1501);
#1501 = CARTESIAN_POINT('',(4.433,3.81,6.35));
#1502 = LINE('',#1503,#1504);
#1503 = CARTESIAN_POINT('',(4.433,3.81,14.357799220284));
#1504 = VECTOR('',#1505,1.);
#1505 = DIRECTION('',(-0.,-4.4E-16,-1.));
#1506 = ORIENTED_EDGE('',*,*,#1507,.T.);
#1507 = EDGE_CURVE('',#1500,#1475,#1508,.T.);
#1508 = LINE('',#1509,#1510);
#1509 = CARTESIAN_POINT('',(9.64,3.81,6.35));
#1510 = VECTOR('',#1511,1.);
#1511 = DIRECTION('',(-1.,0.,0.));
#1512 = ORIENTED_EDGE('',*,*,#1482,.T.);
#1513 = PLANE('',#1514);
#1514 = AXIS2_PLACEMENT_3D('',#1515,#1516,#1517);
#1515 = CARTESIAN_POINT('',(9.64,3.81,0.));
#1516 = DIRECTION('',(0.,-1.,0.));
#1517 = DIRECTION('',(-1.,0.,0.));
#1518 = ADVANCED_FACE('',(#1519),#1537,.F.);
#1519 = FACE_BOUND('',#1520,.T.);
#1520 = EDGE_LOOP('',(#1521,#1529,#1535,#1536));
#1521 = ORIENTED_EDGE('',*,*,#1522,.F.);
#1522 = EDGE_CURVE('',#1523,#1500,#1525,.T.);
#1523 = VERTEX_POINT('',#1524);
#1524 = CARTESIAN_POINT('',(4.56,3.556,6.35));
#1525 = LINE('',#1526,#1527);
#1526 = CARTESIAN_POINT('',(4.9422,2.7916,6.35));
#1527 = VECTOR('',#1528,1.);
#1528 = DIRECTION('',(-0.4472135955,0.894427191,0.));
#1529 = ORIENTED_EDGE('',*,*,#1530,.T.);
#1530 = EDGE_CURVE('',#1523,#106,#1531,.T.);
#1531 = LINE('',#1532,#1533);
#1532 = CARTESIAN_POINT('',(4.56,3.556,14.357799220284));
#1533 = VECTOR('',#1534,1.);
#1534 = DIRECTION('',(-0.,-4.4E-16,-1.));
#1535 = ORIENTED_EDGE('',*,*,#113,.T.);
#1536 = ORIENTED_EDGE('',*,*,#1499,.F.);
#1537 = PLANE('',#1538);
#1538 = AXIS2_PLACEMENT_3D('',#1539,#1540,#1541);
#1539 = CARTESIAN_POINT('',(4.56,3.556,14.357799220284));
#1540 = DIRECTION('',(-0.894427191,-0.4472135955,2.E-16));
#1541 = DIRECTION('',(0.4472135955,-0.894427191,4.E-16));
#1542 = ADVANCED_FACE('',(#1543),#1561,.F.);
#1543 = FACE_BOUND('',#1544,.T.);
#1544 = EDGE_LOOP('',(#1545,#1553,#1559,#1560));
#1545 = ORIENTED_EDGE('',*,*,#1546,.F.);
#1546 = EDGE_CURVE('',#1547,#1523,#1549,.T.);
#1547 = VERTEX_POINT('',#1548);
#1548 = CARTESIAN_POINT('',(4.687,3.81,6.35));
#1549 = LINE('',#1550,#1551);
#1550 = CARTESIAN_POINT('',(4.0913,2.6186,6.35));
#1551 = VECTOR('',#1552,1.);
#1552 = DIRECTION('',(-0.4472135955,-0.894427191,0.));
#1553 = ORIENTED_EDGE('',*,*,#1554,.T.);
#1554 = EDGE_CURVE('',#1547,#98,#1555,.T.);
#1555 = LINE('',#1556,#1557);
#1556 = CARTESIAN_POINT('',(4.687,3.81,14.357799220284));
#1557 = VECTOR('',#1558,1.);
#1558 = DIRECTION('',(-0.,-4.4E-16,-1.));
#1559 = ORIENTED_EDGE('',*,*,#105,.T.);
#1560 = ORIENTED_EDGE('',*,*,#1530,.F.);
#1561 = PLANE('',#1562);
#1562 = AXIS2_PLACEMENT_3D('',#1563,#1564,#1565);
#1563 = CARTESIAN_POINT('',(4.687,3.81,14.357799220284));
#1564 = DIRECTION('',(0.894427191,-0.4472135955,2.E-16));
#1565 = DIRECTION('',(0.4472135955,0.894427191,-4.E-16));
#1566 = ADVANCED_FACE('',(#1567),#1585,.F.);
#1567 = FACE_BOUND('',#1568,.F.);
#1568 = EDGE_LOOP('',(#1569,#1570,#1578,#1584));
#1569 = ORIENTED_EDGE('',*,*,#97,.F.);
#1570 = ORIENTED_EDGE('',*,*,#1571,.F.);
#1571 = EDGE_CURVE('',#1572,#90,#1574,.T.);
#1572 = VERTEX_POINT('',#1573);
#1573 = CARTESIAN_POINT('',(6.973,3.81,6.35));
#1574 = LINE('',#1575,#1576);
#1575 = CARTESIAN_POINT('',(6.973,3.81,14.357799220284));
#1576 = VECTOR('',#1577,1.);
#1577 = DIRECTION('',(-0.,-4.4E-16,-1.));
#1578 = ORIENTED_EDGE('',*,*,#1579,.T.);
#1579 = EDGE_CURVE('',#1572,#1547,#1580,.T.);
#1580 = LINE('',#1581,#1582);
#1581 = CARTESIAN_POINT('',(9.64,3.81,6.35));
#1582 = VECTOR('',#1583,1.);
#1583 = DIRECTION('',(-1.,0.,0.));
#1584 = ORIENTED_EDGE('',*,*,#1554,.T.);
#1585 = PLANE('',#1586);
#1586 = AXIS2_PLACEMENT_3D('',#1587,#1588,#1589);
#1587 = CARTESIAN_POINT('',(9.64,3.81,0.));
#1588 = DIRECTION('',(0.,-1.,0.));
#1589 = DIRECTION('',(-1.,0.,0.));
#1590 = ADVANCED_FACE('',(#1591),#1609,.F.);
#1591 = FACE_BOUND('',#1592,.T.);
#1592 = EDGE_LOOP('',(#1593,#1601,#1607,#1608));
#1593 = ORIENTED_EDGE('',*,*,#1594,.F.);
#1594 = EDGE_CURVE('',#1595,#1572,#1597,.T.);
#1595 = VERTEX_POINT('',#1596);
#1596 = CARTESIAN_POINT('',(7.1,3.556,6.35));
#1597 = LINE('',#1598,#1599);
#1598 = CARTESIAN_POINT('',(7.2282,3.2996,6.35));
#1599 = VECTOR('',#1600,1.);
#1600 = DIRECTION('',(-0.4472135955,0.894427191,0.));
#1601 = ORIENTED_EDGE('',*,*,#1602,.T.);
#1602 = EDGE_CURVE('',#1595,#82,#1603,.T.);
#1603 = LINE('',#1604,#1605);
#1604 = CARTESIAN_POINT('',(7.1,3.556,14.357799220284));
#1605 = VECTOR('',#1606,1.);
#1606 = DIRECTION('',(-0.,-4.4E-16,-1.));
#1607 = ORIENTED_EDGE('',*,*,#89,.T.);
#1608 = ORIENTED_EDGE('',*,*,#1571,.F.);
#1609 = PLANE('',#1610);
#1610 = AXIS2_PLACEMENT_3D('',#1611,#1612,#1613);
#1611 = CARTESIAN_POINT('',(7.1,3.556,14.357799220284));
#1612 = DIRECTION('',(-0.894427191,-0.4472135955,2.E-16));
#1613 = DIRECTION('',(0.4472135955,-0.894427191,4.E-16));
#1614 = ADVANCED_FACE('',(#1615),#1633,.F.);
#1615 = FACE_BOUND('',#1616,.T.);
#1616 = EDGE_LOOP('',(#1617,#1625,#1631,#1632));
#1617 = ORIENTED_EDGE('',*,*,#1618,.F.);
#1618 = EDGE_CURVE('',#1619,#1595,#1621,.T.);
#1619 = VERTEX_POINT('',#1620);
#1620 = CARTESIAN_POINT('',(7.227,3.81,6.35));
#1621 = LINE('',#1622,#1623);
#1622 = CARTESIAN_POINT('',(6.3773,2.1106,6.35));
#1623 = VECTOR('',#1624,1.);
#1624 = DIRECTION('',(-0.4472135955,-0.894427191,0.));
#1625 = ORIENTED_EDGE('',*,*,#1626,.T.);
#1626 = EDGE_CURVE('',#1619,#74,#1627,.T.);
#1627 = LINE('',#1628,#1629);
#1628 = CARTESIAN_POINT('',(7.227,3.81,14.357799220284));
#1629 = VECTOR('',#1630,1.);
#1630 = DIRECTION('',(-0.,-4.4E-16,-1.));
#1631 = ORIENTED_EDGE('',*,*,#81,.T.);
#1632 = ORIENTED_EDGE('',*,*,#1602,.F.);
#1633 = PLANE('',#1634);
#1634 = AXIS2_PLACEMENT_3D('',#1635,#1636,#1637);
#1635 = CARTESIAN_POINT('',(7.227,3.81,14.357799220284));
#1636 = DIRECTION('',(0.894427191,-0.4472135955,2.E-16));
#1637 = DIRECTION('',(0.4472135955,0.894427191,-4.E-16));
#1638 = ADVANCED_FACE('',(#1639),#1657,.F.);
#1639 = FACE_BOUND('',#1640,.F.);
#1640 = EDGE_LOOP('',(#1641,#1642,#1650,#1656));
#1641 = ORIENTED_EDGE('',*,*,#73,.F.);
#1642 = ORIENTED_EDGE('',*,*,#1643,.F.);
#1643 = EDGE_CURVE('',#1644,#66,#1646,.T.);
#1644 = VERTEX_POINT('',#1645);
#1645 = CARTESIAN_POINT('',(9.513,3.81,6.35));
#1646 = LINE('',#1647,#1648);
#1647 = CARTESIAN_POINT('',(9.513,3.81,14.357799220284));
#1648 = VECTOR('',#1649,1.);
#1649 = DIRECTION('',(-0.,-4.4E-16,-1.));
#1650 = ORIENTED_EDGE('',*,*,#1651,.T.);
#1651 = EDGE_CURVE('',#1644,#1619,#1652,.T.);
#1652 = LINE('',#1653,#1654);
#1653 = CARTESIAN_POINT('',(9.64,3.81,6.35));
#1654 = VECTOR('',#1655,1.);
#1655 = DIRECTION('',(-1.,0.,0.));
#1656 = ORIENTED_EDGE('',*,*,#1626,.T.);
#1657 = PLANE('',#1658);
#1658 = AXIS2_PLACEMENT_3D('',#1659,#1660,#1661);
#1659 = CARTESIAN_POINT('',(9.64,3.81,0.));
#1660 = DIRECTION('',(0.,-1.,0.));
#1661 = DIRECTION('',(-1.,0.,0.));
#1662 = ADVANCED_FACE('',(#1663),#1674,.F.);
#1663 = FACE_BOUND('',#1664,.T.);
#1664 = EDGE_LOOP('',(#1665,#1671,#1672,#1673));
#1665 = ORIENTED_EDGE('',*,*,#1666,.F.);
#1666 = EDGE_CURVE('',#768,#1644,#1667,.T.);
#1667 = LINE('',#1668,#1669);
#1668 = CARTESIAN_POINT('',(9.5142,3.8076,6.35));
#1669 = VECTOR('',#1670,1.);
#1670 = DIRECTION('',(-0.4472135955,0.894427191,0.));
#1671 = ORIENTED_EDGE('',*,*,#775,.T.);
#1672 = ORIENTED_EDGE('',*,*,#65,.T.);
#1673 = ORIENTED_EDGE('',*,*,#1643,.F.);
#1674 = PLANE('',#1675);
#1675 = AXIS2_PLACEMENT_3D('',#1676,#1677,#1678);
#1676 = CARTESIAN_POINT('',(9.64,3.556,14.357799220284));
#1677 = DIRECTION('',(-0.894427191,-0.4472135955,2.E-16));
#1678 = DIRECTION('',(0.4472135955,-0.894427191,4.E-16));
#1679 = ADVANCED_FACE('',(#1680),#1705,.F.);
#1680 = FACE_BOUND('',#1681,.F.);
#1681 = EDGE_LOOP('',(#1682,#1690,#1691,#1699));
#1682 = ORIENTED_EDGE('',*,*,#1683,.F.);
#1683 = EDGE_CURVE('',#418,#1684,#1686,.T.);
#1684 = VERTEX_POINT('',#1685);
#1685 = CARTESIAN_POINT('',(0.381,0.380999999999,0.381));
#1686 = LINE('',#1687,#1688);
#1687 = CARTESIAN_POINT('',(0.381,0.381,0.381));
#1688 = VECTOR('',#1689,1.);
#1689 = DIRECTION('',(-0.57735026919,-0.57735026919,0.57735026919));
#1690 = ORIENTED_EDGE('',*,*,#417,.T.);
#1691 = ORIENTED_EDGE('',*,*,#1692,.T.);
#1692 = EDGE_CURVE('',#420,#1693,#1695,.T.);
#1693 = VERTEX_POINT('',#1694);
#1694 = CARTESIAN_POINT('',(-0.381,0.380999999999,0.381));
#1695 = LINE('',#1696,#1697);
#1696 = CARTESIAN_POINT('',(-0.381,0.380999999999,0.381));
#1697 = VECTOR('',#1698,1.);
#1698 = DIRECTION('',(0.57735026919,-0.57735026919,0.57735026919));
#1699 = ORIENTED_EDGE('',*,*,#1700,.F.);
#1700 = EDGE_CURVE('',#1684,#1693,#1701,.T.);
#1701 = LINE('',#1702,#1703);
#1702 = CARTESIAN_POINT('',(0.381,0.380999999999,0.381));
#1703 = VECTOR('',#1704,1.);
#1704 = DIRECTION('',(-1.,7.E-17,0.));
#1705 = PLANE('',#1706);
#1706 = AXIS2_PLACEMENT_3D('',#1707,#1708,#1709);
#1707 = CARTESIAN_POINT('',(0.381,0.571499999999,0.1905));
#1708 = DIRECTION('',(5.E-17,0.707106781187,0.707106781187));
#1709 = DIRECTION('',(-1.,7.035533905933E-17,3.553390593274E-19));
#1710 = ADVANCED_FACE('',(#1711),#1729,.F.);
#1711 = FACE_BOUND('',#1712,.F.);
#1712 = EDGE_LOOP('',(#1713,#1721,#1722,#1723));
#1713 = ORIENTED_EDGE('',*,*,#1714,.F.);
#1714 = EDGE_CURVE('',#428,#1715,#1717,.T.);
#1715 = VERTEX_POINT('',#1716);
#1716 = CARTESIAN_POINT('',(0.381,-0.380999999999,0.381));
#1717 = LINE('',#1718,#1719);
#1718 = CARTESIAN_POINT('',(0.381,-0.380999999999,0.381));
#1719 = VECTOR('',#1720,1.);
#1720 = DIRECTION('',(-0.57735026919,0.57735026919,0.57735026919));
#1721 = ORIENTED_EDGE('',*,*,#427,.T.);
#1722 = ORIENTED_EDGE('',*,*,#1683,.T.);
#1723 = ORIENTED_EDGE('',*,*,#1724,.F.);
#1724 = EDGE_CURVE('',#1715,#1684,#1725,.T.);
#1725 = LINE('',#1726,#1727);
#1726 = CARTESIAN_POINT('',(0.381,-0.380999999999,0.381));
#1727 = VECTOR('',#1728,1.);
#1728 = DIRECTION('',(0.,1.,0.));
#1729 = PLANE('',#1730);
#1730 = AXIS2_PLACEMENT_3D('',#1731,#1732,#1733);
#1731 = CARTESIAN_POINT('',(0.5715,-0.380999999999,0.1905));
#1732 = DIRECTION('',(0.707106781187,0.,0.707106781187));
#1733 = DIRECTION('',(0.,1.,0.));
#1734 = ADVANCED_FACE('',(#1735),#1753,.F.);
#1735 = FACE_BOUND('',#1736,.F.);
#1736 = EDGE_LOOP('',(#1737,#1738,#1739,#1747));
#1737 = ORIENTED_EDGE('',*,*,#1692,.F.);
#1738 = ORIENTED_EDGE('',*,*,#443,.T.);
#1739 = ORIENTED_EDGE('',*,*,#1740,.T.);
#1740 = EDGE_CURVE('',#436,#1741,#1743,.T.);
#1741 = VERTEX_POINT('',#1742);
#1742 = CARTESIAN_POINT('',(-0.381,-0.380999999999,0.381));
#1743 = LINE('',#1744,#1745);
#1744 = CARTESIAN_POINT('',(-0.381,-0.381,0.381));
#1745 = VECTOR('',#1746,1.);
#1746 = DIRECTION('',(0.57735026919,0.57735026919,0.57735026919));
#1747 = ORIENTED_EDGE('',*,*,#1748,.F.);
#1748 = EDGE_CURVE('',#1693,#1741,#1749,.T.);
#1749 = LINE('',#1750,#1751);
#1750 = CARTESIAN_POINT('',(-0.381,0.380999999999,0.381));
#1751 = VECTOR('',#1752,1.);
#1752 = DIRECTION('',(0.,-1.,0.));
#1753 = PLANE('',#1754);
#1754 = AXIS2_PLACEMENT_3D('',#1755,#1756,#1757);
#1755 = CARTESIAN_POINT('',(-0.5715,0.380999999999,0.1905));
#1756 = DIRECTION('',(-0.707106781187,0.,0.707106781187));
#1757 = DIRECTION('',(0.,-1.,0.));
#1758 = ADVANCED_FACE('',(#1759),#1770,.F.);
#1759 = FACE_BOUND('',#1760,.F.);
#1760 = EDGE_LOOP('',(#1761,#1762,#1763,#1764));
#1761 = ORIENTED_EDGE('',*,*,#1740,.F.);
#1762 = ORIENTED_EDGE('',*,*,#435,.T.);
#1763 = ORIENTED_EDGE('',*,*,#1714,.T.);
#1764 = ORIENTED_EDGE('',*,*,#1765,.F.);
#1765 = EDGE_CURVE('',#1741,#1715,#1766,.T.);
#1766 = LINE('',#1767,#1768);
#1767 = CARTESIAN_POINT('',(-0.381,-0.380999999999,0.381));
#1768 = VECTOR('',#1769,1.);
#1769 = DIRECTION('',(1.,0.,0.));
#1770 = PLANE('',#1771);
#1771 = AXIS2_PLACEMENT_3D('',#1772,#1773,#1774);
#1772 = CARTESIAN_POINT('',(-0.381,-0.571499999999,0.1905));
#1773 = DIRECTION('',(0.,-0.707106781187,0.707106781187));
#1774 = DIRECTION('',(1.,0.,0.));
#1775 = ADVANCED_FACE('',(#1776),#1801,.F.);
#1776 = FACE_BOUND('',#1777,.F.);
#1777 = EDGE_LOOP('',(#1778,#1786,#1787,#1795));
#1778 = ORIENTED_EDGE('',*,*,#1779,.F.);
#1779 = EDGE_CURVE('',#452,#1780,#1782,.T.);
#1780 = VERTEX_POINT('',#1781);
#1781 = CARTESIAN_POINT('',(2.921,-0.380999999999,0.381));
#1782 = LINE('',#1783,#1784);
#1783 = CARTESIAN_POINT('',(2.921,-0.380999999999,0.381));
#1784 = VECTOR('',#1785,1.);
#1785 = DIRECTION('',(-0.57735026919,0.57735026919,0.57735026919));
#1786 = ORIENTED_EDGE('',*,*,#451,.T.);
#1787 = ORIENTED_EDGE('',*,*,#1788,.T.);
#1788 = EDGE_CURVE('',#454,#1789,#1791,.T.);
#1789 = VERTEX_POINT('',#1790);
#1790 = CARTESIAN_POINT('',(2.921,0.380999999999,0.381));
#1791 = LINE('',#1792,#1793);
#1792 = CARTESIAN_POINT('',(2.921,0.381,0.381));
#1793 = VECTOR('',#1794,1.);
#1794 = DIRECTION('',(-0.57735026919,-0.57735026919,0.57735026919));
#1795 = ORIENTED_EDGE('',*,*,#1796,.F.);
#1796 = EDGE_CURVE('',#1780,#1789,#1797,.T.);
#1797 = LINE('',#1798,#1799);
#1798 = CARTESIAN_POINT('',(2.921,-0.380999999999,0.381));
#1799 = VECTOR('',#1800,1.);
#1800 = DIRECTION('',(0.,1.,0.));
#1801 = PLANE('',#1802);
#1802 = AXIS2_PLACEMENT_3D('',#1803,#1804,#1805);
#1803 = CARTESIAN_POINT('',(3.1115,-0.380999999999,0.1905));
#1804 = DIRECTION('',(0.707106781187,0.,0.707106781187));
#1805 = DIRECTION('',(0.,1.,0.));
#1806 = ADVANCED_FACE('',(#1807),#1825,.F.);
#1807 = FACE_BOUND('',#1808,.F.);
#1808 = EDGE_LOOP('',(#1809,#1817,#1818,#1819));
#1809 = ORIENTED_EDGE('',*,*,#1810,.F.);
#1810 = EDGE_CURVE('',#462,#1811,#1813,.T.);
#1811 = VERTEX_POINT('',#1812);
#1812 = CARTESIAN_POINT('',(2.159,-0.380999999999,0.381));
#1813 = LINE('',#1814,#1815);
#1814 = CARTESIAN_POINT('',(2.159,-0.381,0.381));
#1815 = VECTOR('',#1816,1.);
#1816 = DIRECTION('',(0.57735026919,0.57735026919,0.57735026919));
#1817 = ORIENTED_EDGE('',*,*,#461,.T.);
#1818 = ORIENTED_EDGE('',*,*,#1779,.T.);
#1819 = ORIENTED_EDGE('',*,*,#1820,.F.);
#1820 = EDGE_CURVE('',#1811,#1780,#1821,.T.);
#1821 = LINE('',#1822,#1823);
#1822 = CARTESIAN_POINT('',(2.159,-0.380999999999,0.381));
#1823 = VECTOR('',#1824,1.);
#1824 = DIRECTION('',(1.,0.,0.));
#1825 = PLANE('',#1826);
#1826 = AXIS2_PLACEMENT_3D('',#1827,#1828,#1829);
#1827 = CARTESIAN_POINT('',(2.159,-0.571499999999,0.1905));
#1828 = DIRECTION('',(0.,-0.707106781187,0.707106781187));
#1829 = DIRECTION('',(1.,0.,0.));
#1830 = ADVANCED_FACE('',(#1831),#1849,.F.);
#1831 = FACE_BOUND('',#1832,.F.);
#1832 = EDGE_LOOP('',(#1833,#1834,#1835,#1843));
#1833 = ORIENTED_EDGE('',*,*,#1788,.F.);
#1834 = ORIENTED_EDGE('',*,*,#477,.T.);
#1835 = ORIENTED_EDGE('',*,*,#1836,.T.);
#1836 = EDGE_CURVE('',#470,#1837,#1839,.T.);
#1837 = VERTEX_POINT('',#1838);
#1838 = CARTESIAN_POINT('',(2.159,0.380999999999,0.381));
#1839 = LINE('',#1840,#1841);
#1840 = CARTESIAN_POINT('',(2.159,0.380999999999,0.381));
#1841 = VECTOR('',#1842,1.);
#1842 = DIRECTION('',(0.57735026919,-0.57735026919,0.57735026919));
#1843 = ORIENTED_EDGE('',*,*,#1844,.F.);
#1844 = EDGE_CURVE('',#1789,#1837,#1845,.T.);
#1845 = LINE('',#1846,#1847);
#1846 = CARTESIAN_POINT('',(2.921,0.380999999999,0.381));
#1847 = VECTOR('',#1848,1.);
#1848 = DIRECTION('',(-1.,7.E-17,0.));
#1849 = PLANE('',#1850);
#1850 = AXIS2_PLACEMENT_3D('',#1851,#1852,#1853);
#1851 = CARTESIAN_POINT('',(2.921,0.571499999999,0.1905));
#1852 = DIRECTION('',(5.E-17,0.707106781187,0.707106781187));
#1853 = DIRECTION('',(-1.,7.035533905933E-17,3.553390593274E-19));
#1854 = ADVANCED_FACE('',(#1855),#1866,.F.);
#1855 = FACE_BOUND('',#1856,.F.);
#1856 = EDGE_LOOP('',(#1857,#1858,#1859,#1860));
#1857 = ORIENTED_EDGE('',*,*,#1836,.F.);
#1858 = ORIENTED_EDGE('',*,*,#469,.T.);
#1859 = ORIENTED_EDGE('',*,*,#1810,.T.);
#1860 = ORIENTED_EDGE('',*,*,#1861,.F.);
#1861 = EDGE_CURVE('',#1837,#1811,#1862,.T.);
#1862 = LINE('',#1863,#1864);
#1863 = CARTESIAN_POINT('',(2.159,0.380999999999,0.381));
#1864 = VECTOR('',#1865,1.);
#1865 = DIRECTION('',(0.,-1.,0.));
#1866 = PLANE('',#1867);
#1867 = AXIS2_PLACEMENT_3D('',#1868,#1869,#1870);
#1868 = CARTESIAN_POINT('',(1.9685,0.380999999999,0.1905));
#1869 = DIRECTION('',(-0.707106781187,0.,0.707106781187));
#1870 = DIRECTION('',(0.,-1.,0.));
#1871 = ADVANCED_FACE('',(#1872),#1897,.F.);
#1872 = FACE_BOUND('',#1873,.F.);
#1873 = EDGE_LOOP('',(#1874,#1882,#1883,#1891));
#1874 = ORIENTED_EDGE('',*,*,#1875,.F.);
#1875 = EDGE_CURVE('',#486,#1876,#1878,.T.);
#1876 = VERTEX_POINT('',#1877);
#1877 = CARTESIAN_POINT('',(5.461,-0.380999999999,0.381));
#1878 = LINE('',#1879,#1880);
#1879 = CARTESIAN_POINT('',(5.461,-0.380999999999,0.381));
#1880 = VECTOR('',#1881,1.);
#1881 = DIRECTION('',(-0.57735026919,0.57735026919,0.57735026919));
#1882 = ORIENTED_EDGE('',*,*,#485,.T.);
#1883 = ORIENTED_EDGE('',*,*,#1884,.T.);
#1884 = EDGE_CURVE('',#488,#1885,#1887,.T.);
#1885 = VERTEX_POINT('',#1886);
#1886 = CARTESIAN_POINT('',(5.461,0.380999999999,0.381));
#1887 = LINE('',#1888,#1889);
#1888 = CARTESIAN_POINT('',(5.461,0.381,0.381));
#1889 = VECTOR('',#1890,1.);
#1890 = DIRECTION('',(-0.57735026919,-0.57735026919,0.57735026919));
#1891 = ORIENTED_EDGE('',*,*,#1892,.F.);
#1892 = EDGE_CURVE('',#1876,#1885,#1893,.T.);
#1893 = LINE('',#1894,#1895);
#1894 = CARTESIAN_POINT('',(5.461,-0.380999999999,0.381));
#1895 = VECTOR('',#1896,1.);
#1896 = DIRECTION('',(0.,1.,0.));
#1897 = PLANE('',#1898);
#1898 = AXIS2_PLACEMENT_3D('',#1899,#1900,#1901);
#1899 = CARTESIAN_POINT('',(5.6515,-0.380999999999,0.1905));
#1900 = DIRECTION('',(0.707106781187,0.,0.707106781187));
#1901 = DIRECTION('',(0.,1.,0.));
#1902 = ADVANCED_FACE('',(#1903),#1921,.F.);
#1903 = FACE_BOUND('',#1904,.F.);
#1904 = EDGE_LOOP('',(#1905,#1913,#1914,#1915));
#1905 = ORIENTED_EDGE('',*,*,#1906,.F.);
#1906 = EDGE_CURVE('',#496,#1907,#1909,.T.);
#1907 = VERTEX_POINT('',#1908);
#1908 = CARTESIAN_POINT('',(4.699,-0.380999999999,0.381));
#1909 = LINE('',#1910,#1911);
#1910 = CARTESIAN_POINT('',(4.699,-0.381,0.381));
#1911 = VECTOR('',#1912,1.);
#1912 = DIRECTION('',(0.57735026919,0.57735026919,0.57735026919));
#1913 = ORIENTED_EDGE('',*,*,#495,.T.);
#1914 = ORIENTED_EDGE('',*,*,#1875,.T.);
#1915 = ORIENTED_EDGE('',*,*,#1916,.F.);
#1916 = EDGE_CURVE('',#1907,#1876,#1917,.T.);
#1917 = LINE('',#1918,#1919);
#1918 = CARTESIAN_POINT('',(4.699,-0.380999999999,0.381));
#1919 = VECTOR('',#1920,1.);
#1920 = DIRECTION('',(1.,0.,0.));
#1921 = PLANE('',#1922);
#1922 = AXIS2_PLACEMENT_3D('',#1923,#1924,#1925);
#1923 = CARTESIAN_POINT('',(4.699,-0.571499999999,0.1905));
#1924 = DIRECTION('',(0.,-0.707106781187,0.707106781187));
#1925 = DIRECTION('',(1.,0.,0.));
#1926 = ADVANCED_FACE('',(#1927),#1945,.F.);
#1927 = FACE_BOUND('',#1928,.F.);
#1928 = EDGE_LOOP('',(#1929,#1930,#1931,#1939));
#1929 = ORIENTED_EDGE('',*,*,#1884,.F.);
#1930 = ORIENTED_EDGE('',*,*,#511,.T.);
#1931 = ORIENTED_EDGE('',*,*,#1932,.T.);
#1932 = EDGE_CURVE('',#504,#1933,#1935,.T.);
#1933 = VERTEX_POINT('',#1934);
#1934 = CARTESIAN_POINT('',(4.699,0.380999999999,0.381));
#1935 = LINE('',#1936,#1937);
#1936 = CARTESIAN_POINT('',(4.699,0.380999999999,0.381));
#1937 = VECTOR('',#1938,1.);
#1938 = DIRECTION('',(0.57735026919,-0.57735026919,0.57735026919));
#1939 = ORIENTED_EDGE('',*,*,#1940,.F.);
#1940 = EDGE_CURVE('',#1885,#1933,#1941,.T.);
#1941 = LINE('',#1942,#1943);
#1942 = CARTESIAN_POINT('',(5.461,0.380999999999,0.381));
#1943 = VECTOR('',#1944,1.);
#1944 = DIRECTION('',(-1.,7.E-17,0.));
#1945 = PLANE('',#1946);
#1946 = AXIS2_PLACEMENT_3D('',#1947,#1948,#1949);
#1947 = CARTESIAN_POINT('',(5.461,0.571499999999,0.1905));
#1948 = DIRECTION('',(5.E-17,0.707106781187,0.707106781187));
#1949 = DIRECTION('',(-1.,7.035533905933E-17,3.553390593274E-19));
#1950 = ADVANCED_FACE('',(#1951),#1962,.F.);
#1951 = FACE_BOUND('',#1952,.F.);
#1952 = EDGE_LOOP('',(#1953,#1954,#1955,#1956));
#1953 = ORIENTED_EDGE('',*,*,#1932,.F.);
#1954 = ORIENTED_EDGE('',*,*,#503,.T.);
#1955 = ORIENTED_EDGE('',*,*,#1906,.T.);
#1956 = ORIENTED_EDGE('',*,*,#1957,.F.);
#1957 = EDGE_CURVE('',#1933,#1907,#1958,.T.);
#1958 = LINE('',#1959,#1960);
#1959 = CARTESIAN_POINT('',(4.699,0.380999999999,0.381));
#1960 = VECTOR('',#1961,1.);
#1961 = DIRECTION('',(0.,-1.,0.));
#1962 = PLANE('',#1963);
#1963 = AXIS2_PLACEMENT_3D('',#1964,#1965,#1966);
#1964 = CARTESIAN_POINT('',(4.5085,0.380999999999,0.1905));
#1965 = DIRECTION('',(-0.707106781187,0.,0.707106781187));
#1966 = DIRECTION('',(0.,-1.,0.));
#1967 = ADVANCED_FACE('',(#1968),#1993,.F.);
#1968 = FACE_BOUND('',#1969,.F.);
#1969 = EDGE_LOOP('',(#1970,#1978,#1979,#1987));
#1970 = ORIENTED_EDGE('',*,*,#1971,.F.);
#1971 = EDGE_CURVE('',#520,#1972,#1974,.T.);
#1972 = VERTEX_POINT('',#1973);
#1973 = CARTESIAN_POINT('',(8.001,-0.380999999999,0.381));
#1974 = LINE('',#1975,#1976);
#1975 = CARTESIAN_POINT('',(8.001,-0.380999999999,0.381));
#1976 = VECTOR('',#1977,1.);
#1977 = DIRECTION('',(-0.57735026919,0.57735026919,0.57735026919));
#1978 = ORIENTED_EDGE('',*,*,#519,.T.);
#1979 = ORIENTED_EDGE('',*,*,#1980,.T.);
#1980 = EDGE_CURVE('',#522,#1981,#1983,.T.);
#1981 = VERTEX_POINT('',#1982);
#1982 = CARTESIAN_POINT('',(8.001,0.380999999999,0.381));
#1983 = LINE('',#1984,#1985);
#1984 = CARTESIAN_POINT('',(8.001,0.381,0.381));
#1985 = VECTOR('',#1986,1.);
#1986 = DIRECTION('',(-0.57735026919,-0.57735026919,0.57735026919));
#1987 = ORIENTED_EDGE('',*,*,#1988,.F.);
#1988 = EDGE_CURVE('',#1972,#1981,#1989,.T.);
#1989 = LINE('',#1990,#1991);
#1990 = CARTESIAN_POINT('',(8.001,-0.380999999999,0.381));
#1991 = VECTOR('',#1992,1.);
#1992 = DIRECTION('',(0.,1.,0.));
#1993 = PLANE('',#1994);
#1994 = AXIS2_PLACEMENT_3D('',#1995,#1996,#1997);
#1995 = CARTESIAN_POINT('',(8.1915,-0.380999999999,0.1905));
#1996 = DIRECTION('',(0.707106781187,0.,0.707106781187));
#1997 = DIRECTION('',(0.,1.,0.));
#1998 = ADVANCED_FACE('',(#1999),#2017,.F.);
#1999 = FACE_BOUND('',#2000,.F.);
#2000 = EDGE_LOOP('',(#2001,#2009,#2010,#2011));
#2001 = ORIENTED_EDGE('',*,*,#2002,.F.);
#2002 = EDGE_CURVE('',#530,#2003,#2005,.T.);
#2003 = VERTEX_POINT('',#2004);
#2004 = CARTESIAN_POINT('',(7.239,-0.380999999999,0.381));
#2005 = LINE('',#2006,#2007);
#2006 = CARTESIAN_POINT('',(7.239,-0.381,0.381));
#2007 = VECTOR('',#2008,1.);
#2008 = DIRECTION('',(0.57735026919,0.57735026919,0.57735026919));
#2009 = ORIENTED_EDGE('',*,*,#529,.T.);
#2010 = ORIENTED_EDGE('',*,*,#1971,.T.);
#2011 = ORIENTED_EDGE('',*,*,#2012,.F.);
#2012 = EDGE_CURVE('',#2003,#1972,#2013,.T.);
#2013 = LINE('',#2014,#2015);
#2014 = CARTESIAN_POINT('',(7.239,-0.380999999999,0.381));
#2015 = VECTOR('',#2016,1.);
#2016 = DIRECTION('',(1.,0.,0.));
#2017 = PLANE('',#2018);
#2018 = AXIS2_PLACEMENT_3D('',#2019,#2020,#2021);
#2019 = CARTESIAN_POINT('',(7.239,-0.571499999999,0.1905));
#2020 = DIRECTION('',(0.,-0.707106781187,0.707106781187));
#2021 = DIRECTION('',(1.,0.,0.));
#2022 = ADVANCED_FACE('',(#2023),#2041,.F.);
#2023 = FACE_BOUND('',#2024,.F.);
#2024 = EDGE_LOOP('',(#2025,#2026,#2027,#2035));
#2025 = ORIENTED_EDGE('',*,*,#1980,.F.);
#2026 = ORIENTED_EDGE('',*,*,#545,.T.);
#2027 = ORIENTED_EDGE('',*,*,#2028,.T.);
#2028 = EDGE_CURVE('',#538,#2029,#2031,.T.);
#2029 = VERTEX_POINT('',#2030);
#2030 = CARTESIAN_POINT('',(7.239,0.380999999999,0.381));
#2031 = LINE('',#2032,#2033);
#2032 = CARTESIAN_POINT('',(7.239,0.380999999999,0.381));
#2033 = VECTOR('',#2034,1.);
#2034 = DIRECTION('',(0.57735026919,-0.57735026919,0.57735026919));
#2035 = ORIENTED_EDGE('',*,*,#2036,.F.);
#2036 = EDGE_CURVE('',#1981,#2029,#2037,.T.);
#2037 = LINE('',#2038,#2039);
#2038 = CARTESIAN_POINT('',(8.001,0.380999999999,0.381));
#2039 = VECTOR('',#2040,1.);
#2040 = DIRECTION('',(-1.,7.E-17,0.));
#2041 = PLANE('',#2042);
#2042 = AXIS2_PLACEMENT_3D('',#2043,#2044,#2045);
#2043 = CARTESIAN_POINT('',(8.001,0.571499999999,0.1905));
#2044 = DIRECTION('',(5.E-17,0.707106781187,0.707106781187));
#2045 = DIRECTION('',(-1.,7.035533905933E-17,3.553390593274E-19));
#2046 = ADVANCED_FACE('',(#2047),#2058,.F.);
#2047 = FACE_BOUND('',#2048,.F.);
#2048 = EDGE_LOOP('',(#2049,#2050,#2051,#2052));
#2049 = ORIENTED_EDGE('',*,*,#2028,.F.);
#2050 = ORIENTED_EDGE('',*,*,#537,.T.);
#2051 = ORIENTED_EDGE('',*,*,#2002,.T.);
#2052 = ORIENTED_EDGE('',*,*,#2053,.F.);
#2053 = EDGE_CURVE('',#2029,#2003,#2054,.T.);
#2054 = LINE('',#2055,#2056);
#2055 = CARTESIAN_POINT('',(7.239,0.380999999999,0.381));
#2056 = VECTOR('',#2057,1.);
#2057 = DIRECTION('',(0.,-1.,0.));
#2058 = PLANE('',#2059);
#2059 = AXIS2_PLACEMENT_3D('',#2060,#2061,#2062);
#2060 = CARTESIAN_POINT('',(7.0485,0.380999999999,0.1905));
#2061 = DIRECTION('',(-0.707106781187,0.,0.707106781187));
#2062 = DIRECTION('',(0.,-1.,0.));
#2063 = ADVANCED_FACE('',(#2064),#2089,.F.);
#2064 = FACE_BOUND('',#2065,.T.);
#2065 = EDGE_LOOP('',(#2066,#2074,#2075,#2083));
#2066 = ORIENTED_EDGE('',*,*,#2067,.F.);
#2067 = EDGE_CURVE('',#554,#2068,#2070,.T.);
#2068 = VERTEX_POINT('',#2069);
#2069 = CARTESIAN_POINT('',(-0.381,2.920999999999,0.381));
#2070 = LINE('',#2071,#2072);
#2071 = CARTESIAN_POINT('',(-0.381,2.921,0.381));
#2072 = VECTOR('',#2073,1.);
#2073 = DIRECTION('',(0.57735026919,-0.57735026919,0.57735026919));
#2074 = ORIENTED_EDGE('',*,*,#553,.T.);
#2075 = ORIENTED_EDGE('',*,*,#2076,.T.);
#2076 = EDGE_CURVE('',#556,#2077,#2079,.T.);
#2077 = VERTEX_POINT('',#2078);
#2078 = CARTESIAN_POINT('',(0.381,2.920999999999,0.381));
#2079 = LINE('',#2080,#2081);
#2080 = CARTESIAN_POINT('',(0.381,2.920999999999,0.381));
#2081 = VECTOR('',#2082,1.);
#2082 = DIRECTION('',(-0.57735026919,-0.57735026919,0.57735026919));
#2083 = ORIENTED_EDGE('',*,*,#2084,.F.);
#2084 = EDGE_CURVE('',#2068,#2077,#2085,.T.);
#2085 = LINE('',#2086,#2087);
#2086 = CARTESIAN_POINT('',(-0.381,2.920999999999,0.381));
#2087 = VECTOR('',#2088,1.);
#2088 = DIRECTION('',(1.,0.,0.));
#2089 = PLANE('',#2090);
#2090 = AXIS2_PLACEMENT_3D('',#2091,#2092,#2093);
#2091 = CARTESIAN_POINT('',(-0.381,3.111499999999,0.1905));
#2092 = DIRECTION('',(0.,0.707106781187,0.707106781187));
#2093 = DIRECTION('',(-1.,0.,0.));
#2094 = ADVANCED_FACE('',(#2095),#2113,.F.);
#2095 = FACE_BOUND('',#2096,.T.);
#2096 = EDGE_LOOP('',(#2097,#2105,#2106,#2107));
#2097 = ORIENTED_EDGE('',*,*,#2098,.F.);
#2098 = EDGE_CURVE('',#572,#2099,#2101,.T.);
#2099 = VERTEX_POINT('',#2100);
#2100 = CARTESIAN_POINT('',(-0.381,2.159000000001,0.381));
#2101 = LINE('',#2102,#2103);
#2102 = CARTESIAN_POINT('',(-0.381,2.159000000001,0.381));
#2103 = VECTOR('',#2104,1.);
#2104 = DIRECTION('',(0.57735026919,0.57735026919,0.57735026919));
#2105 = ORIENTED_EDGE('',*,*,#579,.T.);
#2106 = ORIENTED_EDGE('',*,*,#2067,.T.);
#2107 = ORIENTED_EDGE('',*,*,#2108,.F.);
#2108 = EDGE_CURVE('',#2099,#2068,#2109,.T.);
#2109 = LINE('',#2110,#2111);
#2110 = CARTESIAN_POINT('',(-0.381,2.159000000001,0.381));
#2111 = VECTOR('',#2112,1.);
#2112 = DIRECTION('',(0.,1.,-4.4E-16));
#2113 = PLANE('',#2114);
#2114 = AXIS2_PLACEMENT_3D('',#2115,#2116,#2117);
#2115 = CARTESIAN_POINT('',(-0.5715,2.159000000001,0.1905));
#2116 = DIRECTION('',(-0.707106781187,3.2E-16,0.707106781187));
#2117 = DIRECTION('',(-1.274169979695E-18,-1.,4.512741699797E-16));
#2118 = ADVANCED_FACE('',(#2119),#2137,.F.);
#2119 = FACE_BOUND('',#2120,.T.);
#2120 = EDGE_LOOP('',(#2121,#2122,#2123,#2131));
#2121 = ORIENTED_EDGE('',*,*,#2076,.F.);
#2122 = ORIENTED_EDGE('',*,*,#563,.T.);
#2123 = ORIENTED_EDGE('',*,*,#2124,.T.);
#2124 = EDGE_CURVE('',#564,#2125,#2127,.T.);
#2125 = VERTEX_POINT('',#2126);
#2126 = CARTESIAN_POINT('',(0.381,2.159000000001,0.381));
#2127 = LINE('',#2128,#2129);
#2128 = CARTESIAN_POINT('',(0.381,2.159,0.381));
#2129 = VECTOR('',#2130,1.);
#2130 = DIRECTION('',(-0.57735026919,0.57735026919,0.57735026919));
#2131 = ORIENTED_EDGE('',*,*,#2132,.F.);
#2132 = EDGE_CURVE('',#2077,#2125,#2133,.T.);
#2133 = LINE('',#2134,#2135);
#2134 = CARTESIAN_POINT('',(0.381,2.920999999999,0.381));
#2135 = VECTOR('',#2136,1.);
#2136 = DIRECTION('',(0.,-1.,4.4E-16));
#2137 = PLANE('',#2138);
#2138 = AXIS2_PLACEMENT_3D('',#2139,#2140,#2141);
#2139 = CARTESIAN_POINT('',(0.5715,2.920999999999,0.1905));
#2140 = DIRECTION('',(0.707106781187,3.2E-16,0.707106781187));
#2141 = DIRECTION('',(-1.274169979695E-18,1.,-4.512741699797E-16));
#2142 = ADVANCED_FACE('',(#2143),#2154,.F.);
#2143 = FACE_BOUND('',#2144,.T.);
#2144 = EDGE_LOOP('',(#2145,#2146,#2147,#2148));
#2145 = ORIENTED_EDGE('',*,*,#2124,.F.);
#2146 = ORIENTED_EDGE('',*,*,#571,.T.);
#2147 = ORIENTED_EDGE('',*,*,#2098,.T.);
#2148 = ORIENTED_EDGE('',*,*,#2149,.F.);
#2149 = EDGE_CURVE('',#2125,#2099,#2150,.T.);
#2150 = LINE('',#2151,#2152);
#2151 = CARTESIAN_POINT('',(0.381,2.159000000001,0.381));
#2152 = VECTOR('',#2153,1.);
#2153 = DIRECTION('',(-1.,-7.E-17,0.));
#2154 = PLANE('',#2155);
#2155 = AXIS2_PLACEMENT_3D('',#2156,#2157,#2158);
#2156 = CARTESIAN_POINT('',(0.381,1.968500000001,0.1905));
#2157 = DIRECTION('',(5.E-17,-0.707106781187,0.707106781187));
#2158 = DIRECTION('',(1.,7.035533905933E-17,-3.553390593274E-19));
#2159 = ADVANCED_FACE('',(#2160),#2185,.F.);
#2160 = FACE_BOUND('',#2161,.T.);
#2161 = EDGE_LOOP('',(#2162,#2170,#2171,#2179));
#2162 = ORIENTED_EDGE('',*,*,#2163,.F.);
#2163 = EDGE_CURVE('',#588,#2164,#2166,.T.);
#2164 = VERTEX_POINT('',#2165);
#2165 = CARTESIAN_POINT('',(2.159,2.920999999999,0.381));
#2166 = LINE('',#2167,#2168);
#2167 = CARTESIAN_POINT('',(2.159,2.921,0.381));
#2168 = VECTOR('',#2169,1.);
#2169 = DIRECTION('',(0.57735026919,-0.57735026919,0.57735026919));
#2170 = ORIENTED_EDGE('',*,*,#587,.T.);
#2171 = ORIENTED_EDGE('',*,*,#2172,.T.);
#2172 = EDGE_CURVE('',#590,#2173,#2175,.T.);
#2173 = VERTEX_POINT('',#2174);
#2174 = CARTESIAN_POINT('',(2.921,2.920999999999,0.381));
#2175 = LINE('',#2176,#2177);
#2176 = CARTESIAN_POINT('',(2.921,2.920999999999,0.381));
#2177 = VECTOR('',#2178,1.);
#2178 = DIRECTION('',(-0.57735026919,-0.57735026919,0.57735026919));
#2179 = ORIENTED_EDGE('',*,*,#2180,.F.);
#2180 = EDGE_CURVE('',#2164,#2173,#2181,.T.);
#2181 = LINE('',#2182,#2183);
#2182 = CARTESIAN_POINT('',(2.159,2.920999999999,0.381));
#2183 = VECTOR('',#2184,1.);
#2184 = DIRECTION('',(1.,0.,0.));
#2185 = PLANE('',#2186);
#2186 = AXIS2_PLACEMENT_3D('',#2187,#2188,#2189);
#2187 = CARTESIAN_POINT('',(2.159,3.111499999999,0.1905));
#2188 = DIRECTION('',(0.,0.707106781187,0.707106781187));
#2189 = DIRECTION('',(-1.,0.,0.));
#2190 = ADVANCED_FACE('',(#2191),#2209,.F.);
#2191 = FACE_BOUND('',#2192,.T.);
#2192 = EDGE_LOOP('',(#2193,#2201,#2202,#2203));
#2193 = ORIENTED_EDGE('',*,*,#2194,.F.);
#2194 = EDGE_CURVE('',#606,#2195,#2197,.T.);
#2195 = VERTEX_POINT('',#2196);
#2196 = CARTESIAN_POINT('',(2.159,2.159000000001,0.381));
#2197 = LINE('',#2198,#2199);
#2198 = CARTESIAN_POINT('',(2.159,2.159000000001,0.381));
#2199 = VECTOR('',#2200,1.);
#2200 = DIRECTION('',(0.57735026919,0.57735026919,0.57735026919));
#2201 = ORIENTED_EDGE('',*,*,#613,.T.);
#2202 = ORIENTED_EDGE('',*,*,#2163,.T.);
#2203 = ORIENTED_EDGE('',*,*,#2204,.F.);
#2204 = EDGE_CURVE('',#2195,#2164,#2205,.T.);
#2205 = LINE('',#2206,#2207);
#2206 = CARTESIAN_POINT('',(2.159,2.159000000001,0.381));
#2207 = VECTOR('',#2208,1.);
#2208 = DIRECTION('',(0.,1.,-4.4E-16));
#2209 = PLANE('',#2210);
#2210 = AXIS2_PLACEMENT_3D('',#2211,#2212,#2213);
#2211 = CARTESIAN_POINT('',(1.9685,2.159000000001,0.1905));
#2212 = DIRECTION('',(-0.707106781187,3.2E-16,0.707106781187));
#2213 = DIRECTION('',(-1.274169979695E-18,-1.,4.512741699797E-16));
#2214 = ADVANCED_FACE('',(#2215),#2233,.F.);
#2215 = FACE_BOUND('',#2216,.T.);
#2216 = EDGE_LOOP('',(#2217,#2218,#2219,#2227));
#2217 = ORIENTED_EDGE('',*,*,#2172,.F.);
#2218 = ORIENTED_EDGE('',*,*,#597,.T.);
#2219 = ORIENTED_EDGE('',*,*,#2220,.T.);
#2220 = EDGE_CURVE('',#598,#2221,#2223,.T.);
#2221 = VERTEX_POINT('',#2222);
#2222 = CARTESIAN_POINT('',(2.921,2.159000000001,0.381));
#2223 = LINE('',#2224,#2225);
#2224 = CARTESIAN_POINT('',(2.921,2.159,0.381));
#2225 = VECTOR('',#2226,1.);
#2226 = DIRECTION('',(-0.57735026919,0.57735026919,0.57735026919));
#2227 = ORIENTED_EDGE('',*,*,#2228,.F.);
#2228 = EDGE_CURVE('',#2173,#2221,#2229,.T.);
#2229 = LINE('',#2230,#2231);
#2230 = CARTESIAN_POINT('',(2.921,2.920999999999,0.381));
#2231 = VECTOR('',#2232,1.);
#2232 = DIRECTION('',(0.,-1.,4.4E-16));
#2233 = PLANE('',#2234);
#2234 = AXIS2_PLACEMENT_3D('',#2235,#2236,#2237);
#2235 = CARTESIAN_POINT('',(3.1115,2.920999999999,0.1905));
#2236 = DIRECTION('',(0.707106781187,3.2E-16,0.707106781187));
#2237 = DIRECTION('',(-1.274169979695E-18,1.,-4.512741699797E-16));
#2238 = ADVANCED_FACE('',(#2239),#2250,.F.);
#2239 = FACE_BOUND('',#2240,.T.);
#2240 = EDGE_LOOP('',(#2241,#2242,#2243,#2244));
#2241 = ORIENTED_EDGE('',*,*,#2220,.F.);
#2242 = ORIENTED_EDGE('',*,*,#605,.T.);
#2243 = ORIENTED_EDGE('',*,*,#2194,.T.);
#2244 = ORIENTED_EDGE('',*,*,#2245,.F.);
#2245 = EDGE_CURVE('',#2221,#2195,#2246,.T.);
#2246 = LINE('',#2247,#2248);
#2247 = CARTESIAN_POINT('',(2.921,2.159000000001,0.381));
#2248 = VECTOR('',#2249,1.);
#2249 = DIRECTION('',(-1.,-7.E-17,0.));
#2250 = PLANE('',#2251);
#2251 = AXIS2_PLACEMENT_3D('',#2252,#2253,#2254);
#2252 = CARTESIAN_POINT('',(2.921,1.968500000001,0.1905));
#2253 = DIRECTION('',(5.E-17,-0.707106781187,0.707106781187));
#2254 = DIRECTION('',(1.,7.035533905933E-17,-3.553390593274E-19));
#2255 = ADVANCED_FACE('',(#2256),#2281,.F.);
#2256 = FACE_BOUND('',#2257,.T.);
#2257 = EDGE_LOOP('',(#2258,#2266,#2267,#2275));
#2258 = ORIENTED_EDGE('',*,*,#2259,.F.);
#2259 = EDGE_CURVE('',#622,#2260,#2262,.T.);
#2260 = VERTEX_POINT('',#2261);
#2261 = CARTESIAN_POINT('',(4.699,2.920999999999,0.381));
#2262 = LINE('',#2263,#2264);
#2263 = CARTESIAN_POINT('',(4.699,2.921,0.381));
#2264 = VECTOR('',#2265,1.);
#2265 = DIRECTION('',(0.57735026919,-0.57735026919,0.57735026919));
#2266 = ORIENTED_EDGE('',*,*,#621,.T.);
#2267 = ORIENTED_EDGE('',*,*,#2268,.T.);
#2268 = EDGE_CURVE('',#624,#2269,#2271,.T.);
#2269 = VERTEX_POINT('',#2270);
#2270 = CARTESIAN_POINT('',(5.461,2.920999999999,0.381));
#2271 = LINE('',#2272,#2273);
#2272 = CARTESIAN_POINT('',(5.461,2.920999999999,0.381));
#2273 = VECTOR('',#2274,1.);
#2274 = DIRECTION('',(-0.57735026919,-0.57735026919,0.57735026919));
#2275 = ORIENTED_EDGE('',*,*,#2276,.F.);
#2276 = EDGE_CURVE('',#2260,#2269,#2277,.T.);
#2277 = LINE('',#2278,#2279);
#2278 = CARTESIAN_POINT('',(4.699,2.920999999999,0.381));
#2279 = VECTOR('',#2280,1.);
#2280 = DIRECTION('',(1.,0.,0.));
#2281 = PLANE('',#2282);
#2282 = AXIS2_PLACEMENT_3D('',#2283,#2284,#2285);
#2283 = CARTESIAN_POINT('',(4.699,3.111499999999,0.1905));
#2284 = DIRECTION('',(0.,0.707106781187,0.707106781187));
#2285 = DIRECTION('',(-1.,0.,0.));
#2286 = ADVANCED_FACE('',(#2287),#2305,.F.);
#2287 = FACE_BOUND('',#2288,.T.);
#2288 = EDGE_LOOP('',(#2289,#2297,#2298,#2299));
#2289 = ORIENTED_EDGE('',*,*,#2290,.F.);
#2290 = EDGE_CURVE('',#640,#2291,#2293,.T.);
#2291 = VERTEX_POINT('',#2292);
#2292 = CARTESIAN_POINT('',(4.699,2.159000000001,0.381));
#2293 = LINE('',#2294,#2295);
#2294 = CARTESIAN_POINT('',(4.699,2.159000000001,0.381));
#2295 = VECTOR('',#2296,1.);
#2296 = DIRECTION('',(0.57735026919,0.57735026919,0.57735026919));
#2297 = ORIENTED_EDGE('',*,*,#647,.T.);
#2298 = ORIENTED_EDGE('',*,*,#2259,.T.);
#2299 = ORIENTED_EDGE('',*,*,#2300,.F.);
#2300 = EDGE_CURVE('',#2291,#2260,#2301,.T.);
#2301 = LINE('',#2302,#2303);
#2302 = CARTESIAN_POINT('',(4.699,2.159000000001,0.381));
#2303 = VECTOR('',#2304,1.);
#2304 = DIRECTION('',(0.,1.,-4.4E-16));
#2305 = PLANE('',#2306);
#2306 = AXIS2_PLACEMENT_3D('',#2307,#2308,#2309);
#2307 = CARTESIAN_POINT('',(4.5085,2.159000000001,0.1905));
#2308 = DIRECTION('',(-0.707106781187,3.2E-16,0.707106781187));
#2309 = DIRECTION('',(-1.274169979695E-18,-1.,4.512741699797E-16));
#2310 = ADVANCED_FACE('',(#2311),#2329,.F.);
#2311 = FACE_BOUND('',#2312,.T.);
#2312 = EDGE_LOOP('',(#2313,#2314,#2315,#2323));
#2313 = ORIENTED_EDGE('',*,*,#2268,.F.);
#2314 = ORIENTED_EDGE('',*,*,#631,.T.);
#2315 = ORIENTED_EDGE('',*,*,#2316,.T.);
#2316 = EDGE_CURVE('',#632,#2317,#2319,.T.);
#2317 = VERTEX_POINT('',#2318);
#2318 = CARTESIAN_POINT('',(5.461,2.159000000001,0.381));
#2319 = LINE('',#2320,#2321);
#2320 = CARTESIAN_POINT('',(5.461,2.159,0.381));
#2321 = VECTOR('',#2322,1.);
#2322 = DIRECTION('',(-0.57735026919,0.57735026919,0.57735026919));
#2323 = ORIENTED_EDGE('',*,*,#2324,.F.);
#2324 = EDGE_CURVE('',#2269,#2317,#2325,.T.);
#2325 = LINE('',#2326,#2327);
#2326 = CARTESIAN_POINT('',(5.461,2.920999999999,0.381));
#2327 = VECTOR('',#2328,1.);
#2328 = DIRECTION('',(0.,-1.,4.4E-16));
#2329 = PLANE('',#2330);
#2330 = AXIS2_PLACEMENT_3D('',#2331,#2332,#2333);
#2331 = CARTESIAN_POINT('',(5.6515,2.920999999999,0.1905));
#2332 = DIRECTION('',(0.707106781187,3.2E-16,0.707106781187));
#2333 = DIRECTION('',(-1.274169979695E-18,1.,-4.512741699797E-16));
#2334 = ADVANCED_FACE('',(#2335),#2346,.F.);
#2335 = FACE_BOUND('',#2336,.T.);
#2336 = EDGE_LOOP('',(#2337,#2338,#2339,#2340));
#2337 = ORIENTED_EDGE('',*,*,#2316,.F.);
#2338 = ORIENTED_EDGE('',*,*,#639,.T.);
#2339 = ORIENTED_EDGE('',*,*,#2290,.T.);
#2340 = ORIENTED_EDGE('',*,*,#2341,.F.);
#2341 = EDGE_CURVE('',#2317,#2291,#2342,.T.);
#2342 = LINE('',#2343,#2344);
#2343 = CARTESIAN_POINT('',(5.461,2.159000000001,0.381));
#2344 = VECTOR('',#2345,1.);
#2345 = DIRECTION('',(-1.,-7.E-17,0.));
#2346 = PLANE('',#2347);
#2347 = AXIS2_PLACEMENT_3D('',#2348,#2349,#2350);
#2348 = CARTESIAN_POINT('',(5.461,1.968500000001,0.1905));
#2349 = DIRECTION('',(5.E-17,-0.707106781187,0.707106781187));
#2350 = DIRECTION('',(1.,7.035533905933E-17,-3.553390593274E-19));
#2351 = ADVANCED_FACE('',(#2352),#2377,.F.);
#2352 = FACE_BOUND('',#2353,.T.);
#2353 = EDGE_LOOP('',(#2354,#2362,#2363,#2371));
#2354 = ORIENTED_EDGE('',*,*,#2355,.F.);
#2355 = EDGE_CURVE('',#656,#2356,#2358,.T.);
#2356 = VERTEX_POINT('',#2357);
#2357 = CARTESIAN_POINT('',(7.239,2.920999999999,0.381));
#2358 = LINE('',#2359,#2360);
#2359 = CARTESIAN_POINT('',(7.239,2.921,0.381));
#2360 = VECTOR('',#2361,1.);
#2361 = DIRECTION('',(0.57735026919,-0.57735026919,0.57735026919));
#2362 = ORIENTED_EDGE('',*,*,#655,.T.);
#2363 = ORIENTED_EDGE('',*,*,#2364,.T.);
#2364 = EDGE_CURVE('',#658,#2365,#2367,.T.);
#2365 = VERTEX_POINT('',#2366);
#2366 = CARTESIAN_POINT('',(8.001,2.920999999999,0.381));
#2367 = LINE('',#2368,#2369);
#2368 = CARTESIAN_POINT('',(8.001,2.920999999999,0.381));
#2369 = VECTOR('',#2370,1.);
#2370 = DIRECTION('',(-0.57735026919,-0.57735026919,0.57735026919));
#2371 = ORIENTED_EDGE('',*,*,#2372,.F.);
#2372 = EDGE_CURVE('',#2356,#2365,#2373,.T.);
#2373 = LINE('',#2374,#2375);
#2374 = CARTESIAN_POINT('',(7.239,2.920999999999,0.381));
#2375 = VECTOR('',#2376,1.);
#2376 = DIRECTION('',(1.,0.,0.));
#2377 = PLANE('',#2378);
#2378 = AXIS2_PLACEMENT_3D('',#2379,#2380,#2381);
#2379 = CARTESIAN_POINT('',(7.239,3.111499999999,0.1905));
#2380 = DIRECTION('',(0.,0.707106781187,0.707106781187));
#2381 = DIRECTION('',(-1.,0.,0.));
#2382 = ADVANCED_FACE('',(#2383),#2401,.F.);
#2383 = FACE_BOUND('',#2384,.T.);
#2384 = EDGE_LOOP('',(#2385,#2393,#2394,#2395));
#2385 = ORIENTED_EDGE('',*,*,#2386,.F.);
#2386 = EDGE_CURVE('',#674,#2387,#2389,.T.);
#2387 = VERTEX_POINT('',#2388);
#2388 = CARTESIAN_POINT('',(7.239,2.159000000001,0.381));
#2389 = LINE('',#2390,#2391);
#2390 = CARTESIAN_POINT('',(7.239,2.159000000001,0.381));
#2391 = VECTOR('',#2392,1.);
#2392 = DIRECTION('',(0.57735026919,0.57735026919,0.57735026919));
#2393 = ORIENTED_EDGE('',*,*,#681,.T.);
#2394 = ORIENTED_EDGE('',*,*,#2355,.T.);
#2395 = ORIENTED_EDGE('',*,*,#2396,.F.);
#2396 = EDGE_CURVE('',#2387,#2356,#2397,.T.);
#2397 = LINE('',#2398,#2399);
#2398 = CARTESIAN_POINT('',(7.239,2.159000000001,0.381));
#2399 = VECTOR('',#2400,1.);
#2400 = DIRECTION('',(0.,1.,-4.4E-16));
#2401 = PLANE('',#2402);
#2402 = AXIS2_PLACEMENT_3D('',#2403,#2404,#2405);
#2403 = CARTESIAN_POINT('',(7.0485,2.159000000001,0.1905));
#2404 = DIRECTION('',(-0.707106781187,3.2E-16,0.707106781187));
#2405 = DIRECTION('',(-1.274169979695E-18,-1.,4.512741699797E-16));
#2406 = ADVANCED_FACE('',(#2407),#2425,.F.);
#2407 = FACE_BOUND('',#2408,.T.);
#2408 = EDGE_LOOP('',(#2409,#2410,#2411,#2419));
#2409 = ORIENTED_EDGE('',*,*,#2364,.F.);
#2410 = ORIENTED_EDGE('',*,*,#665,.T.);
#2411 = ORIENTED_EDGE('',*,*,#2412,.T.);
#2412 = EDGE_CURVE('',#666,#2413,#2415,.T.);
#2413 = VERTEX_POINT('',#2414);
#2414 = CARTESIAN_POINT('',(8.001,2.159000000001,0.381));
#2415 = LINE('',#2416,#2417);
#2416 = CARTESIAN_POINT('',(8.001,2.159,0.381));
#2417 = VECTOR('',#2418,1.);
#2418 = DIRECTION('',(-0.57735026919,0.57735026919,0.57735026919));
#2419 = ORIENTED_EDGE('',*,*,#2420,.F.);
#2420 = EDGE_CURVE('',#2365,#2413,#2421,.T.);
#2421 = LINE('',#2422,#2423);
#2422 = CARTESIAN_POINT('',(8.001,2.920999999999,0.381));
#2423 = VECTOR('',#2424,1.);
#2424 = DIRECTION('',(0.,-1.,4.4E-16));
#2425 = PLANE('',#2426);
#2426 = AXIS2_PLACEMENT_3D('',#2427,#2428,#2429);
#2427 = CARTESIAN_POINT('',(8.1915,2.920999999999,0.1905));
#2428 = DIRECTION('',(0.707106781187,3.2E-16,0.707106781187));
#2429 = DIRECTION('',(-1.274169979695E-18,1.,-4.512741699797E-16));
#2430 = ADVANCED_FACE('',(#2431),#2442,.F.);
#2431 = FACE_BOUND('',#2432,.T.);
#2432 = EDGE_LOOP('',(#2433,#2434,#2435,#2436));
#2433 = ORIENTED_EDGE('',*,*,#2412,.F.);
#2434 = ORIENTED_EDGE('',*,*,#673,.T.);
#2435 = ORIENTED_EDGE('',*,*,#2386,.T.);
#2436 = ORIENTED_EDGE('',*,*,#2437,.F.);
#2437 = EDGE_CURVE('',#2413,#2387,#2438,.T.);
#2438 = LINE('',#2439,#2440);
#2439 = CARTESIAN_POINT('',(8.001,2.159000000001,0.381));
#2440 = VECTOR('',#2441,1.);
#2441 = DIRECTION('',(-1.,-7.E-17,0.));
#2442 = PLANE('',#2443);
#2443 = AXIS2_PLACEMENT_3D('',#2444,#2445,#2446);
#2444 = CARTESIAN_POINT('',(8.001,1.968500000001,0.1905));
#2445 = DIRECTION('',(5.E-17,-0.707106781187,0.707106781187));
#2446 = DIRECTION('',(1.,7.035533905933E-17,-3.553390593274E-19));
#2447 = ADVANCED_FACE('',(#2448,#2480,#2514,#2548,#2582,#2616,#2650,
    #2684,#2718),#2752,.T.);
#2448 = FACE_BOUND('',#2449,.T.);
#2449 = EDGE_LOOP('',(#2450,#2451,#2452,#2453,#2454,#2455,#2456,#2457,
    #2458,#2459,#2460,#2461,#2462,#2463,#2464,#2465,#2466,#2467,#2468,
    #2469,#2470,#2471,#2472,#2473,#2474,#2475,#2476,#2477,#2478,#2479));
#2450 = ORIENTED_EDGE('',*,*,#1666,.T.);
#2451 = ORIENTED_EDGE('',*,*,#1651,.T.);
#2452 = ORIENTED_EDGE('',*,*,#1618,.T.);
#2453 = ORIENTED_EDGE('',*,*,#1594,.T.);
#2454 = ORIENTED_EDGE('',*,*,#1579,.T.);
#2455 = ORIENTED_EDGE('',*,*,#1546,.T.);
#2456 = ORIENTED_EDGE('',*,*,#1522,.T.);
#2457 = ORIENTED_EDGE('',*,*,#1507,.T.);
#2458 = ORIENTED_EDGE('',*,*,#1474,.T.);
#2459 = ORIENTED_EDGE('',*,*,#1450,.T.);
#2460 = ORIENTED_EDGE('',*,*,#1435,.T.);
#2461 = ORIENTED_EDGE('',*,*,#1402,.T.);
#2462 = ORIENTED_EDGE('',*,*,#1378,.T.);
#2463 = ORIENTED_EDGE('',*,*,#1363,.T.);
#2464 = ORIENTED_EDGE('',*,*,#1205,.T.);
#2465 = ORIENTED_EDGE('',*,*,#1181,.T.);
#2466 = ORIENTED_EDGE('',*,*,#1148,.F.);
#2467 = ORIENTED_EDGE('',*,*,#1124,.F.);
#2468 = ORIENTED_EDGE('',*,*,#1109,.T.);
#2469 = ORIENTED_EDGE('',*,*,#1076,.F.);
#2470 = ORIENTED_EDGE('',*,*,#1052,.F.);
#2471 = ORIENTED_EDGE('',*,*,#1037,.T.);
#2472 = ORIENTED_EDGE('',*,*,#1004,.F.);
#2473 = ORIENTED_EDGE('',*,*,#980,.F.);
#2474 = ORIENTED_EDGE('',*,*,#965,.T.);
#2475 = ORIENTED_EDGE('',*,*,#932,.F.);
#2476 = ORIENTED_EDGE('',*,*,#908,.F.);
#2477 = ORIENTED_EDGE('',*,*,#893,.T.);
#2478 = ORIENTED_EDGE('',*,*,#860,.F.);
#2479 = ORIENTED_EDGE('',*,*,#767,.T.);
#2480 = FACE_BOUND('',#2481,.T.);
#2481 = EDGE_LOOP('',(#2482,#2492,#2500,#2508));
#2482 = ORIENTED_EDGE('',*,*,#2483,.T.);
#2483 = EDGE_CURVE('',#2484,#2486,#2488,.T.);
#2484 = VERTEX_POINT('',#2485);
#2485 = CARTESIAN_POINT('',(0.381,-0.380999999999,6.35));
#2486 = VERTEX_POINT('',#2487);
#2487 = CARTESIAN_POINT('',(-0.381,-0.380999999999,6.35));
#2488 = LINE('',#2489,#2490);
#2489 = CARTESIAN_POINT('',(1.7145,-0.380999999999,6.35));
#2490 = VECTOR('',#2491,1.);
#2491 = DIRECTION('',(-1.,0.,0.));
#2492 = ORIENTED_EDGE('',*,*,#2493,.T.);
#2493 = EDGE_CURVE('',#2486,#2494,#2496,.T.);
#2494 = VERTEX_POINT('',#2495);
#2495 = CARTESIAN_POINT('',(-0.381,0.380999999999,6.35));
#2496 = LINE('',#2497,#2498);
#2497 = CARTESIAN_POINT('',(-0.381,0.8255,6.35));
#2498 = VECTOR('',#2499,1.);
#2499 = DIRECTION('',(0.,1.,0.));
#2500 = ORIENTED_EDGE('',*,*,#2501,.T.);
#2501 = EDGE_CURVE('',#2494,#2502,#2504,.T.);
#2502 = VERTEX_POINT('',#2503);
#2503 = CARTESIAN_POINT('',(0.381,0.380999999999,6.35));
#2504 = LINE('',#2505,#2506);
#2505 = CARTESIAN_POINT('',(2.0955,0.380999999999,6.35));
#2506 = VECTOR('',#2507,1.);
#2507 = DIRECTION('',(1.,-7.E-17,0.));
#2508 = ORIENTED_EDGE('',*,*,#2509,.T.);
#2509 = EDGE_CURVE('',#2502,#2484,#2510,.T.);
#2510 = LINE('',#2511,#2512);
#2511 = CARTESIAN_POINT('',(0.381,0.4445,6.35));
#2512 = VECTOR('',#2513,1.);
#2513 = DIRECTION('',(0.,-1.,0.));
#2514 = FACE_BOUND('',#2515,.T.);
#2515 = EDGE_LOOP('',(#2516,#2526,#2534,#2542));
#2516 = ORIENTED_EDGE('',*,*,#2517,.T.);
#2517 = EDGE_CURVE('',#2518,#2520,#2522,.T.);
#2518 = VERTEX_POINT('',#2519);
#2519 = CARTESIAN_POINT('',(2.921,-0.380999999999,6.35));
#2520 = VERTEX_POINT('',#2521);
#2521 = CARTESIAN_POINT('',(2.159,-0.380999999999,6.35));
#2522 = LINE('',#2523,#2524);
#2523 = CARTESIAN_POINT('',(2.9845,-0.380999999999,6.35));
#2524 = VECTOR('',#2525,1.);
#2525 = DIRECTION('',(-1.,0.,0.));
#2526 = ORIENTED_EDGE('',*,*,#2527,.T.);
#2527 = EDGE_CURVE('',#2520,#2528,#2530,.T.);
#2528 = VERTEX_POINT('',#2529);
#2529 = CARTESIAN_POINT('',(2.159,0.380999999999,6.35));
#2530 = LINE('',#2531,#2532);
#2531 = CARTESIAN_POINT('',(2.159,0.8255,6.35));
#2532 = VECTOR('',#2533,1.);
#2533 = DIRECTION('',(0.,1.,0.));
#2534 = ORIENTED_EDGE('',*,*,#2535,.T.);
#2535 = EDGE_CURVE('',#2528,#2536,#2538,.T.);
#2536 = VERTEX_POINT('',#2537);
#2537 = CARTESIAN_POINT('',(2.921,0.380999999999,6.35));
#2538 = LINE('',#2539,#2540);
#2539 = CARTESIAN_POINT('',(3.3655,0.380999999999,6.35));
#2540 = VECTOR('',#2541,1.);
#2541 = DIRECTION('',(1.,-7.E-17,0.));
#2542 = ORIENTED_EDGE('',*,*,#2543,.T.);
#2543 = EDGE_CURVE('',#2536,#2518,#2544,.T.);
#2544 = LINE('',#2545,#2546);
#2545 = CARTESIAN_POINT('',(2.921,0.4445,6.35));
#2546 = VECTOR('',#2547,1.);
#2547 = DIRECTION('',(0.,-1.,0.));
#2548 = FACE_BOUND('',#2549,.T.);
#2549 = EDGE_LOOP('',(#2550,#2560,#2568,#2576));
#2550 = ORIENTED_EDGE('',*,*,#2551,.T.);
#2551 = EDGE_CURVE('',#2552,#2554,#2556,.T.);
#2552 = VERTEX_POINT('',#2553);
#2553 = CARTESIAN_POINT('',(5.461,-0.380999999999,6.35));
#2554 = VERTEX_POINT('',#2555);
#2555 = CARTESIAN_POINT('',(4.699,-0.380999999999,6.35));
#2556 = LINE('',#2557,#2558);
#2557 = CARTESIAN_POINT('',(4.2545,-0.380999999999,6.35));
#2558 = VECTOR('',#2559,1.);
#2559 = DIRECTION('',(-1.,0.,0.));
#2560 = ORIENTED_EDGE('',*,*,#2561,.T.);
#2561 = EDGE_CURVE('',#2554,#2562,#2564,.T.);
#2562 = VERTEX_POINT('',#2563);
#2563 = CARTESIAN_POINT('',(4.699,0.380999999999,6.35));
#2564 = LINE('',#2565,#2566);
#2565 = CARTESIAN_POINT('',(4.699,0.8255,6.35));
#2566 = VECTOR('',#2567,1.);
#2567 = DIRECTION('',(0.,1.,0.));
#2568 = ORIENTED_EDGE('',*,*,#2569,.T.);
#2569 = EDGE_CURVE('',#2562,#2570,#2572,.T.);
#2570 = VERTEX_POINT('',#2571);
#2571 = CARTESIAN_POINT('',(5.461,0.380999999999,6.35));
#2572 = LINE('',#2573,#2574);
#2573 = CARTESIAN_POINT('',(4.6355,0.380999999999,6.35));
#2574 = VECTOR('',#2575,1.);
#2575 = DIRECTION('',(1.,-7.E-17,0.));
#2576 = ORIENTED_EDGE('',*,*,#2577,.T.);
#2577 = EDGE_CURVE('',#2570,#2552,#2578,.T.);
#2578 = LINE('',#2579,#2580);
#2579 = CARTESIAN_POINT('',(5.461,0.4445,6.35));
#2580 = VECTOR('',#2581,1.);
#2581 = DIRECTION('',(0.,-1.,0.));
#2582 = FACE_BOUND('',#2583,.T.);
#2583 = EDGE_LOOP('',(#2584,#2594,#2602,#2610));
#2584 = ORIENTED_EDGE('',*,*,#2585,.T.);
#2585 = EDGE_CURVE('',#2586,#2588,#2590,.T.);
#2586 = VERTEX_POINT('',#2587);
#2587 = CARTESIAN_POINT('',(8.001,-0.380999999999,6.35));
#2588 = VERTEX_POINT('',#2589);
#2589 = CARTESIAN_POINT('',(7.239,-0.380999999999,6.35));
#2590 = LINE('',#2591,#2592);
#2591 = CARTESIAN_POINT('',(5.5245,-0.380999999999,6.35));
#2592 = VECTOR('',#2593,1.);
#2593 = DIRECTION('',(-1.,0.,0.));
#2594 = ORIENTED_EDGE('',*,*,#2595,.T.);
#2595 = EDGE_CURVE('',#2588,#2596,#2598,.T.);
#2596 = VERTEX_POINT('',#2597);
#2597 = CARTESIAN_POINT('',(7.239,0.380999999999,6.35));
#2598 = LINE('',#2599,#2600);
#2599 = CARTESIAN_POINT('',(7.239,0.8255,6.35));
#2600 = VECTOR('',#2601,1.);
#2601 = DIRECTION('',(0.,1.,0.));
#2602 = ORIENTED_EDGE('',*,*,#2603,.T.);
#2603 = EDGE_CURVE('',#2596,#2604,#2606,.T.);
#2604 = VERTEX_POINT('',#2605);
#2605 = CARTESIAN_POINT('',(8.001,0.380999999999,6.35));
#2606 = LINE('',#2607,#2608);
#2607 = CARTESIAN_POINT('',(5.9055,0.380999999999,6.35));
#2608 = VECTOR('',#2609,1.);
#2609 = DIRECTION('',(1.,-7.E-17,0.));
#2610 = ORIENTED_EDGE('',*,*,#2611,.T.);
#2611 = EDGE_CURVE('',#2604,#2586,#2612,.T.);
#2612 = LINE('',#2613,#2614);
#2613 = CARTESIAN_POINT('',(8.001,0.4445,6.35));
#2614 = VECTOR('',#2615,1.);
#2615 = DIRECTION('',(0.,-1.,0.));
#2616 = FACE_BOUND('',#2617,.T.);
#2617 = EDGE_LOOP('',(#2618,#2628,#2636,#2644));
#2618 = ORIENTED_EDGE('',*,*,#2619,.F.);
#2619 = EDGE_CURVE('',#2620,#2622,#2624,.T.);
#2620 = VERTEX_POINT('',#2621);
#2621 = CARTESIAN_POINT('',(-0.381,2.920999999999,6.35));
#2622 = VERTEX_POINT('',#2623);
#2623 = CARTESIAN_POINT('',(-0.381,2.159000000001,6.35));
#2624 = LINE('',#2625,#2626);
#2625 = CARTESIAN_POINT('',(-0.381,1.7145,6.35));
#2626 = VECTOR('',#2627,1.);
#2627 = DIRECTION('',(0.,-1.,0.));
#2628 = ORIENTED_EDGE('',*,*,#2629,.F.);
#2629 = EDGE_CURVE('',#2630,#2620,#2632,.T.);
#2630 = VERTEX_POINT('',#2631);
#2631 = CARTESIAN_POINT('',(0.381,2.920999999999,6.35));
#2632 = LINE('',#2633,#2634);
#2633 = CARTESIAN_POINT('',(1.7145,2.920999999999,6.35));
#2634 = VECTOR('',#2635,1.);
#2635 = DIRECTION('',(-1.,0.,0.));
#2636 = ORIENTED_EDGE('',*,*,#2637,.F.);
#2637 = EDGE_CURVE('',#2638,#2630,#2640,.T.);
#2638 = VERTEX_POINT('',#2639);
#2639 = CARTESIAN_POINT('',(0.381,2.159000000001,6.35));
#2640 = LINE('',#2641,#2642);
#2641 = CARTESIAN_POINT('',(0.381,2.0955,6.35));
#2642 = VECTOR('',#2643,1.);
#2643 = DIRECTION('',(0.,1.,0.));
#2644 = ORIENTED_EDGE('',*,*,#2645,.F.);
#2645 = EDGE_CURVE('',#2622,#2638,#2646,.T.);
#2646 = LINE('',#2647,#2648);
#2647 = CARTESIAN_POINT('',(2.0955,2.159000000001,6.35));
#2648 = VECTOR('',#2649,1.);
#2649 = DIRECTION('',(1.,7.E-17,0.));
#2650 = FACE_BOUND('',#2651,.T.);
#2651 = EDGE_LOOP('',(#2652,#2662,#2670,#2678));
#2652 = ORIENTED_EDGE('',*,*,#2653,.F.);
#2653 = EDGE_CURVE('',#2654,#2656,#2658,.T.);
#2654 = VERTEX_POINT('',#2655);
#2655 = CARTESIAN_POINT('',(2.159,2.920999999999,6.35));
#2656 = VERTEX_POINT('',#2657);
#2657 = CARTESIAN_POINT('',(2.159,2.159000000001,6.35));
#2658 = LINE('',#2659,#2660);
#2659 = CARTESIAN_POINT('',(2.159,1.7145,6.35));
#2660 = VECTOR('',#2661,1.);
#2661 = DIRECTION('',(0.,-1.,0.));
#2662 = ORIENTED_EDGE('',*,*,#2663,.F.);
#2663 = EDGE_CURVE('',#2664,#2654,#2666,.T.);
#2664 = VERTEX_POINT('',#2665);
#2665 = CARTESIAN_POINT('',(2.921,2.920999999999,6.35));
#2666 = LINE('',#2667,#2668);
#2667 = CARTESIAN_POINT('',(2.9845,2.920999999999,6.35));
#2668 = VECTOR('',#2669,1.);
#2669 = DIRECTION('',(-1.,0.,0.));
#2670 = ORIENTED_EDGE('',*,*,#2671,.F.);
#2671 = EDGE_CURVE('',#2672,#2664,#2674,.T.);
#2672 = VERTEX_POINT('',#2673);
#2673 = CARTESIAN_POINT('',(2.921,2.159000000001,6.35));
#2674 = LINE('',#2675,#2676);
#2675 = CARTESIAN_POINT('',(2.921,2.0955,6.35));
#2676 = VECTOR('',#2677,1.);
#2677 = DIRECTION('',(0.,1.,0.));
#2678 = ORIENTED_EDGE('',*,*,#2679,.F.);
#2679 = EDGE_CURVE('',#2656,#2672,#2680,.T.);
#2680 = LINE('',#2681,#2682);
#2681 = CARTESIAN_POINT('',(3.3655,2.159000000001,6.35));
#2682 = VECTOR('',#2683,1.);
#2683 = DIRECTION('',(1.,7.E-17,0.));
#2684 = FACE_BOUND('',#2685,.T.);
#2685 = EDGE_LOOP('',(#2686,#2696,#2704,#2712));
#2686 = ORIENTED_EDGE('',*,*,#2687,.F.);
#2687 = EDGE_CURVE('',#2688,#2690,#2692,.T.);
#2688 = VERTEX_POINT('',#2689);
#2689 = CARTESIAN_POINT('',(4.699,2.920999999999,6.35));
#2690 = VERTEX_POINT('',#2691);
#2691 = CARTESIAN_POINT('',(4.699,2.159000000001,6.35));
#2692 = LINE('',#2693,#2694);
#2693 = CARTESIAN_POINT('',(4.699,1.7145,6.35));
#2694 = VECTOR('',#2695,1.);
#2695 = DIRECTION('',(0.,-1.,0.));
#2696 = ORIENTED_EDGE('',*,*,#2697,.F.);
#2697 = EDGE_CURVE('',#2698,#2688,#2700,.T.);
#2698 = VERTEX_POINT('',#2699);
#2699 = CARTESIAN_POINT('',(5.461,2.920999999999,6.35));
#2700 = LINE('',#2701,#2702);
#2701 = CARTESIAN_POINT('',(4.2545,2.920999999999,6.35));
#2702 = VECTOR('',#2703,1.);
#2703 = DIRECTION('',(-1.,0.,0.));
#2704 = ORIENTED_EDGE('',*,*,#2705,.F.);
#2705 = EDGE_CURVE('',#2706,#2698,#2708,.T.);
#2706 = VERTEX_POINT('',#2707);
#2707 = CARTESIAN_POINT('',(5.461,2.159000000001,6.35));
#2708 = LINE('',#2709,#2710);
#2709 = CARTESIAN_POINT('',(5.461,2.0955,6.35));
#2710 = VECTOR('',#2711,1.);
#2711 = DIRECTION('',(0.,1.,0.));
#2712 = ORIENTED_EDGE('',*,*,#2713,.F.);
#2713 = EDGE_CURVE('',#2690,#2706,#2714,.T.);
#2714 = LINE('',#2715,#2716);
#2715 = CARTESIAN_POINT('',(4.6355,2.159000000001,6.35));
#2716 = VECTOR('',#2717,1.);
#2717 = DIRECTION('',(1.,7.E-17,0.));
#2718 = FACE_BOUND('',#2719,.T.);
#2719 = EDGE_LOOP('',(#2720,#2730,#2738,#2746));
#2720 = ORIENTED_EDGE('',*,*,#2721,.F.);
#2721 = EDGE_CURVE('',#2722,#2724,#2726,.T.);
#2722 = VERTEX_POINT('',#2723);
#2723 = CARTESIAN_POINT('',(7.239,2.920999999999,6.35));
#2724 = VERTEX_POINT('',#2725);
#2725 = CARTESIAN_POINT('',(7.239,2.159000000001,6.35));
#2726 = LINE('',#2727,#2728);
#2727 = CARTESIAN_POINT('',(7.239,1.7145,6.35));
#2728 = VECTOR('',#2729,1.);
#2729 = DIRECTION('',(0.,-1.,0.));
#2730 = ORIENTED_EDGE('',*,*,#2731,.F.);
#2731 = EDGE_CURVE('',#2732,#2722,#2734,.T.);
#2732 = VERTEX_POINT('',#2733);
#2733 = CARTESIAN_POINT('',(8.001,2.920999999999,6.35));
#2734 = LINE('',#2735,#2736);
#2735 = CARTESIAN_POINT('',(5.5245,2.920999999999,6.35));
#2736 = VECTOR('',#2737,1.);
#2737 = DIRECTION('',(-1.,0.,0.));
#2738 = ORIENTED_EDGE('',*,*,#2739,.F.);
#2739 = EDGE_CURVE('',#2740,#2732,#2742,.T.);
#2740 = VERTEX_POINT('',#2741);
#2741 = CARTESIAN_POINT('',(8.001,2.159000000001,6.35));
#2742 = LINE('',#2743,#2744);
#2743 = CARTESIAN_POINT('',(8.001,2.0955,6.35));
#2744 = VECTOR('',#2745,1.);
#2745 = DIRECTION('',(0.,1.,0.));
#2746 = ORIENTED_EDGE('',*,*,#2747,.F.);
#2747 = EDGE_CURVE('',#2724,#2740,#2748,.T.);
#2748 = LINE('',#2749,#2750);
#2749 = CARTESIAN_POINT('',(5.9055,2.159000000001,6.35));
#2750 = VECTOR('',#2751,1.);
#2751 = DIRECTION('',(1.,7.E-17,0.));
#2752 = PLANE('',#2753);
#2753 = AXIS2_PLACEMENT_3D('',#2754,#2755,#2756);
#2754 = CARTESIAN_POINT('',(3.81,1.27,6.35));
#2755 = DIRECTION('',(0.,0.,1.));
#2756 = DIRECTION('',(1.,0.,0.));
#2757 = ADVANCED_FACE('',(#2758),#2774,.T.);
#2758 = FACE_BOUND('',#2759,.T.);
#2759 = EDGE_LOOP('',(#2760,#2766,#2767,#2773));
#2760 = ORIENTED_EDGE('',*,*,#2761,.F.);
#2761 = EDGE_CURVE('',#1693,#2494,#2762,.T.);
#2762 = LINE('',#2763,#2764);
#2763 = CARTESIAN_POINT('',(-0.381,0.380999999999,0.));
#2764 = VECTOR('',#2765,1.);
#2765 = DIRECTION('',(0.,0.,1.));
#2766 = ORIENTED_EDGE('',*,*,#1700,.F.);
#2767 = ORIENTED_EDGE('',*,*,#2768,.T.);
#2768 = EDGE_CURVE('',#1684,#2502,#2769,.T.);
#2769 = LINE('',#2770,#2771);
#2770 = CARTESIAN_POINT('',(0.381,0.380999999999,0.));
#2771 = VECTOR('',#2772,1.);
#2772 = DIRECTION('',(0.,0.,1.));
#2773 = ORIENTED_EDGE('',*,*,#2501,.F.);
#2774 = PLANE('',#2775);
#2775 = AXIS2_PLACEMENT_3D('',#2776,#2777,#2778);
#2776 = CARTESIAN_POINT('',(0.381,0.380999999999,0.));
#2777 = DIRECTION('',(-7.E-17,-1.,0.));
#2778 = DIRECTION('',(-1.,7.E-17,0.));
#2779 = ADVANCED_FACE('',(#2780),#2791,.T.);
#2780 = FACE_BOUND('',#2781,.T.);
#2781 = EDGE_LOOP('',(#2782,#2783,#2784,#2790));
#2782 = ORIENTED_EDGE('',*,*,#2768,.F.);
#2783 = ORIENTED_EDGE('',*,*,#1724,.F.);
#2784 = ORIENTED_EDGE('',*,*,#2785,.T.);
#2785 = EDGE_CURVE('',#1715,#2484,#2786,.T.);
#2786 = LINE('',#2787,#2788);
#2787 = CARTESIAN_POINT('',(0.381,-0.380999999999,0.));
#2788 = VECTOR('',#2789,1.);
#2789 = DIRECTION('',(0.,0.,1.));
#2790 = ORIENTED_EDGE('',*,*,#2509,.F.);
#2791 = PLANE('',#2792);
#2792 = AXIS2_PLACEMENT_3D('',#2793,#2794,#2795);
#2793 = CARTESIAN_POINT('',(0.381,-0.380999999999,0.));
#2794 = DIRECTION('',(-1.,0.,0.));
#2795 = DIRECTION('',(0.,1.,0.));
#2796 = ADVANCED_FACE('',(#2797),#2808,.T.);
#2797 = FACE_BOUND('',#2798,.T.);
#2798 = EDGE_LOOP('',(#2799,#2805,#2806,#2807));
#2799 = ORIENTED_EDGE('',*,*,#2800,.F.);
#2800 = EDGE_CURVE('',#1741,#2486,#2801,.T.);
#2801 = LINE('',#2802,#2803);
#2802 = CARTESIAN_POINT('',(-0.381,-0.380999999999,0.));
#2803 = VECTOR('',#2804,1.);
#2804 = DIRECTION('',(0.,0.,1.));
#2805 = ORIENTED_EDGE('',*,*,#1748,.F.);
#2806 = ORIENTED_EDGE('',*,*,#2761,.T.);
#2807 = ORIENTED_EDGE('',*,*,#2493,.F.);
#2808 = PLANE('',#2809);
#2809 = AXIS2_PLACEMENT_3D('',#2810,#2811,#2812);
#2810 = CARTESIAN_POINT('',(-0.381,0.380999999999,0.));
#2811 = DIRECTION('',(1.,0.,0.));
#2812 = DIRECTION('',(0.,-1.,0.));
#2813 = ADVANCED_FACE('',(#2814),#2820,.T.);
#2814 = FACE_BOUND('',#2815,.T.);
#2815 = EDGE_LOOP('',(#2816,#2817,#2818,#2819));
#2816 = ORIENTED_EDGE('',*,*,#2785,.F.);
#2817 = ORIENTED_EDGE('',*,*,#1765,.F.);
#2818 = ORIENTED_EDGE('',*,*,#2800,.T.);
#2819 = ORIENTED_EDGE('',*,*,#2483,.F.);
#2820 = PLANE('',#2821);
#2821 = AXIS2_PLACEMENT_3D('',#2822,#2823,#2824);
#2822 = CARTESIAN_POINT('',(-0.381,-0.380999999999,0.));
#2823 = DIRECTION('',(0.,1.,0.));
#2824 = DIRECTION('',(1.,0.,0.));
#2825 = ADVANCED_FACE('',(#2826),#2842,.T.);
#2826 = FACE_BOUND('',#2827,.T.);
#2827 = EDGE_LOOP('',(#2828,#2829,#2835,#2836));
#2828 = ORIENTED_EDGE('',*,*,#1796,.F.);
#2829 = ORIENTED_EDGE('',*,*,#2830,.T.);
#2830 = EDGE_CURVE('',#1780,#2518,#2831,.T.);
#2831 = LINE('',#2832,#2833);
#2832 = CARTESIAN_POINT('',(2.921,-0.380999999999,0.));
#2833 = VECTOR('',#2834,1.);
#2834 = DIRECTION('',(0.,0.,1.));
#2835 = ORIENTED_EDGE('',*,*,#2543,.F.);
#2836 = ORIENTED_EDGE('',*,*,#2837,.F.);
#2837 = EDGE_CURVE('',#1789,#2536,#2838,.T.);
#2838 = LINE('',#2839,#2840);
#2839 = CARTESIAN_POINT('',(2.921,0.380999999999,0.));
#2840 = VECTOR('',#2841,1.);
#2841 = DIRECTION('',(0.,0.,1.));
#2842 = PLANE('',#2843);
#2843 = AXIS2_PLACEMENT_3D('',#2844,#2845,#2846);
#2844 = CARTESIAN_POINT('',(2.921,-0.380999999999,0.));
#2845 = DIRECTION('',(-1.,0.,0.));
#2846 = DIRECTION('',(0.,1.,0.));
#2847 = ADVANCED_FACE('',(#2848),#2859,.T.);
#2848 = FACE_BOUND('',#2849,.T.);
#2849 = EDGE_LOOP('',(#2850,#2851,#2857,#2858));
#2850 = ORIENTED_EDGE('',*,*,#1820,.F.);
#2851 = ORIENTED_EDGE('',*,*,#2852,.T.);
#2852 = EDGE_CURVE('',#1811,#2520,#2853,.T.);
#2853 = LINE('',#2854,#2855);
#2854 = CARTESIAN_POINT('',(2.159,-0.380999999999,0.));
#2855 = VECTOR('',#2856,1.);
#2856 = DIRECTION('',(0.,0.,1.));
#2857 = ORIENTED_EDGE('',*,*,#2517,.F.);
#2858 = ORIENTED_EDGE('',*,*,#2830,.F.);
#2859 = PLANE('',#2860);
#2860 = AXIS2_PLACEMENT_3D('',#2861,#2862,#2863);
#2861 = CARTESIAN_POINT('',(2.159,-0.380999999999,0.));
#2862 = DIRECTION('',(0.,1.,0.));
#2863 = DIRECTION('',(1.,0.,0.));
#2864 = ADVANCED_FACE('',(#2865),#2876,.T.);
#2865 = FACE_BOUND('',#2866,.T.);
#2866 = EDGE_LOOP('',(#2867,#2868,#2869,#2870));
#2867 = ORIENTED_EDGE('',*,*,#1844,.F.);
#2868 = ORIENTED_EDGE('',*,*,#2837,.T.);
#2869 = ORIENTED_EDGE('',*,*,#2535,.F.);
#2870 = ORIENTED_EDGE('',*,*,#2871,.F.);
#2871 = EDGE_CURVE('',#1837,#2528,#2872,.T.);
#2872 = LINE('',#2873,#2874);
#2873 = CARTESIAN_POINT('',(2.159,0.380999999999,0.));
#2874 = VECTOR('',#2875,1.);
#2875 = DIRECTION('',(0.,0.,1.));
#2876 = PLANE('',#2877);
#2877 = AXIS2_PLACEMENT_3D('',#2878,#2879,#2880);
#2878 = CARTESIAN_POINT('',(2.921,0.380999999999,0.));
#2879 = DIRECTION('',(-7.E-17,-1.,0.));
#2880 = DIRECTION('',(-1.,7.E-17,0.));
#2881 = ADVANCED_FACE('',(#2882),#2888,.T.);
#2882 = FACE_BOUND('',#2883,.T.);
#2883 = EDGE_LOOP('',(#2884,#2885,#2886,#2887));
#2884 = ORIENTED_EDGE('',*,*,#1861,.F.);
#2885 = ORIENTED_EDGE('',*,*,#2871,.T.);
#2886 = ORIENTED_EDGE('',*,*,#2527,.F.);
#2887 = ORIENTED_EDGE('',*,*,#2852,.F.);
#2888 = PLANE('',#2889);
#2889 = AXIS2_PLACEMENT_3D('',#2890,#2891,#2892);
#2890 = CARTESIAN_POINT('',(2.159,0.380999999999,0.));
#2891 = DIRECTION('',(1.,0.,0.));
#2892 = DIRECTION('',(0.,-1.,0.));
#2893 = ADVANCED_FACE('',(#2894),#2910,.T.);
#2894 = FACE_BOUND('',#2895,.T.);
#2895 = EDGE_LOOP('',(#2896,#2897,#2903,#2904));
#2896 = ORIENTED_EDGE('',*,*,#1892,.F.);
#2897 = ORIENTED_EDGE('',*,*,#2898,.T.);
#2898 = EDGE_CURVE('',#1876,#2552,#2899,.T.);
#2899 = LINE('',#2900,#2901);
#2900 = CARTESIAN_POINT('',(5.461,-0.380999999999,0.));
#2901 = VECTOR('',#2902,1.);
#2902 = DIRECTION('',(0.,0.,1.));
#2903 = ORIENTED_EDGE('',*,*,#2577,.F.);
#2904 = ORIENTED_EDGE('',*,*,#2905,.F.);
#2905 = EDGE_CURVE('',#1885,#2570,#2906,.T.);
#2906 = LINE('',#2907,#2908);
#2907 = CARTESIAN_POINT('',(5.461,0.380999999999,0.));
#2908 = VECTOR('',#2909,1.);
#2909 = DIRECTION('',(0.,0.,1.));
#2910 = PLANE('',#2911);
#2911 = AXIS2_PLACEMENT_3D('',#2912,#2913,#2914);
#2912 = CARTESIAN_POINT('',(5.461,-0.380999999999,0.));
#2913 = DIRECTION('',(-1.,0.,0.));
#2914 = DIRECTION('',(0.,1.,0.));
#2915 = ADVANCED_FACE('',(#2916),#2927,.T.);
#2916 = FACE_BOUND('',#2917,.T.);
#2917 = EDGE_LOOP('',(#2918,#2919,#2925,#2926));
#2918 = ORIENTED_EDGE('',*,*,#1916,.F.);
#2919 = ORIENTED_EDGE('',*,*,#2920,.T.);
#2920 = EDGE_CURVE('',#1907,#2554,#2921,.T.);
#2921 = LINE('',#2922,#2923);
#2922 = CARTESIAN_POINT('',(4.699,-0.380999999999,0.));
#2923 = VECTOR('',#2924,1.);
#2924 = DIRECTION('',(0.,0.,1.));
#2925 = ORIENTED_EDGE('',*,*,#2551,.F.);
#2926 = ORIENTED_EDGE('',*,*,#2898,.F.);
#2927 = PLANE('',#2928);
#2928 = AXIS2_PLACEMENT_3D('',#2929,#2930,#2931);
#2929 = CARTESIAN_POINT('',(4.699,-0.380999999999,0.));
#2930 = DIRECTION('',(0.,1.,0.));
#2931 = DIRECTION('',(1.,0.,0.));
#2932 = ADVANCED_FACE('',(#2933),#2944,.T.);
#2933 = FACE_BOUND('',#2934,.T.);
#2934 = EDGE_LOOP('',(#2935,#2936,#2937,#2938));
#2935 = ORIENTED_EDGE('',*,*,#1940,.F.);
#2936 = ORIENTED_EDGE('',*,*,#2905,.T.);
#2937 = ORIENTED_EDGE('',*,*,#2569,.F.);
#2938 = ORIENTED_EDGE('',*,*,#2939,.F.);
#2939 = EDGE_CURVE('',#1933,#2562,#2940,.T.);
#2940 = LINE('',#2941,#2942);
#2941 = CARTESIAN_POINT('',(4.699,0.380999999999,0.));
#2942 = VECTOR('',#2943,1.);
#2943 = DIRECTION('',(0.,0.,1.));
#2944 = PLANE('',#2945);
#2945 = AXIS2_PLACEMENT_3D('',#2946,#2947,#2948);
#2946 = CARTESIAN_POINT('',(5.461,0.380999999999,0.));
#2947 = DIRECTION('',(-7.E-17,-1.,0.));
#2948 = DIRECTION('',(-1.,7.E-17,0.));
#2949 = ADVANCED_FACE('',(#2950),#2956,.T.);
#2950 = FACE_BOUND('',#2951,.T.);
#2951 = EDGE_LOOP('',(#2952,#2953,#2954,#2955));
#2952 = ORIENTED_EDGE('',*,*,#1957,.F.);
#2953 = ORIENTED_EDGE('',*,*,#2939,.T.);
#2954 = ORIENTED_EDGE('',*,*,#2561,.F.);
#2955 = ORIENTED_EDGE('',*,*,#2920,.F.);
#2956 = PLANE('',#2957);
#2957 = AXIS2_PLACEMENT_3D('',#2958,#2959,#2960);
#2958 = CARTESIAN_POINT('',(4.699,0.380999999999,0.));
#2959 = DIRECTION('',(1.,0.,0.));
#2960 = DIRECTION('',(0.,-1.,0.));
#2961 = ADVANCED_FACE('',(#2962),#2978,.T.);
#2962 = FACE_BOUND('',#2963,.T.);
#2963 = EDGE_LOOP('',(#2964,#2965,#2971,#2972));
#2964 = ORIENTED_EDGE('',*,*,#1988,.F.);
#2965 = ORIENTED_EDGE('',*,*,#2966,.T.);
#2966 = EDGE_CURVE('',#1972,#2586,#2967,.T.);
#2967 = LINE('',#2968,#2969);
#2968 = CARTESIAN_POINT('',(8.001,-0.380999999999,0.));
#2969 = VECTOR('',#2970,1.);
#2970 = DIRECTION('',(0.,0.,1.));
#2971 = ORIENTED_EDGE('',*,*,#2611,.F.);
#2972 = ORIENTED_EDGE('',*,*,#2973,.F.);
#2973 = EDGE_CURVE('',#1981,#2604,#2974,.T.);
#2974 = LINE('',#2975,#2976);
#2975 = CARTESIAN_POINT('',(8.001,0.380999999999,0.));
#2976 = VECTOR('',#2977,1.);
#2977 = DIRECTION('',(0.,0.,1.));
#2978 = PLANE('',#2979);
#2979 = AXIS2_PLACEMENT_3D('',#2980,#2981,#2982);
#2980 = CARTESIAN_POINT('',(8.001,-0.380999999999,0.));
#2981 = DIRECTION('',(-1.,0.,0.));
#2982 = DIRECTION('',(0.,1.,0.));
#2983 = ADVANCED_FACE('',(#2984),#2995,.T.);
#2984 = FACE_BOUND('',#2985,.T.);
#2985 = EDGE_LOOP('',(#2986,#2987,#2993,#2994));
#2986 = ORIENTED_EDGE('',*,*,#2012,.F.);
#2987 = ORIENTED_EDGE('',*,*,#2988,.T.);
#2988 = EDGE_CURVE('',#2003,#2588,#2989,.T.);
#2989 = LINE('',#2990,#2991);
#2990 = CARTESIAN_POINT('',(7.239,-0.380999999999,0.));
#2991 = VECTOR('',#2992,1.);
#2992 = DIRECTION('',(0.,0.,1.));
#2993 = ORIENTED_EDGE('',*,*,#2585,.F.);
#2994 = ORIENTED_EDGE('',*,*,#2966,.F.);
#2995 = PLANE('',#2996);
#2996 = AXIS2_PLACEMENT_3D('',#2997,#2998,#2999);
#2997 = CARTESIAN_POINT('',(7.239,-0.380999999999,0.));
#2998 = DIRECTION('',(0.,1.,0.));
#2999 = DIRECTION('',(1.,0.,0.));
#3000 = ADVANCED_FACE('',(#3001),#3012,.T.);
#3001 = FACE_BOUND('',#3002,.T.);
#3002 = EDGE_LOOP('',(#3003,#3004,#3005,#3006));
#3003 = ORIENTED_EDGE('',*,*,#2036,.F.);
#3004 = ORIENTED_EDGE('',*,*,#2973,.T.);
#3005 = ORIENTED_EDGE('',*,*,#2603,.F.);
#3006 = ORIENTED_EDGE('',*,*,#3007,.F.);
#3007 = EDGE_CURVE('',#2029,#2596,#3008,.T.);
#3008 = LINE('',#3009,#3010);
#3009 = CARTESIAN_POINT('',(7.239,0.380999999999,0.));
#3010 = VECTOR('',#3011,1.);
#3011 = DIRECTION('',(0.,0.,1.));
#3012 = PLANE('',#3013);
#3013 = AXIS2_PLACEMENT_3D('',#3014,#3015,#3016);
#3014 = CARTESIAN_POINT('',(8.001,0.380999999999,0.));
#3015 = DIRECTION('',(-7.E-17,-1.,0.));
#3016 = DIRECTION('',(-1.,7.E-17,0.));
#3017 = ADVANCED_FACE('',(#3018),#3024,.T.);
#3018 = FACE_BOUND('',#3019,.T.);
#3019 = EDGE_LOOP('',(#3020,#3021,#3022,#3023));
#3020 = ORIENTED_EDGE('',*,*,#2053,.F.);
#3021 = ORIENTED_EDGE('',*,*,#3007,.T.);
#3022 = ORIENTED_EDGE('',*,*,#2595,.F.);
#3023 = ORIENTED_EDGE('',*,*,#2988,.F.);
#3024 = PLANE('',#3025);
#3025 = AXIS2_PLACEMENT_3D('',#3026,#3027,#3028);
#3026 = CARTESIAN_POINT('',(7.239,0.380999999999,0.));
#3027 = DIRECTION('',(1.,0.,0.));
#3028 = DIRECTION('',(0.,-1.,0.));
#3029 = ADVANCED_FACE('',(#3030),#3046,.T.);
#3030 = FACE_BOUND('',#3031,.F.);
#3031 = EDGE_LOOP('',(#3032,#3033,#3039,#3040));
#3032 = ORIENTED_EDGE('',*,*,#2084,.F.);
#3033 = ORIENTED_EDGE('',*,*,#3034,.T.);
#3034 = EDGE_CURVE('',#2068,#2620,#3035,.T.);
#3035 = LINE('',#3036,#3037);
#3036 = CARTESIAN_POINT('',(-0.381,2.920999999999,-7.3E-16));
#3037 = VECTOR('',#3038,1.);
#3038 = DIRECTION('',(0.,4.4E-16,1.));
#3039 = ORIENTED_EDGE('',*,*,#2629,.F.);
#3040 = ORIENTED_EDGE('',*,*,#3041,.F.);
#3041 = EDGE_CURVE('',#2077,#2630,#3042,.T.);
#3042 = LINE('',#3043,#3044);
#3043 = CARTESIAN_POINT('',(0.381,2.920999999999,-7.3E-16));
#3044 = VECTOR('',#3045,1.);
#3045 = DIRECTION('',(0.,4.4E-16,1.));
#3046 = PLANE('',#3047);
#3047 = AXIS2_PLACEMENT_3D('',#3048,#3049,#3050);
#3048 = CARTESIAN_POINT('',(-0.381,2.920999999999,-7.3E-16));
#3049 = DIRECTION('',(0.,-1.,4.4E-16));
#3050 = DIRECTION('',(-1.,-0.,-0.));
#3051 = ADVANCED_FACE('',(#3052),#3063,.T.);
#3052 = FACE_BOUND('',#3053,.F.);
#3053 = EDGE_LOOP('',(#3054,#3055,#3061,#3062));
#3054 = ORIENTED_EDGE('',*,*,#2108,.F.);
#3055 = ORIENTED_EDGE('',*,*,#3056,.T.);
#3056 = EDGE_CURVE('',#2099,#2622,#3057,.T.);
#3057 = LINE('',#3058,#3059);
#3058 = CARTESIAN_POINT('',(-0.381,2.159000000001,-3.9E-16));
#3059 = VECTOR('',#3060,1.);
#3060 = DIRECTION('',(0.,4.4E-16,1.));
#3061 = ORIENTED_EDGE('',*,*,#2619,.F.);
#3062 = ORIENTED_EDGE('',*,*,#3034,.F.);
#3063 = PLANE('',#3064);
#3064 = AXIS2_PLACEMENT_3D('',#3065,#3066,#3067);
#3065 = CARTESIAN_POINT('',(-0.381,2.159000000001,-3.9E-16));
#3066 = DIRECTION('',(1.,0.,0.));
#3067 = DIRECTION('',(0.,-1.,4.4E-16));
#3068 = ADVANCED_FACE('',(#3069),#3080,.T.);
#3069 = FACE_BOUND('',#3070,.F.);
#3070 = EDGE_LOOP('',(#3071,#3072,#3073,#3074));
#3071 = ORIENTED_EDGE('',*,*,#2132,.F.);
#3072 = ORIENTED_EDGE('',*,*,#3041,.T.);
#3073 = ORIENTED_EDGE('',*,*,#2637,.F.);
#3074 = ORIENTED_EDGE('',*,*,#3075,.F.);
#3075 = EDGE_CURVE('',#2125,#2638,#3076,.T.);
#3076 = LINE('',#3077,#3078);
#3077 = CARTESIAN_POINT('',(0.381,2.159000000001,-3.9E-16));
#3078 = VECTOR('',#3079,1.);
#3079 = DIRECTION('',(0.,4.4E-16,1.));
#3080 = PLANE('',#3081);
#3081 = AXIS2_PLACEMENT_3D('',#3082,#3083,#3084);
#3082 = CARTESIAN_POINT('',(0.381,2.920999999999,-7.3E-16));
#3083 = DIRECTION('',(-1.,0.,0.));
#3084 = DIRECTION('',(0.,1.,-4.4E-16));
#3085 = ADVANCED_FACE('',(#3086),#3092,.T.);
#3086 = FACE_BOUND('',#3087,.F.);
#3087 = EDGE_LOOP('',(#3088,#3089,#3090,#3091));
#3088 = ORIENTED_EDGE('',*,*,#2149,.F.);
#3089 = ORIENTED_EDGE('',*,*,#3075,.T.);
#3090 = ORIENTED_EDGE('',*,*,#2645,.F.);
#3091 = ORIENTED_EDGE('',*,*,#3056,.F.);
#3092 = PLANE('',#3093);
#3093 = AXIS2_PLACEMENT_3D('',#3094,#3095,#3096);
#3094 = CARTESIAN_POINT('',(0.381,2.159000000001,-3.9E-16));
#3095 = DIRECTION('',(-7.E-17,1.,-4.4E-16));
#3096 = DIRECTION('',(1.,7.E-17,0.));
#3097 = ADVANCED_FACE('',(#3098),#3114,.T.);
#3098 = FACE_BOUND('',#3099,.F.);
#3099 = EDGE_LOOP('',(#3100,#3101,#3107,#3108));
#3100 = ORIENTED_EDGE('',*,*,#2180,.F.);
#3101 = ORIENTED_EDGE('',*,*,#3102,.T.);
#3102 = EDGE_CURVE('',#2164,#2654,#3103,.T.);
#3103 = LINE('',#3104,#3105);
#3104 = CARTESIAN_POINT('',(2.159,2.920999999999,-7.3E-16));
#3105 = VECTOR('',#3106,1.);
#3106 = DIRECTION('',(0.,4.4E-16,1.));
#3107 = ORIENTED_EDGE('',*,*,#2663,.F.);
#3108 = ORIENTED_EDGE('',*,*,#3109,.F.);
#3109 = EDGE_CURVE('',#2173,#2664,#3110,.T.);
#3110 = LINE('',#3111,#3112);
#3111 = CARTESIAN_POINT('',(2.921,2.920999999999,-7.3E-16));
#3112 = VECTOR('',#3113,1.);
#3113 = DIRECTION('',(0.,4.4E-16,1.));
#3114 = PLANE('',#3115);
#3115 = AXIS2_PLACEMENT_3D('',#3116,#3117,#3118);
#3116 = CARTESIAN_POINT('',(2.159,2.920999999999,-7.3E-16));
#3117 = DIRECTION('',(0.,-1.,4.4E-16));
#3118 = DIRECTION('',(-1.,-0.,-0.));
#3119 = ADVANCED_FACE('',(#3120),#3131,.T.);
#3120 = FACE_BOUND('',#3121,.F.);
#3121 = EDGE_LOOP('',(#3122,#3123,#3129,#3130));
#3122 = ORIENTED_EDGE('',*,*,#2204,.F.);
#3123 = ORIENTED_EDGE('',*,*,#3124,.T.);
#3124 = EDGE_CURVE('',#2195,#2656,#3125,.T.);
#3125 = LINE('',#3126,#3127);
#3126 = CARTESIAN_POINT('',(2.159,2.159000000001,-3.9E-16));
#3127 = VECTOR('',#3128,1.);
#3128 = DIRECTION('',(0.,4.4E-16,1.));
#3129 = ORIENTED_EDGE('',*,*,#2653,.F.);
#3130 = ORIENTED_EDGE('',*,*,#3102,.F.);
#3131 = PLANE('',#3132);
#3132 = AXIS2_PLACEMENT_3D('',#3133,#3134,#3135);
#3133 = CARTESIAN_POINT('',(2.159,2.159000000001,-3.9E-16));
#3134 = DIRECTION('',(1.,0.,0.));
#3135 = DIRECTION('',(0.,-1.,4.4E-16));
#3136 = ADVANCED_FACE('',(#3137),#3148,.T.);
#3137 = FACE_BOUND('',#3138,.F.);
#3138 = EDGE_LOOP('',(#3139,#3140,#3141,#3142));
#3139 = ORIENTED_EDGE('',*,*,#2228,.F.);
#3140 = ORIENTED_EDGE('',*,*,#3109,.T.);
#3141 = ORIENTED_EDGE('',*,*,#2671,.F.);
#3142 = ORIENTED_EDGE('',*,*,#3143,.F.);
#3143 = EDGE_CURVE('',#2221,#2672,#3144,.T.);
#3144 = LINE('',#3145,#3146);
#3145 = CARTESIAN_POINT('',(2.921,2.159000000001,-3.9E-16));
#3146 = VECTOR('',#3147,1.);
#3147 = DIRECTION('',(0.,4.4E-16,1.));
#3148 = PLANE('',#3149);
#3149 = AXIS2_PLACEMENT_3D('',#3150,#3151,#3152);
#3150 = CARTESIAN_POINT('',(2.921,2.920999999999,-7.3E-16));
#3151 = DIRECTION('',(-1.,0.,0.));
#3152 = DIRECTION('',(0.,1.,-4.4E-16));
#3153 = ADVANCED_FACE('',(#3154),#3160,.T.);
#3154 = FACE_BOUND('',#3155,.F.);
#3155 = EDGE_LOOP('',(#3156,#3157,#3158,#3159));
#3156 = ORIENTED_EDGE('',*,*,#2245,.F.);
#3157 = ORIENTED_EDGE('',*,*,#3143,.T.);
#3158 = ORIENTED_EDGE('',*,*,#2679,.F.);
#3159 = ORIENTED_EDGE('',*,*,#3124,.F.);
#3160 = PLANE('',#3161);
#3161 = AXIS2_PLACEMENT_3D('',#3162,#3163,#3164);
#3162 = CARTESIAN_POINT('',(2.921,2.159000000001,-3.9E-16));
#3163 = DIRECTION('',(-7.E-17,1.,-4.4E-16));
#3164 = DIRECTION('',(1.,7.E-17,0.));
#3165 = ADVANCED_FACE('',(#3166),#3182,.T.);
#3166 = FACE_BOUND('',#3167,.F.);
#3167 = EDGE_LOOP('',(#3168,#3169,#3175,#3176));
#3168 = ORIENTED_EDGE('',*,*,#2276,.F.);
#3169 = ORIENTED_EDGE('',*,*,#3170,.T.);
#3170 = EDGE_CURVE('',#2260,#2688,#3171,.T.);
#3171 = LINE('',#3172,#3173);
#3172 = CARTESIAN_POINT('',(4.699,2.920999999999,-7.3E-16));
#3173 = VECTOR('',#3174,1.);
#3174 = DIRECTION('',(0.,4.4E-16,1.));
#3175 = ORIENTED_EDGE('',*,*,#2697,.F.);
#3176 = ORIENTED_EDGE('',*,*,#3177,.F.);
#3177 = EDGE_CURVE('',#2269,#2698,#3178,.T.);
#3178 = LINE('',#3179,#3180);
#3179 = CARTESIAN_POINT('',(5.461,2.920999999999,-7.3E-16));
#3180 = VECTOR('',#3181,1.);
#3181 = DIRECTION('',(0.,4.4E-16,1.));
#3182 = PLANE('',#3183);
#3183 = AXIS2_PLACEMENT_3D('',#3184,#3185,#3186);
#3184 = CARTESIAN_POINT('',(4.699,2.920999999999,-7.3E-16));
#3185 = DIRECTION('',(0.,-1.,4.4E-16));
#3186 = DIRECTION('',(-1.,-0.,-0.));
#3187 = ADVANCED_FACE('',(#3188),#3199,.T.);
#3188 = FACE_BOUND('',#3189,.F.);
#3189 = EDGE_LOOP('',(#3190,#3191,#3197,#3198));
#3190 = ORIENTED_EDGE('',*,*,#2300,.F.);
#3191 = ORIENTED_EDGE('',*,*,#3192,.T.);
#3192 = EDGE_CURVE('',#2291,#2690,#3193,.T.);
#3193 = LINE('',#3194,#3195);
#3194 = CARTESIAN_POINT('',(4.699,2.159000000001,-3.9E-16));
#3195 = VECTOR('',#3196,1.);
#3196 = DIRECTION('',(0.,4.4E-16,1.));
#3197 = ORIENTED_EDGE('',*,*,#2687,.F.);
#3198 = ORIENTED_EDGE('',*,*,#3170,.F.);
#3199 = PLANE('',#3200);
#3200 = AXIS2_PLACEMENT_3D('',#3201,#3202,#3203);
#3201 = CARTESIAN_POINT('',(4.699,2.159000000001,-3.9E-16));
#3202 = DIRECTION('',(1.,0.,0.));
#3203 = DIRECTION('',(0.,-1.,4.4E-16));
#3204 = ADVANCED_FACE('',(#3205),#3216,.T.);
#3205 = FACE_BOUND('',#3206,.F.);
#3206 = EDGE_LOOP('',(#3207,#3208,#3209,#3210));
#3207 = ORIENTED_EDGE('',*,*,#2324,.F.);
#3208 = ORIENTED_EDGE('',*,*,#3177,.T.);
#3209 = ORIENTED_EDGE('',*,*,#2705,.F.);
#3210 = ORIENTED_EDGE('',*,*,#3211,.F.);
#3211 = EDGE_CURVE('',#2317,#2706,#3212,.T.);
#3212 = LINE('',#3213,#3214);
#3213 = CARTESIAN_POINT('',(5.461,2.159000000001,-3.9E-16));
#3214 = VECTOR('',#3215,1.);
#3215 = DIRECTION('',(0.,4.4E-16,1.));
#3216 = PLANE('',#3217);
#3217 = AXIS2_PLACEMENT_3D('',#3218,#3219,#3220);
#3218 = CARTESIAN_POINT('',(5.461,2.920999999999,-7.3E-16));
#3219 = DIRECTION('',(-1.,0.,0.));
#3220 = DIRECTION('',(0.,1.,-4.4E-16));
#3221 = ADVANCED_FACE('',(#3222),#3228,.T.);
#3222 = FACE_BOUND('',#3223,.F.);
#3223 = EDGE_LOOP('',(#3224,#3225,#3226,#3227));
#3224 = ORIENTED_EDGE('',*,*,#2341,.F.);
#3225 = ORIENTED_EDGE('',*,*,#3211,.T.);
#3226 = ORIENTED_EDGE('',*,*,#2713,.F.);
#3227 = ORIENTED_EDGE('',*,*,#3192,.F.);
#3228 = PLANE('',#3229);
#3229 = AXIS2_PLACEMENT_3D('',#3230,#3231,#3232);
#3230 = CARTESIAN_POINT('',(5.461,2.159000000001,-3.9E-16));
#3231 = DIRECTION('',(-7.E-17,1.,-4.4E-16));
#3232 = DIRECTION('',(1.,7.E-17,0.));
#3233 = ADVANCED_FACE('',(#3234),#3250,.T.);
#3234 = FACE_BOUND('',#3235,.F.);
#3235 = EDGE_LOOP('',(#3236,#3237,#3243,#3244));
#3236 = ORIENTED_EDGE('',*,*,#2372,.F.);
#3237 = ORIENTED_EDGE('',*,*,#3238,.T.);
#3238 = EDGE_CURVE('',#2356,#2722,#3239,.T.);
#3239 = LINE('',#3240,#3241);
#3240 = CARTESIAN_POINT('',(7.239,2.920999999999,-7.3E-16));
#3241 = VECTOR('',#3242,1.);
#3242 = DIRECTION('',(0.,4.4E-16,1.));
#3243 = ORIENTED_EDGE('',*,*,#2731,.F.);
#3244 = ORIENTED_EDGE('',*,*,#3245,.F.);
#3245 = EDGE_CURVE('',#2365,#2732,#3246,.T.);
#3246 = LINE('',#3247,#3248);
#3247 = CARTESIAN_POINT('',(8.001,2.920999999999,-7.3E-16));
#3248 = VECTOR('',#3249,1.);
#3249 = DIRECTION('',(0.,4.4E-16,1.));
#3250 = PLANE('',#3251);
#3251 = AXIS2_PLACEMENT_3D('',#3252,#3253,#3254);
#3252 = CARTESIAN_POINT('',(7.239,2.920999999999,-7.3E-16));
#3253 = DIRECTION('',(0.,-1.,4.4E-16));
#3254 = DIRECTION('',(-1.,-0.,-0.));
#3255 = ADVANCED_FACE('',(#3256),#3267,.T.);
#3256 = FACE_BOUND('',#3257,.F.);
#3257 = EDGE_LOOP('',(#3258,#3259,#3265,#3266));
#3258 = ORIENTED_EDGE('',*,*,#2396,.F.);
#3259 = ORIENTED_EDGE('',*,*,#3260,.T.);
#3260 = EDGE_CURVE('',#2387,#2724,#3261,.T.);
#3261 = LINE('',#3262,#3263);
#3262 = CARTESIAN_POINT('',(7.239,2.159000000001,-3.9E-16));
#3263 = VECTOR('',#3264,1.);
#3264 = DIRECTION('',(0.,4.4E-16,1.));
#3265 = ORIENTED_EDGE('',*,*,#2721,.F.);
#3266 = ORIENTED_EDGE('',*,*,#3238,.F.);
#3267 = PLANE('',#3268);
#3268 = AXIS2_PLACEMENT_3D('',#3269,#3270,#3271);
#3269 = CARTESIAN_POINT('',(7.239,2.159000000001,-3.9E-16));
#3270 = DIRECTION('',(1.,0.,0.));
#3271 = DIRECTION('',(0.,-1.,4.4E-16));
#3272 = ADVANCED_FACE('',(#3273),#3284,.T.);
#3273 = FACE_BOUND('',#3274,.F.);
#3274 = EDGE_LOOP('',(#3275,#3276,#3277,#3278));
#3275 = ORIENTED_EDGE('',*,*,#2420,.F.);
#3276 = ORIENTED_EDGE('',*,*,#3245,.T.);
#3277 = ORIENTED_EDGE('',*,*,#2739,.F.);
#3278 = ORIENTED_EDGE('',*,*,#3279,.F.);
#3279 = EDGE_CURVE('',#2413,#2740,#3280,.T.);
#3280 = LINE('',#3281,#3282);
#3281 = CARTESIAN_POINT('',(8.001,2.159000000001,-3.9E-16));
#3282 = VECTOR('',#3283,1.);
#3283 = DIRECTION('',(0.,4.4E-16,1.));
#3284 = PLANE('',#3285);
#3285 = AXIS2_PLACEMENT_3D('',#3286,#3287,#3288);
#3286 = CARTESIAN_POINT('',(8.001,2.920999999999,-7.3E-16));
#3287 = DIRECTION('',(-1.,0.,0.));
#3288 = DIRECTION('',(0.,1.,-4.4E-16));
#3289 = ADVANCED_FACE('',(#3290),#3296,.T.);
#3290 = FACE_BOUND('',#3291,.F.);
#3291 = EDGE_LOOP('',(#3292,#3293,#3294,#3295));
#3292 = ORIENTED_EDGE('',*,*,#2437,.F.);
#3293 = ORIENTED_EDGE('',*,*,#3279,.T.);
#3294 = ORIENTED_EDGE('',*,*,#2747,.F.);
#3295 = ORIENTED_EDGE('',*,*,#3260,.F.);
#3296 = PLANE('',#3297);
#3297 = AXIS2_PLACEMENT_3D('',#3298,#3299,#3300);
#3298 = CARTESIAN_POINT('',(8.001,2.159000000001,-3.9E-16));
#3299 = DIRECTION('',(-7.E-17,1.,-4.4E-16));
#3300 = DIRECTION('',(1.,7.E-17,0.));
#3301 = ( GEOMETRIC_REPRESENTATION_CONTEXT(3) 
GLOBAL_UNCERTAINTY_ASSIGNED_CONTEXT((#3305)) 
GLOBAL_UNIT_ASSIGNED_CONTEXT((#3302,#3303,#3304)) REPRESENTATION_CONTEXT
('Context #1','3D Context with UNIT and UNCERTAINTY') );
#3302 = ( LENGTH_UNIT() NAMED_UNIT(*) SI_UNIT(.MILLI.,.METRE.) );
#3303 = ( NAMED_UNIT(*) PLANE_ANGLE_UNIT() SI_UNIT($,.RADIAN.) );
#3304 = ( NAMED_UNIT(*) SI_UNIT($,.STERADIAN.) SOLID_ANGLE_UNIT() );
#3305 = UNCERTAINTY_MEASURE_WITH_UNIT(LENGTH_MEASURE(1.E-05),#3302,
  'distance_accuracy_value','confusion accuracy');
#3306 = CONTEXT_DEPENDENT_SHAPE_REPRESENTATION(#3307,#3309);
#3307 = ( REPRESENTATION_RELATIONSHIP('','',#40,#10) 
REPRESENTATION_RELATIONSHIP_WITH_TRANSFORMATION(#3308) 
SHAPE_REPRESENTATION_RELATIONSHIP() );
#3308 = ITEM_DEFINED_TRANSFORMATION('','',#11,#15);
#3309 = PRODUCT_DEFINITION_SHAPE('Placement','Placement of an item',
  #3310);
#3310 = NEXT_ASSEMBLY_USAGE_OCCURRENCE('8','IDSD-04-D-XX.XX_Plug_Base',
  '',#5,#35,$);
#3311 = PRODUCT_RELATED_PRODUCT_CATEGORY('part',$,(#37));
#3312 = SHAPE_DEFINITION_REPRESENTATION(#3313,#3319);
#3313 = PRODUCT_DEFINITION_SHAPE('','',#3314);
#3314 = PRODUCT_DEFINITION('design','',#3315,#3318);
#3315 = PRODUCT_DEFINITION_FORMATION('','',#3316);
#3316 = PRODUCT('IDSD-04-D-XX.XX_Plug_Cap','IDSD-04-D-XX.XX_Plug_Cap',''
  ,(#3317));
#3317 = PRODUCT_CONTEXT('',#2,'mechanical');
#3318 = PRODUCT_DEFINITION_CONTEXT('part definition',#2,'design');
#3319 = ADVANCED_BREP_SHAPE_REPRESENTATION('',(#11,#3320),#5581);
#3320 = MANIFOLD_SOLID_BREP('',#3321);
#3321 = CLOSED_SHELL('',(#3322,#3362,#3913,#3937,#3961,#4498,#4515,#4532
    ,#4549,#4566,#4583,#4600,#4617,#4634,#4651,#4668,#4685,#4702,#4719,
    #4736,#4753,#4770,#4787,#4804,#4821,#4838,#4855,#4872,#4889,#4906,
    #4923,#4940,#4957,#4974,#4991,#5008,#5025,#5037,#5059,#5076,#5093,
    #5105,#5127,#5144,#5161,#5173,#5195,#5212,#5229,#5241,#5263,#5280,
    #5297,#5309,#5331,#5348,#5365,#5377,#5399,#5416,#5433,#5445,#5467,
    #5484,#5501,#5513,#5535,#5552,#5569));
#3322 = ADVANCED_FACE('',(#3323),#3357,.F.);
#3323 = FACE_BOUND('',#3324,.F.);
#3324 = EDGE_LOOP('',(#3325,#3335,#3343,#3351));
#3325 = ORIENTED_EDGE('',*,*,#3326,.F.);
#3326 = EDGE_CURVE('',#3327,#3329,#3331,.T.);
#3327 = VERTEX_POINT('',#3328);
#3328 = CARTESIAN_POINT('',(-2.02,3.81,7.3864));
#3329 = VERTEX_POINT('',#3330);
#3330 = CARTESIAN_POINT('',(-2.02,-0.508,7.3864));
#3331 = LINE('',#3332,#3333);
#3332 = CARTESIAN_POINT('',(-2.02,3.81,7.3864));
#3333 = VECTOR('',#3334,1.);
#3334 = DIRECTION('',(0.,-1.,0.));
#3335 = ORIENTED_EDGE('',*,*,#3336,.T.);
#3336 = EDGE_CURVE('',#3327,#3337,#3339,.T.);
#3337 = VERTEX_POINT('',#3338);
#3338 = CARTESIAN_POINT('',(-2.02,3.81,9.52));
#3339 = LINE('',#3340,#3341);
#3340 = CARTESIAN_POINT('',(-2.02,3.81,7.3864));
#3341 = VECTOR('',#3342,1.);
#3342 = DIRECTION('',(0.,0.,1.));
#3343 = ORIENTED_EDGE('',*,*,#3344,.T.);
#3344 = EDGE_CURVE('',#3337,#3345,#3347,.T.);
#3345 = VERTEX_POINT('',#3346);
#3346 = CARTESIAN_POINT('',(-2.02,-0.508,9.52));
#3347 = LINE('',#3348,#3349);
#3348 = CARTESIAN_POINT('',(-2.02,3.81,9.52));
#3349 = VECTOR('',#3350,1.);
#3350 = DIRECTION('',(0.,-1.,0.));
#3351 = ORIENTED_EDGE('',*,*,#3352,.F.);
#3352 = EDGE_CURVE('',#3329,#3345,#3353,.T.);
#3353 = LINE('',#3354,#3355);
#3354 = CARTESIAN_POINT('',(-2.02,-0.508,7.3864));
#3355 = VECTOR('',#3356,1.);
#3356 = DIRECTION('',(0.,0.,1.));
#3357 = PLANE('',#3358);
#3358 = AXIS2_PLACEMENT_3D('',#3359,#3360,#3361);
#3359 = CARTESIAN_POINT('',(-2.02,3.81,7.3864));
#3360 = DIRECTION('',(1.,0.,0.));
#3361 = DIRECTION('',(0.,-1.,0.));
#3362 = ADVANCED_FACE('',(#3363,#3636,#3670,#3704,#3738,#3772,#3806,
    #3840,#3874),#3908,.F.);
#3363 = FACE_BOUND('',#3364,.F.);
#3364 = EDGE_LOOP('',(#3365,#3366,#3374,#3382,#3390,#3398,#3406,#3414,
    #3422,#3430,#3438,#3446,#3454,#3462,#3470,#3478,#3486,#3494,#3502,
    #3510,#3518,#3526,#3534,#3542,#3550,#3558,#3566,#3574,#3582,#3590,
    #3598,#3606,#3614,#3622,#3630));
#3365 = ORIENTED_EDGE('',*,*,#3326,.T.);
#3366 = ORIENTED_EDGE('',*,*,#3367,.T.);
#3367 = EDGE_CURVE('',#3329,#3368,#3370,.T.);
#3368 = VERTEX_POINT('',#3369);
#3369 = CARTESIAN_POINT('',(-1.258,-1.27,7.3864));
#3370 = LINE('',#3371,#3372);
#3371 = CARTESIAN_POINT('',(-0.8165,-1.7115,7.3864));
#3372 = VECTOR('',#3373,1.);
#3373 = DIRECTION('',(0.707106781187,-0.707106781187,0.));
#3374 = ORIENTED_EDGE('',*,*,#3375,.T.);
#3375 = EDGE_CURVE('',#3368,#3376,#3378,.T.);
#3376 = VERTEX_POINT('',#3377);
#3377 = CARTESIAN_POINT('',(-0.64700000001,-1.27,7.3864));
#3378 = LINE('',#3379,#3380);
#3379 = CARTESIAN_POINT('',(-2.02,-1.27,7.3864));
#3380 = VECTOR('',#3381,1.);
#3381 = DIRECTION('',(1.,0.,0.));
#3382 = ORIENTED_EDGE('',*,*,#3383,.T.);
#3383 = EDGE_CURVE('',#3376,#3384,#3386,.T.);
#3384 = VERTEX_POINT('',#3385);
#3385 = CARTESIAN_POINT('',(-0.52,-1.016,7.3864));
#3386 = LINE('',#3387,#3388);
#3387 = CARTESIAN_POINT('',(0.306700000073,0.637400000013,7.3864));
#3388 = VECTOR('',#3389,1.);
#3389 = DIRECTION('',(0.447213595529,0.894427190985,0.));
#3390 = ORIENTED_EDGE('',*,*,#3391,.T.);
#3391 = EDGE_CURVE('',#3384,#3392,#3394,.T.);
#3392 = VERTEX_POINT('',#3393);
#3393 = CARTESIAN_POINT('',(-0.39300000001,-1.27,7.3864));
#3394 = LINE('',#3395,#3396);
#3395 = CARTESIAN_POINT('',(-0.544200000034,-0.967599999928,7.3864));
#3396 = VECTOR('',#3397,1.);
#3397 = DIRECTION('',(0.447213595471,-0.894427191014,0.));
#3398 = ORIENTED_EDGE('',*,*,#3399,.T.);
#3399 = EDGE_CURVE('',#3392,#3400,#3402,.T.);
#3400 = VERTEX_POINT('',#3401);
#3401 = CARTESIAN_POINT('',(1.89299999999,-1.27,7.3864));
#3402 = LINE('',#3403,#3404);
#3403 = CARTESIAN_POINT('',(-2.02,-1.27,7.3864));
#3404 = VECTOR('',#3405,1.);
#3405 = DIRECTION('',(1.,0.,0.));
#3406 = ORIENTED_EDGE('',*,*,#3407,.T.);
#3407 = EDGE_CURVE('',#3400,#3408,#3410,.T.);
#3408 = VERTEX_POINT('',#3409);
#3409 = CARTESIAN_POINT('',(2.02,-1.016,7.3864));
#3410 = LINE('',#3411,#3412);
#3411 = CARTESIAN_POINT('',(2.59270000004,0.129399999988,7.3864));
#3412 = VECTOR('',#3413,1.);
#3413 = DIRECTION('',(0.447213595529,0.894427190985,0.));
#3414 = ORIENTED_EDGE('',*,*,#3415,.T.);
#3415 = EDGE_CURVE('',#3408,#3416,#3418,.T.);
#3416 = VERTEX_POINT('',#3417);
#3417 = CARTESIAN_POINT('',(2.14699999999,-1.27,7.3864));
#3418 = LINE('',#3419,#3420);
#3419 = CARTESIAN_POINT('',(1.741799999999,-0.459599999953,7.3864));
#3420 = VECTOR('',#3421,1.);
#3421 = DIRECTION('',(0.447213595471,-0.894427191014,0.));
#3422 = ORIENTED_EDGE('',*,*,#3423,.T.);
#3423 = EDGE_CURVE('',#3416,#3424,#3426,.T.);
#3424 = VERTEX_POINT('',#3425);
#3425 = CARTESIAN_POINT('',(4.43299999999,-1.27,7.3864));
#3426 = LINE('',#3427,#3428);
#3427 = CARTESIAN_POINT('',(-2.02,-1.27,7.3864));
#3428 = VECTOR('',#3429,1.);
#3429 = DIRECTION('',(1.,0.,0.));
#3430 = ORIENTED_EDGE('',*,*,#3431,.T.);
#3431 = EDGE_CURVE('',#3424,#3432,#3434,.T.);
#3432 = VERTEX_POINT('',#3433);
#3433 = CARTESIAN_POINT('',(4.56,-1.016,7.3864));
#3434 = LINE('',#3435,#3436);
#3435 = CARTESIAN_POINT('',(4.878700000007,-0.378600000037,7.3864));
#3436 = VECTOR('',#3437,1.);
#3437 = DIRECTION('',(0.447213595529,0.894427190985,0.));
#3438 = ORIENTED_EDGE('',*,*,#3439,.T.);
#3439 = EDGE_CURVE('',#3432,#3440,#3442,.T.);
#3440 = VERTEX_POINT('',#3441);
#3441 = CARTESIAN_POINT('',(4.68699999999,-1.27,7.3864));
#3442 = LINE('',#3443,#3444);
#3443 = CARTESIAN_POINT('',(4.027800000032,4.840000002242E-02,7.3864));
#3444 = VECTOR('',#3445,1.);
#3445 = DIRECTION('',(0.447213595471,-0.894427191014,0.));
#3446 = ORIENTED_EDGE('',*,*,#3447,.T.);
#3447 = EDGE_CURVE('',#3440,#3448,#3450,.T.);
#3448 = VERTEX_POINT('',#3449);
#3449 = CARTESIAN_POINT('',(6.97299999999,-1.27,7.3864));
#3450 = LINE('',#3451,#3452);
#3451 = CARTESIAN_POINT('',(-2.02,-1.27,7.3864));
#3452 = VECTOR('',#3453,1.);
#3453 = DIRECTION('',(1.,0.,0.));
#3454 = ORIENTED_EDGE('',*,*,#3455,.T.);
#3455 = EDGE_CURVE('',#3448,#3456,#3458,.T.);
#3456 = VERTEX_POINT('',#3457);
#3457 = CARTESIAN_POINT('',(7.1,-1.016,7.3864));
#3458 = LINE('',#3459,#3460);
#3459 = CARTESIAN_POINT('',(7.164699999974,-0.886600000062,7.3864));
#3460 = VECTOR('',#3461,1.);
#3461 = DIRECTION('',(0.447213595529,0.894427190985,0.));
#3462 = ORIENTED_EDGE('',*,*,#3463,.T.);
#3463 = EDGE_CURVE('',#3456,#3464,#3466,.T.);
#3464 = VERTEX_POINT('',#3465);
#3465 = CARTESIAN_POINT('',(7.22699999999,-1.27,7.3864));
#3466 = LINE('',#3467,#3468);
#3467 = CARTESIAN_POINT('',(6.313800000065,0.556399999998,7.3864));
#3468 = VECTOR('',#3469,1.);
#3469 = DIRECTION('',(0.447213595471,-0.894427191014,0.));
#3470 = ORIENTED_EDGE('',*,*,#3471,.T.);
#3471 = EDGE_CURVE('',#3464,#3472,#3474,.T.);
#3472 = VERTEX_POINT('',#3473);
#3473 = CARTESIAN_POINT('',(9.51299999999,-1.27,7.3864));
#3474 = LINE('',#3475,#3476);
#3475 = CARTESIAN_POINT('',(-2.02,-1.27,7.3864));
#3476 = VECTOR('',#3477,1.);
#3477 = DIRECTION('',(1.,0.,0.));
#3478 = ORIENTED_EDGE('',*,*,#3479,.T.);
#3479 = EDGE_CURVE('',#3472,#3480,#3482,.T.);
#3480 = VERTEX_POINT('',#3481);
#3481 = CARTESIAN_POINT('',(9.64,-1.016,7.3864));
#3482 = LINE('',#3483,#3484);
#3483 = CARTESIAN_POINT('',(9.450699999941,-1.394600000087,7.3864));
#3484 = VECTOR('',#3485,1.);
#3485 = DIRECTION('',(0.447213595529,0.894427190985,0.));
#3486 = ORIENTED_EDGE('',*,*,#3487,.T.);
#3487 = EDGE_CURVE('',#3480,#3488,#3490,.T.);
#3488 = VERTEX_POINT('',#3489);
#3489 = CARTESIAN_POINT('',(9.64,0.3556,7.3864));
#3490 = LINE('',#3491,#3492);
#3491 = CARTESIAN_POINT('',(9.64,-1.27,7.3864));
#3492 = VECTOR('',#3493,1.);
#3493 = DIRECTION('',(0.,1.,0.));
#3494 = ORIENTED_EDGE('',*,*,#3495,.F.);
#3495 = EDGE_CURVE('',#3496,#3488,#3498,.T.);
#3496 = VERTEX_POINT('',#3497);
#3497 = CARTESIAN_POINT('',(8.3058,0.3556,7.3864));
#3498 = LINE('',#3499,#3500);
#3499 = CARTESIAN_POINT('',(6.0579,0.3556,7.3864));
#3500 = VECTOR('',#3501,1.);
#3501 = DIRECTION('',(1.,0.,0.));
#3502 = ORIENTED_EDGE('',*,*,#3503,.F.);
#3503 = EDGE_CURVE('',#3504,#3496,#3506,.T.);
#3504 = VERTEX_POINT('',#3505);
#3505 = CARTESIAN_POINT('',(8.3058,0.8636,7.3864));
#3506 = LINE('',#3507,#3508);
#3507 = CARTESIAN_POINT('',(8.3058,1.0668,7.3864));
#3508 = VECTOR('',#3509,1.);
#3509 = DIRECTION('',(0.,-1.,0.));
#3510 = ORIENTED_EDGE('',*,*,#3511,.F.);
#3511 = EDGE_CURVE('',#3512,#3504,#3514,.T.);
#3512 = VERTEX_POINT('',#3513);
#3513 = CARTESIAN_POINT('',(9.64,0.8636,7.3864));
#3514 = LINE('',#3515,#3516);
#3515 = CARTESIAN_POINT('',(7.1501,0.8636,7.3864));
#3516 = VECTOR('',#3517,1.);
#3517 = DIRECTION('',(-1.,0.,0.));
#3518 = ORIENTED_EDGE('',*,*,#3519,.T.);
#3519 = EDGE_CURVE('',#3512,#3520,#3522,.T.);
#3520 = VERTEX_POINT('',#3521);
#3521 = CARTESIAN_POINT('',(9.64,3.556,7.3864));
#3522 = LINE('',#3523,#3524);
#3523 = CARTESIAN_POINT('',(9.64,-1.27,7.3864));
#3524 = VECTOR('',#3525,1.);
#3525 = DIRECTION('',(0.,1.,0.));
#3526 = ORIENTED_EDGE('',*,*,#3527,.F.);
#3527 = EDGE_CURVE('',#3528,#3520,#3530,.T.);
#3528 = VERTEX_POINT('',#3529);
#3529 = CARTESIAN_POINT('',(9.51299999999,3.81,7.3864));
#3530 = LINE('',#3531,#3532);
#3531 = CARTESIAN_POINT('',(9.450699999941,3.934600000087,7.3864));
#3532 = VECTOR('',#3533,1.);
#3533 = DIRECTION('',(0.447213595529,-0.894427190985,0.));
#3534 = ORIENTED_EDGE('',*,*,#3535,.T.);
#3535 = EDGE_CURVE('',#3528,#3536,#3538,.T.);
#3536 = VERTEX_POINT('',#3537);
#3537 = CARTESIAN_POINT('',(7.22699999999,3.81,7.3864));
#3538 = LINE('',#3539,#3540);
#3539 = CARTESIAN_POINT('',(9.64,3.81,7.3864));
#3540 = VECTOR('',#3541,1.);
#3541 = DIRECTION('',(-1.,0.,0.));
#3542 = ORIENTED_EDGE('',*,*,#3543,.F.);
#3543 = EDGE_CURVE('',#3544,#3536,#3546,.T.);
#3544 = VERTEX_POINT('',#3545);
#3545 = CARTESIAN_POINT('',(7.1,3.556,7.3864));
#3546 = LINE('',#3547,#3548);
#3547 = CARTESIAN_POINT('',(6.313800000065,1.983600000002,7.3864));
#3548 = VECTOR('',#3549,1.);
#3549 = DIRECTION('',(0.447213595471,0.894427191014,0.));
#3550 = ORIENTED_EDGE('',*,*,#3551,.F.);
#3551 = EDGE_CURVE('',#3552,#3544,#3554,.T.);
#3552 = VERTEX_POINT('',#3553);
#3553 = CARTESIAN_POINT('',(6.97299999999,3.81,7.3864));
#3554 = LINE('',#3555,#3556);
#3555 = CARTESIAN_POINT('',(7.164699999974,3.426600000062,7.3864));
#3556 = VECTOR('',#3557,1.);
#3557 = DIRECTION('',(0.447213595529,-0.894427190985,0.));
#3558 = ORIENTED_EDGE('',*,*,#3559,.T.);
#3559 = EDGE_CURVE('',#3552,#3560,#3562,.T.);
#3560 = VERTEX_POINT('',#3561);
#3561 = CARTESIAN_POINT('',(4.68699999999,3.81,7.3864));
#3562 = LINE('',#3563,#3564);
#3563 = CARTESIAN_POINT('',(9.64,3.81,7.3864));
#3564 = VECTOR('',#3565,1.);
#3565 = DIRECTION('',(-1.,0.,0.));
#3566 = ORIENTED_EDGE('',*,*,#3567,.F.);
#3567 = EDGE_CURVE('',#3568,#3560,#3570,.T.);
#3568 = VERTEX_POINT('',#3569);
#3569 = CARTESIAN_POINT('',(4.56,3.556,7.3864));
#3570 = LINE('',#3571,#3572);
#3571 = CARTESIAN_POINT('',(4.027800000032,2.491599999978,7.3864));
#3572 = VECTOR('',#3573,1.);
#3573 = DIRECTION('',(0.447213595471,0.894427191014,0.));
#3574 = ORIENTED_EDGE('',*,*,#3575,.F.);
#3575 = EDGE_CURVE('',#3576,#3568,#3578,.T.);
#3576 = VERTEX_POINT('',#3577);
#3577 = CARTESIAN_POINT('',(4.43299999999,3.81,7.3864));
#3578 = LINE('',#3579,#3580);
#3579 = CARTESIAN_POINT('',(4.878700000007,2.918600000037,7.3864));
#3580 = VECTOR('',#3581,1.);
#3581 = DIRECTION('',(0.447213595529,-0.894427190985,0.));
#3582 = ORIENTED_EDGE('',*,*,#3583,.T.);
#3583 = EDGE_CURVE('',#3576,#3584,#3586,.T.);
#3584 = VERTEX_POINT('',#3585);
#3585 = CARTESIAN_POINT('',(2.14699999999,3.81,7.3864));
#3586 = LINE('',#3587,#3588);
#3587 = CARTESIAN_POINT('',(9.64,3.81,7.3864));
#3588 = VECTOR('',#3589,1.);
#3589 = DIRECTION('',(-1.,0.,0.));
#3590 = ORIENTED_EDGE('',*,*,#3591,.F.);
#3591 = EDGE_CURVE('',#3592,#3584,#3594,.T.);
#3592 = VERTEX_POINT('',#3593);
#3593 = CARTESIAN_POINT('',(2.02,3.556,7.3864));
#3594 = LINE('',#3595,#3596);
#3595 = CARTESIAN_POINT('',(1.741799999999,2.999599999953,7.3864));
#3596 = VECTOR('',#3597,1.);
#3597 = DIRECTION('',(0.447213595471,0.894427191014,0.));
#3598 = ORIENTED_EDGE('',*,*,#3599,.F.);
#3599 = EDGE_CURVE('',#3600,#3592,#3602,.T.);
#3600 = VERTEX_POINT('',#3601);
#3601 = CARTESIAN_POINT('',(1.89299999999,3.81,7.3864));
#3602 = LINE('',#3603,#3604);
#3603 = CARTESIAN_POINT('',(2.59270000004,2.410600000012,7.3864));
#3604 = VECTOR('',#3605,1.);
#3605 = DIRECTION('',(0.447213595529,-0.894427190985,0.));
#3606 = ORIENTED_EDGE('',*,*,#3607,.T.);
#3607 = EDGE_CURVE('',#3600,#3608,#3610,.T.);
#3608 = VERTEX_POINT('',#3609);
#3609 = CARTESIAN_POINT('',(-0.39300000001,3.81,7.3864));
#3610 = LINE('',#3611,#3612);
#3611 = CARTESIAN_POINT('',(9.64,3.81,7.3864));
#3612 = VECTOR('',#3613,1.);
#3613 = DIRECTION('',(-1.,0.,0.));
#3614 = ORIENTED_EDGE('',*,*,#3615,.F.);
#3615 = EDGE_CURVE('',#3616,#3608,#3618,.T.);
#3616 = VERTEX_POINT('',#3617);
#3617 = CARTESIAN_POINT('',(-0.52,3.556,7.3864));
#3618 = LINE('',#3619,#3620);
#3619 = CARTESIAN_POINT('',(-0.544200000034,3.507599999928,7.3864));
#3620 = VECTOR('',#3621,1.);
#3621 = DIRECTION('',(0.447213595471,0.894427191014,0.));
#3622 = ORIENTED_EDGE('',*,*,#3623,.F.);
#3623 = EDGE_CURVE('',#3624,#3616,#3626,.T.);
#3624 = VERTEX_POINT('',#3625);
#3625 = CARTESIAN_POINT('',(-0.64700000001,3.81,7.3864));
#3626 = LINE('',#3627,#3628);
#3627 = CARTESIAN_POINT('',(0.306700000073,1.902599999987,7.3864));
#3628 = VECTOR('',#3629,1.);
#3629 = DIRECTION('',(0.447213595529,-0.894427190985,0.));
#3630 = ORIENTED_EDGE('',*,*,#3631,.T.);
#3631 = EDGE_CURVE('',#3624,#3327,#3632,.T.);
#3632 = LINE('',#3633,#3634);
#3633 = CARTESIAN_POINT('',(9.64,3.81,7.3864));
#3634 = VECTOR('',#3635,1.);
#3635 = DIRECTION('',(-1.,0.,0.));
#3636 = FACE_BOUND('',#3637,.F.);
#3637 = EDGE_LOOP('',(#3638,#3648,#3656,#3664));
#3638 = ORIENTED_EDGE('',*,*,#3639,.F.);
#3639 = EDGE_CURVE('',#3640,#3642,#3644,.T.);
#3640 = VERTEX_POINT('',#3641);
#3641 = CARTESIAN_POINT('',(-1.8542,0.8636,7.3864));
#3642 = VERTEX_POINT('',#3643);
#3643 = CARTESIAN_POINT('',(-1.8542,0.3556,7.3864));
#3644 = LINE('',#3645,#3646);
#3645 = CARTESIAN_POINT('',(-1.8542,1.0668,7.3864));
#3646 = VECTOR('',#3647,1.);
#3647 = DIRECTION('',(0.,-1.,0.));
#3648 = ORIENTED_EDGE('',*,*,#3649,.F.);
#3649 = EDGE_CURVE('',#3650,#3640,#3652,.T.);
#3650 = VERTEX_POINT('',#3651);
#3651 = CARTESIAN_POINT('',(0.3302,0.8636,7.3864));
#3652 = LINE('',#3653,#3654);
#3653 = CARTESIAN_POINT('',(2.0701,0.8636,7.3864));
#3654 = VECTOR('',#3655,1.);
#3655 = DIRECTION('',(-1.,0.,0.));
#3656 = ORIENTED_EDGE('',*,*,#3657,.F.);
#3657 = EDGE_CURVE('',#3658,#3650,#3660,.T.);
#3658 = VERTEX_POINT('',#3659);
#3659 = CARTESIAN_POINT('',(0.3302,0.3556,7.3864));
#3660 = LINE('',#3661,#3662);
#3661 = CARTESIAN_POINT('',(0.3302,0.8128,7.3864));
#3662 = VECTOR('',#3663,1.);
#3663 = DIRECTION('',(0.,1.,0.));
#3664 = ORIENTED_EDGE('',*,*,#3665,.F.);
#3665 = EDGE_CURVE('',#3642,#3658,#3666,.T.);
#3666 = LINE('',#3667,#3668);
#3667 = CARTESIAN_POINT('',(0.9779,0.3556,7.3864));
#3668 = VECTOR('',#3669,1.);
#3669 = DIRECTION('',(1.,0.,0.));
#3670 = FACE_BOUND('',#3671,.F.);
#3671 = EDGE_LOOP('',(#3672,#3682,#3690,#3698));
#3672 = ORIENTED_EDGE('',*,*,#3673,.F.);
#3673 = EDGE_CURVE('',#3674,#3676,#3678,.T.);
#3674 = VERTEX_POINT('',#3675);
#3675 = CARTESIAN_POINT('',(0.6858,0.8636,7.3864));
#3676 = VERTEX_POINT('',#3677);
#3677 = CARTESIAN_POINT('',(0.6858,0.3556,7.3864));
#3678 = LINE('',#3679,#3680);
#3679 = CARTESIAN_POINT('',(0.6858,1.0668,7.3864));
#3680 = VECTOR('',#3681,1.);
#3681 = DIRECTION('',(0.,-1.,0.));
#3682 = ORIENTED_EDGE('',*,*,#3683,.F.);
#3683 = EDGE_CURVE('',#3684,#3674,#3686,.T.);
#3684 = VERTEX_POINT('',#3685);
#3685 = CARTESIAN_POINT('',(2.8702,0.8636,7.3864));
#3686 = LINE('',#3687,#3688);
#3687 = CARTESIAN_POINT('',(3.3401,0.8636,7.3864));
#3688 = VECTOR('',#3689,1.);
#3689 = DIRECTION('',(-1.,0.,0.));
#3690 = ORIENTED_EDGE('',*,*,#3691,.F.);
#3691 = EDGE_CURVE('',#3692,#3684,#3694,.T.);
#3692 = VERTEX_POINT('',#3693);
#3693 = CARTESIAN_POINT('',(2.8702,0.3556,7.3864));
#3694 = LINE('',#3695,#3696);
#3695 = CARTESIAN_POINT('',(2.8702,0.8128,7.3864));
#3696 = VECTOR('',#3697,1.);
#3697 = DIRECTION('',(0.,1.,0.));
#3698 = ORIENTED_EDGE('',*,*,#3699,.F.);
#3699 = EDGE_CURVE('',#3676,#3692,#3700,.T.);
#3700 = LINE('',#3701,#3702);
#3701 = CARTESIAN_POINT('',(2.2479,0.3556,7.3864));
#3702 = VECTOR('',#3703,1.);
#3703 = DIRECTION('',(1.,0.,0.));
#3704 = FACE_BOUND('',#3705,.F.);
#3705 = EDGE_LOOP('',(#3706,#3716,#3724,#3732));
#3706 = ORIENTED_EDGE('',*,*,#3707,.F.);
#3707 = EDGE_CURVE('',#3708,#3710,#3712,.T.);
#3708 = VERTEX_POINT('',#3709);
#3709 = CARTESIAN_POINT('',(3.2258,0.8636,7.3864));
#3710 = VERTEX_POINT('',#3711);
#3711 = CARTESIAN_POINT('',(3.2258,0.3556,7.3864));
#3712 = LINE('',#3713,#3714);
#3713 = CARTESIAN_POINT('',(3.2258,1.0668,7.3864));
#3714 = VECTOR('',#3715,1.);
#3715 = DIRECTION('',(0.,-1.,0.));
#3716 = ORIENTED_EDGE('',*,*,#3717,.F.);
#3717 = EDGE_CURVE('',#3718,#3708,#3720,.T.);
#3718 = VERTEX_POINT('',#3719);
#3719 = CARTESIAN_POINT('',(5.4102,0.8636,7.3864));
#3720 = LINE('',#3721,#3722);
#3721 = CARTESIAN_POINT('',(4.6101,0.8636,7.3864));
#3722 = VECTOR('',#3723,1.);
#3723 = DIRECTION('',(-1.,0.,0.));
#3724 = ORIENTED_EDGE('',*,*,#3725,.F.);
#3725 = EDGE_CURVE('',#3726,#3718,#3728,.T.);
#3726 = VERTEX_POINT('',#3727);
#3727 = CARTESIAN_POINT('',(5.4102,0.3556,7.3864));
#3728 = LINE('',#3729,#3730);
#3729 = CARTESIAN_POINT('',(5.4102,0.8128,7.3864));
#3730 = VECTOR('',#3731,1.);
#3731 = DIRECTION('',(0.,1.,0.));
#3732 = ORIENTED_EDGE('',*,*,#3733,.F.);
#3733 = EDGE_CURVE('',#3710,#3726,#3734,.T.);
#3734 = LINE('',#3735,#3736);
#3735 = CARTESIAN_POINT('',(3.5179,0.3556,7.3864));
#3736 = VECTOR('',#3737,1.);
#3737 = DIRECTION('',(1.,0.,0.));
#3738 = FACE_BOUND('',#3739,.F.);
#3739 = EDGE_LOOP('',(#3740,#3750,#3758,#3766));
#3740 = ORIENTED_EDGE('',*,*,#3741,.F.);
#3741 = EDGE_CURVE('',#3742,#3744,#3746,.T.);
#3742 = VERTEX_POINT('',#3743);
#3743 = CARTESIAN_POINT('',(5.7658,0.8636,7.3864));
#3744 = VERTEX_POINT('',#3745);
#3745 = CARTESIAN_POINT('',(5.7658,0.3556,7.3864));
#3746 = LINE('',#3747,#3748);
#3747 = CARTESIAN_POINT('',(5.7658,1.0668,7.3864));
#3748 = VECTOR('',#3749,1.);
#3749 = DIRECTION('',(0.,-1.,0.));
#3750 = ORIENTED_EDGE('',*,*,#3751,.F.);
#3751 = EDGE_CURVE('',#3752,#3742,#3754,.T.);
#3752 = VERTEX_POINT('',#3753);
#3753 = CARTESIAN_POINT('',(7.9502,0.8636,7.3864));
#3754 = LINE('',#3755,#3756);
#3755 = CARTESIAN_POINT('',(5.8801,0.8636,7.3864));
#3756 = VECTOR('',#3757,1.);
#3757 = DIRECTION('',(-1.,0.,0.));
#3758 = ORIENTED_EDGE('',*,*,#3759,.F.);
#3759 = EDGE_CURVE('',#3760,#3752,#3762,.T.);
#3760 = VERTEX_POINT('',#3761);
#3761 = CARTESIAN_POINT('',(7.9502,0.3556,7.3864));
#3762 = LINE('',#3763,#3764);
#3763 = CARTESIAN_POINT('',(7.9502,0.8128,7.3864));
#3764 = VECTOR('',#3765,1.);
#3765 = DIRECTION('',(0.,1.,0.));
#3766 = ORIENTED_EDGE('',*,*,#3767,.F.);
#3767 = EDGE_CURVE('',#3744,#3760,#3768,.T.);
#3768 = LINE('',#3769,#3770);
#3769 = CARTESIAN_POINT('',(4.7879,0.3556,7.3864));
#3770 = VECTOR('',#3771,1.);
#3771 = DIRECTION('',(1.,0.,0.));
#3772 = FACE_BOUND('',#3773,.F.);
#3773 = EDGE_LOOP('',(#3774,#3784,#3792,#3800));
#3774 = ORIENTED_EDGE('',*,*,#3775,.F.);
#3775 = EDGE_CURVE('',#3776,#3778,#3780,.T.);
#3776 = VERTEX_POINT('',#3777);
#3777 = CARTESIAN_POINT('',(1.8542,1.6764,7.3864));
#3778 = VERTEX_POINT('',#3779);
#3779 = CARTESIAN_POINT('',(1.8542,2.1844,7.3864));
#3780 = LINE('',#3781,#3782);
#3781 = CARTESIAN_POINT('',(1.8542,1.4732,7.3864));
#3782 = VECTOR('',#3783,1.);
#3783 = DIRECTION('',(1.2E-16,1.,0.));
#3784 = ORIENTED_EDGE('',*,*,#3785,.F.);
#3785 = EDGE_CURVE('',#3786,#3776,#3788,.T.);
#3786 = VERTEX_POINT('',#3787);
#3787 = CARTESIAN_POINT('',(-0.3302,1.6764,7.3864));
#3788 = LINE('',#3789,#3790);
#3789 = CARTESIAN_POINT('',(1.7399,1.6764,7.3864));
#3790 = VECTOR('',#3791,1.);
#3791 = DIRECTION('',(1.,-1.2E-16,0.));
#3792 = ORIENTED_EDGE('',*,*,#3793,.F.);
#3793 = EDGE_CURVE('',#3794,#3786,#3796,.T.);
#3794 = VERTEX_POINT('',#3795);
#3795 = CARTESIAN_POINT('',(-0.3302,2.1844,7.3864));
#3796 = LINE('',#3797,#3798);
#3797 = CARTESIAN_POINT('',(-0.3302,1.7272,7.3864));
#3798 = VECTOR('',#3799,1.);
#3799 = DIRECTION('',(-1.2E-16,-1.,0.));
#3800 = ORIENTED_EDGE('',*,*,#3801,.F.);
#3801 = EDGE_CURVE('',#3778,#3794,#3802,.T.);
#3802 = LINE('',#3803,#3804);
#3803 = CARTESIAN_POINT('',(2.8321,2.1844,7.3864));
#3804 = VECTOR('',#3805,1.);
#3805 = DIRECTION('',(-1.,1.2E-16,0.));
#3806 = FACE_BOUND('',#3807,.F.);
#3807 = EDGE_LOOP('',(#3808,#3818,#3826,#3834));
#3808 = ORIENTED_EDGE('',*,*,#3809,.F.);
#3809 = EDGE_CURVE('',#3810,#3812,#3814,.T.);
#3810 = VERTEX_POINT('',#3811);
#3811 = CARTESIAN_POINT('',(4.3942,1.6764,7.3864));
#3812 = VERTEX_POINT('',#3813);
#3813 = CARTESIAN_POINT('',(4.3942,2.1844,7.3864));
#3814 = LINE('',#3815,#3816);
#3815 = CARTESIAN_POINT('',(4.3942,1.4732,7.3864));
#3816 = VECTOR('',#3817,1.);
#3817 = DIRECTION('',(1.2E-16,1.,0.));
#3818 = ORIENTED_EDGE('',*,*,#3819,.F.);
#3819 = EDGE_CURVE('',#3820,#3810,#3822,.T.);
#3820 = VERTEX_POINT('',#3821);
#3821 = CARTESIAN_POINT('',(2.2098,1.6764,7.3864));
#3822 = LINE('',#3823,#3824);
#3823 = CARTESIAN_POINT('',(3.0099,1.6764,7.3864));
#3824 = VECTOR('',#3825,1.);
#3825 = DIRECTION('',(1.,-1.2E-16,0.));
#3826 = ORIENTED_EDGE('',*,*,#3827,.F.);
#3827 = EDGE_CURVE('',#3828,#3820,#3830,.T.);
#3828 = VERTEX_POINT('',#3829);
#3829 = CARTESIAN_POINT('',(2.2098,2.1844,7.3864));
#3830 = LINE('',#3831,#3832);
#3831 = CARTESIAN_POINT('',(2.2098,1.7272,7.3864));
#3832 = VECTOR('',#3833,1.);
#3833 = DIRECTION('',(-1.2E-16,-1.,0.));
#3834 = ORIENTED_EDGE('',*,*,#3835,.F.);
#3835 = EDGE_CURVE('',#3812,#3828,#3836,.T.);
#3836 = LINE('',#3837,#3838);
#3837 = CARTESIAN_POINT('',(4.1021,2.1844,7.3864));
#3838 = VECTOR('',#3839,1.);
#3839 = DIRECTION('',(-1.,1.2E-16,0.));
#3840 = FACE_BOUND('',#3841,.F.);
#3841 = EDGE_LOOP('',(#3842,#3852,#3860,#3868));
#3842 = ORIENTED_EDGE('',*,*,#3843,.F.);
#3843 = EDGE_CURVE('',#3844,#3846,#3848,.T.);
#3844 = VERTEX_POINT('',#3845);
#3845 = CARTESIAN_POINT('',(6.9342,1.6764,7.3864));
#3846 = VERTEX_POINT('',#3847);
#3847 = CARTESIAN_POINT('',(6.9342,2.1844,7.3864));
#3848 = LINE('',#3849,#3850);
#3849 = CARTESIAN_POINT('',(6.9342,1.4732,7.3864));
#3850 = VECTOR('',#3851,1.);
#3851 = DIRECTION('',(1.2E-16,1.,0.));
#3852 = ORIENTED_EDGE('',*,*,#3853,.F.);
#3853 = EDGE_CURVE('',#3854,#3844,#3856,.T.);
#3854 = VERTEX_POINT('',#3855);
#3855 = CARTESIAN_POINT('',(4.7498,1.6764,7.3864));
#3856 = LINE('',#3857,#3858);
#3857 = CARTESIAN_POINT('',(4.2799,1.6764,7.3864));
#3858 = VECTOR('',#3859,1.);
#3859 = DIRECTION('',(1.,-1.2E-16,0.));
#3860 = ORIENTED_EDGE('',*,*,#3861,.F.);
#3861 = EDGE_CURVE('',#3862,#3854,#3864,.T.);
#3862 = VERTEX_POINT('',#3863);
#3863 = CARTESIAN_POINT('',(4.7498,2.1844,7.3864));
#3864 = LINE('',#3865,#3866);
#3865 = CARTESIAN_POINT('',(4.7498,1.7272,7.3864));
#3866 = VECTOR('',#3867,1.);
#3867 = DIRECTION('',(-1.2E-16,-1.,0.));
#3868 = ORIENTED_EDGE('',*,*,#3869,.F.);
#3869 = EDGE_CURVE('',#3846,#3862,#3870,.T.);
#3870 = LINE('',#3871,#3872);
#3871 = CARTESIAN_POINT('',(5.3721,2.1844,7.3864));
#3872 = VECTOR('',#3873,1.);
#3873 = DIRECTION('',(-1.,1.2E-16,0.));
#3874 = FACE_BOUND('',#3875,.F.);
#3875 = EDGE_LOOP('',(#3876,#3886,#3894,#3902));
#3876 = ORIENTED_EDGE('',*,*,#3877,.F.);
#3877 = EDGE_CURVE('',#3878,#3880,#3882,.T.);
#3878 = VERTEX_POINT('',#3879);
#3879 = CARTESIAN_POINT('',(9.4742,1.6764,7.3864));
#3880 = VERTEX_POINT('',#3881);
#3881 = CARTESIAN_POINT('',(9.4742,2.1844,7.3864));
#3882 = LINE('',#3883,#3884);
#3883 = CARTESIAN_POINT('',(9.4742,1.4732,7.3864));
#3884 = VECTOR('',#3885,1.);
#3885 = DIRECTION('',(1.2E-16,1.,0.));
#3886 = ORIENTED_EDGE('',*,*,#3887,.F.);
#3887 = EDGE_CURVE('',#3888,#3878,#3890,.T.);
#3888 = VERTEX_POINT('',#3889);
#3889 = CARTESIAN_POINT('',(7.2898,1.6764,7.3864));
#3890 = LINE('',#3891,#3892);
#3891 = CARTESIAN_POINT('',(5.5499,1.6764,7.3864));
#3892 = VECTOR('',#3893,1.);
#3893 = DIRECTION('',(1.,-1.2E-16,0.));
#3894 = ORIENTED_EDGE('',*,*,#3895,.F.);
#3895 = EDGE_CURVE('',#3896,#3888,#3898,.T.);
#3896 = VERTEX_POINT('',#3897);
#3897 = CARTESIAN_POINT('',(7.2898,2.1844,7.3864));
#3898 = LINE('',#3899,#3900);
#3899 = CARTESIAN_POINT('',(7.2898,1.7272,7.3864));
#3900 = VECTOR('',#3901,1.);
#3901 = DIRECTION('',(-1.2E-16,-1.,0.));
#3902 = ORIENTED_EDGE('',*,*,#3903,.F.);
#3903 = EDGE_CURVE('',#3880,#3896,#3904,.T.);
#3904 = LINE('',#3905,#3906);
#3905 = CARTESIAN_POINT('',(6.6421,2.1844,7.3864));
#3906 = VECTOR('',#3907,1.);
#3907 = DIRECTION('',(-1.,1.2E-16,0.));
#3908 = PLANE('',#3909);
#3909 = AXIS2_PLACEMENT_3D('',#3910,#3911,#3912);
#3910 = CARTESIAN_POINT('',(3.81,1.27,7.3864));
#3911 = DIRECTION('',(0.,0.,1.));
#3912 = DIRECTION('',(1.,0.,0.));
#3913 = ADVANCED_FACE('',(#3914),#3932,.T.);
#3914 = FACE_BOUND('',#3915,.F.);
#3915 = EDGE_LOOP('',(#3916,#3917,#3918,#3926));
#3916 = ORIENTED_EDGE('',*,*,#3367,.F.);
#3917 = ORIENTED_EDGE('',*,*,#3352,.T.);
#3918 = ORIENTED_EDGE('',*,*,#3919,.T.);
#3919 = EDGE_CURVE('',#3345,#3920,#3922,.T.);
#3920 = VERTEX_POINT('',#3921);
#3921 = CARTESIAN_POINT('',(-1.258,-1.27,9.52));
#3922 = LINE('',#3923,#3924);
#3923 = CARTESIAN_POINT('',(-0.8165,-1.7115,9.52));
#3924 = VECTOR('',#3925,1.);
#3925 = DIRECTION('',(0.707106781187,-0.707106781187,0.));
#3926 = ORIENTED_EDGE('',*,*,#3927,.F.);
#3927 = EDGE_CURVE('',#3368,#3920,#3928,.T.);
#3928 = LINE('',#3929,#3930);
#3929 = CARTESIAN_POINT('',(-1.258,-1.27,7.3864));
#3930 = VECTOR('',#3931,1.);
#3931 = DIRECTION('',(0.,0.,1.));
#3932 = PLANE('',#3933);
#3933 = AXIS2_PLACEMENT_3D('',#3934,#3935,#3936);
#3934 = CARTESIAN_POINT('',(-1.639,-0.889,7.3864));
#3935 = DIRECTION('',(-0.707106781187,-0.707106781187,-1.E-17));
#3936 = DIRECTION('',(7.071067811865E-18,7.071067811865E-18,-1.));
#3937 = ADVANCED_FACE('',(#3938),#3956,.F.);
#3938 = FACE_BOUND('',#3939,.F.);
#3939 = EDGE_LOOP('',(#3940,#3941,#3949,#3955));
#3940 = ORIENTED_EDGE('',*,*,#3631,.F.);
#3941 = ORIENTED_EDGE('',*,*,#3942,.F.);
#3942 = EDGE_CURVE('',#3943,#3624,#3945,.T.);
#3943 = VERTEX_POINT('',#3944);
#3944 = CARTESIAN_POINT('',(-0.64700000001,3.81,9.52));
#3945 = LINE('',#3946,#3947);
#3946 = CARTESIAN_POINT('',(-0.64700000001,3.81,16.045731122015));
#3947 = VECTOR('',#3948,1.);
#3948 = DIRECTION('',(-0.,-4.4E-16,-1.));
#3949 = ORIENTED_EDGE('',*,*,#3950,.T.);
#3950 = EDGE_CURVE('',#3943,#3337,#3951,.T.);
#3951 = LINE('',#3952,#3953);
#3952 = CARTESIAN_POINT('',(9.64,3.81,9.52));
#3953 = VECTOR('',#3954,1.);
#3954 = DIRECTION('',(-1.,0.,0.));
#3955 = ORIENTED_EDGE('',*,*,#3336,.F.);
#3956 = PLANE('',#3957);
#3957 = AXIS2_PLACEMENT_3D('',#3958,#3959,#3960);
#3958 = CARTESIAN_POINT('',(9.64,3.81,7.3864));
#3959 = DIRECTION('',(0.,-1.,0.));
#3960 = DIRECTION('',(-1.,0.,0.));
#3961 = ADVANCED_FACE('',(#3962,#4221,#4255,#4289,#4323,#4357,#4391,
    #4425,#4459),#4493,.T.);
#3962 = FACE_BOUND('',#3963,.T.);
#3963 = EDGE_LOOP('',(#3964,#3965,#3966,#3974,#3982,#3990,#3998,#4006,
    #4014,#4022,#4030,#4038,#4046,#4054,#4062,#4070,#4078,#4086,#4094,
    #4102,#4110,#4118,#4126,#4134,#4142,#4150,#4158,#4166,#4174,#4182,
    #4190,#4198,#4206,#4214,#4220));
#3964 = ORIENTED_EDGE('',*,*,#3344,.T.);
#3965 = ORIENTED_EDGE('',*,*,#3919,.T.);
#3966 = ORIENTED_EDGE('',*,*,#3967,.T.);
#3967 = EDGE_CURVE('',#3920,#3968,#3970,.T.);
#3968 = VERTEX_POINT('',#3969);
#3969 = CARTESIAN_POINT('',(-0.64700000001,-1.27,9.52));
#3970 = LINE('',#3971,#3972);
#3971 = CARTESIAN_POINT('',(-2.02,-1.27,9.52));
#3972 = VECTOR('',#3973,1.);
#3973 = DIRECTION('',(1.,0.,0.));
#3974 = ORIENTED_EDGE('',*,*,#3975,.T.);
#3975 = EDGE_CURVE('',#3968,#3976,#3978,.T.);
#3976 = VERTEX_POINT('',#3977);
#3977 = CARTESIAN_POINT('',(-0.52,-1.016,9.52));
#3978 = LINE('',#3979,#3980);
#3979 = CARTESIAN_POINT('',(0.306700000073,0.637400000013,9.52));
#3980 = VECTOR('',#3981,1.);
#3981 = DIRECTION('',(0.447213595529,0.894427190985,0.));
#3982 = ORIENTED_EDGE('',*,*,#3983,.T.);
#3983 = EDGE_CURVE('',#3976,#3984,#3986,.T.);
#3984 = VERTEX_POINT('',#3985);
#3985 = CARTESIAN_POINT('',(-0.39300000001,-1.27,9.52));
#3986 = LINE('',#3987,#3988);
#3987 = CARTESIAN_POINT('',(-0.544200000034,-0.967599999928,9.52));
#3988 = VECTOR('',#3989,1.);
#3989 = DIRECTION('',(0.447213595471,-0.894427191014,0.));
#3990 = ORIENTED_EDGE('',*,*,#3991,.T.);
#3991 = EDGE_CURVE('',#3984,#3992,#3994,.T.);
#3992 = VERTEX_POINT('',#3993);
#3993 = CARTESIAN_POINT('',(1.89299999999,-1.27,9.52));
#3994 = LINE('',#3995,#3996);
#3995 = CARTESIAN_POINT('',(-2.02,-1.27,9.52));
#3996 = VECTOR('',#3997,1.);
#3997 = DIRECTION('',(1.,0.,0.));
#3998 = ORIENTED_EDGE('',*,*,#3999,.T.);
#3999 = EDGE_CURVE('',#3992,#4000,#4002,.T.);
#4000 = VERTEX_POINT('',#4001);
#4001 = CARTESIAN_POINT('',(2.02,-1.016,9.52));
#4002 = LINE('',#4003,#4004);
#4003 = CARTESIAN_POINT('',(2.59270000004,0.129399999988,9.52));
#4004 = VECTOR('',#4005,1.);
#4005 = DIRECTION('',(0.447213595529,0.894427190985,0.));
#4006 = ORIENTED_EDGE('',*,*,#4007,.T.);
#4007 = EDGE_CURVE('',#4000,#4008,#4010,.T.);
#4008 = VERTEX_POINT('',#4009);
#4009 = CARTESIAN_POINT('',(2.14699999999,-1.27,9.52));
#4010 = LINE('',#4011,#4012);
#4011 = CARTESIAN_POINT('',(1.741799999999,-0.459599999953,9.52));
#4012 = VECTOR('',#4013,1.);
#4013 = DIRECTION('',(0.447213595471,-0.894427191014,0.));
#4014 = ORIENTED_EDGE('',*,*,#4015,.T.);
#4015 = EDGE_CURVE('',#4008,#4016,#4018,.T.);
#4016 = VERTEX_POINT('',#4017);
#4017 = CARTESIAN_POINT('',(4.43299999999,-1.27,9.52));
#4018 = LINE('',#4019,#4020);
#4019 = CARTESIAN_POINT('',(-2.02,-1.27,9.52));
#4020 = VECTOR('',#4021,1.);
#4021 = DIRECTION('',(1.,0.,0.));
#4022 = ORIENTED_EDGE('',*,*,#4023,.T.);
#4023 = EDGE_CURVE('',#4016,#4024,#4026,.T.);
#4024 = VERTEX_POINT('',#4025);
#4025 = CARTESIAN_POINT('',(4.56,-1.016,9.52));
#4026 = LINE('',#4027,#4028);
#4027 = CARTESIAN_POINT('',(4.878700000007,-0.378600000037,9.52));
#4028 = VECTOR('',#4029,1.);
#4029 = DIRECTION('',(0.447213595529,0.894427190985,0.));
#4030 = ORIENTED_EDGE('',*,*,#4031,.T.);
#4031 = EDGE_CURVE('',#4024,#4032,#4034,.T.);
#4032 = VERTEX_POINT('',#4033);
#4033 = CARTESIAN_POINT('',(4.68699999999,-1.27,9.52));
#4034 = LINE('',#4035,#4036);
#4035 = CARTESIAN_POINT('',(4.027800000032,4.840000002242E-02,9.52));
#4036 = VECTOR('',#4037,1.);
#4037 = DIRECTION('',(0.447213595471,-0.894427191014,0.));
#4038 = ORIENTED_EDGE('',*,*,#4039,.T.);
#4039 = EDGE_CURVE('',#4032,#4040,#4042,.T.);
#4040 = VERTEX_POINT('',#4041);
#4041 = CARTESIAN_POINT('',(6.97299999999,-1.27,9.52));
#4042 = LINE('',#4043,#4044);
#4043 = CARTESIAN_POINT('',(-2.02,-1.27,9.52));
#4044 = VECTOR('',#4045,1.);
#4045 = DIRECTION('',(1.,0.,0.));
#4046 = ORIENTED_EDGE('',*,*,#4047,.T.);
#4047 = EDGE_CURVE('',#4040,#4048,#4050,.T.);
#4048 = VERTEX_POINT('',#4049);
#4049 = CARTESIAN_POINT('',(7.1,-1.016,9.52));
#4050 = LINE('',#4051,#4052);
#4051 = CARTESIAN_POINT('',(7.164699999974,-0.886600000062,9.52));
#4052 = VECTOR('',#4053,1.);
#4053 = DIRECTION('',(0.447213595529,0.894427190985,0.));
#4054 = ORIENTED_EDGE('',*,*,#4055,.T.);
#4055 = EDGE_CURVE('',#4048,#4056,#4058,.T.);
#4056 = VERTEX_POINT('',#4057);
#4057 = CARTESIAN_POINT('',(7.22699999999,-1.27,9.52));
#4058 = LINE('',#4059,#4060);
#4059 = CARTESIAN_POINT('',(6.313800000065,0.556399999998,9.52));
#4060 = VECTOR('',#4061,1.);
#4061 = DIRECTION('',(0.447213595471,-0.894427191014,0.));
#4062 = ORIENTED_EDGE('',*,*,#4063,.T.);
#4063 = EDGE_CURVE('',#4056,#4064,#4066,.T.);
#4064 = VERTEX_POINT('',#4065);
#4065 = CARTESIAN_POINT('',(9.51299999999,-1.27,9.52));
#4066 = LINE('',#4067,#4068);
#4067 = CARTESIAN_POINT('',(-2.02,-1.27,9.52));
#4068 = VECTOR('',#4069,1.);
#4069 = DIRECTION('',(1.,0.,0.));
#4070 = ORIENTED_EDGE('',*,*,#4071,.T.);
#4071 = EDGE_CURVE('',#4064,#4072,#4074,.T.);
#4072 = VERTEX_POINT('',#4073);
#4073 = CARTESIAN_POINT('',(9.64,-1.016,9.52));
#4074 = LINE('',#4075,#4076);
#4075 = CARTESIAN_POINT('',(9.450699999941,-1.394600000087,9.52));
#4076 = VECTOR('',#4077,1.);
#4077 = DIRECTION('',(0.447213595529,0.894427190985,0.));
#4078 = ORIENTED_EDGE('',*,*,#4079,.T.);
#4079 = EDGE_CURVE('',#4072,#4080,#4082,.T.);
#4080 = VERTEX_POINT('',#4081);
#4081 = CARTESIAN_POINT('',(9.64,0.3556,9.52));
#4082 = LINE('',#4083,#4084);
#4083 = CARTESIAN_POINT('',(9.64,-1.27,9.52));
#4084 = VECTOR('',#4085,1.);
#4085 = DIRECTION('',(0.,1.,0.));
#4086 = ORIENTED_EDGE('',*,*,#4087,.F.);
#4087 = EDGE_CURVE('',#4088,#4080,#4090,.T.);
#4088 = VERTEX_POINT('',#4089);
#4089 = CARTESIAN_POINT('',(8.3058,0.3556,9.52));
#4090 = LINE('',#4091,#4092);
#4091 = CARTESIAN_POINT('',(6.0579,0.3556,9.52));
#4092 = VECTOR('',#4093,1.);
#4093 = DIRECTION('',(1.,0.,0.));
#4094 = ORIENTED_EDGE('',*,*,#4095,.F.);
#4095 = EDGE_CURVE('',#4096,#4088,#4098,.T.);
#4096 = VERTEX_POINT('',#4097);
#4097 = CARTESIAN_POINT('',(8.3058,0.8636,9.52));
#4098 = LINE('',#4099,#4100);
#4099 = CARTESIAN_POINT('',(8.3058,1.0668,9.52));
#4100 = VECTOR('',#4101,1.);
#4101 = DIRECTION('',(0.,-1.,0.));
#4102 = ORIENTED_EDGE('',*,*,#4103,.F.);
#4103 = EDGE_CURVE('',#4104,#4096,#4106,.T.);
#4104 = VERTEX_POINT('',#4105);
#4105 = CARTESIAN_POINT('',(9.64,0.8636,9.52));
#4106 = LINE('',#4107,#4108);
#4107 = CARTESIAN_POINT('',(7.1501,0.8636,9.52));
#4108 = VECTOR('',#4109,1.);
#4109 = DIRECTION('',(-1.,0.,0.));
#4110 = ORIENTED_EDGE('',*,*,#4111,.T.);
#4111 = EDGE_CURVE('',#4104,#4112,#4114,.T.);
#4112 = VERTEX_POINT('',#4113);
#4113 = CARTESIAN_POINT('',(9.64,3.556,9.52));
#4114 = LINE('',#4115,#4116);
#4115 = CARTESIAN_POINT('',(9.64,-1.27,9.52));
#4116 = VECTOR('',#4117,1.);
#4117 = DIRECTION('',(0.,1.,0.));
#4118 = ORIENTED_EDGE('',*,*,#4119,.F.);
#4119 = EDGE_CURVE('',#4120,#4112,#4122,.T.);
#4120 = VERTEX_POINT('',#4121);
#4121 = CARTESIAN_POINT('',(9.51299999999,3.81,9.52));
#4122 = LINE('',#4123,#4124);
#4123 = CARTESIAN_POINT('',(9.450699999941,3.934600000087,9.52));
#4124 = VECTOR('',#4125,1.);
#4125 = DIRECTION('',(0.447213595529,-0.894427190985,0.));
#4126 = ORIENTED_EDGE('',*,*,#4127,.T.);
#4127 = EDGE_CURVE('',#4120,#4128,#4130,.T.);
#4128 = VERTEX_POINT('',#4129);
#4129 = CARTESIAN_POINT('',(7.22699999999,3.81,9.52));
#4130 = LINE('',#4131,#4132);
#4131 = CARTESIAN_POINT('',(9.64,3.81,9.52));
#4132 = VECTOR('',#4133,1.);
#4133 = DIRECTION('',(-1.,0.,0.));
#4134 = ORIENTED_EDGE('',*,*,#4135,.F.);
#4135 = EDGE_CURVE('',#4136,#4128,#4138,.T.);
#4136 = VERTEX_POINT('',#4137);
#4137 = CARTESIAN_POINT('',(7.1,3.556,9.52));
#4138 = LINE('',#4139,#4140);
#4139 = CARTESIAN_POINT('',(6.313800000065,1.983600000002,9.52));
#4140 = VECTOR('',#4141,1.);
#4141 = DIRECTION('',(0.447213595471,0.894427191014,0.));
#4142 = ORIENTED_EDGE('',*,*,#4143,.F.);
#4143 = EDGE_CURVE('',#4144,#4136,#4146,.T.);
#4144 = VERTEX_POINT('',#4145);
#4145 = CARTESIAN_POINT('',(6.97299999999,3.81,9.52));
#4146 = LINE('',#4147,#4148);
#4147 = CARTESIAN_POINT('',(7.164699999974,3.426600000062,9.52));
#4148 = VECTOR('',#4149,1.);
#4149 = DIRECTION('',(0.447213595529,-0.894427190985,0.));
#4150 = ORIENTED_EDGE('',*,*,#4151,.T.);
#4151 = EDGE_CURVE('',#4144,#4152,#4154,.T.);
#4152 = VERTEX_POINT('',#4153);
#4153 = CARTESIAN_POINT('',(4.68699999999,3.81,9.52));
#4154 = LINE('',#4155,#4156);
#4155 = CARTESIAN_POINT('',(9.64,3.81,9.52));
#4156 = VECTOR('',#4157,1.);
#4157 = DIRECTION('',(-1.,0.,0.));
#4158 = ORIENTED_EDGE('',*,*,#4159,.F.);
#4159 = EDGE_CURVE('',#4160,#4152,#4162,.T.);
#4160 = VERTEX_POINT('',#4161);
#4161 = CARTESIAN_POINT('',(4.56,3.556,9.52));
#4162 = LINE('',#4163,#4164);
#4163 = CARTESIAN_POINT('',(4.027800000032,2.491599999978,9.52));
#4164 = VECTOR('',#4165,1.);
#4165 = DIRECTION('',(0.447213595471,0.894427191014,0.));
#4166 = ORIENTED_EDGE('',*,*,#4167,.F.);
#4167 = EDGE_CURVE('',#4168,#4160,#4170,.T.);
#4168 = VERTEX_POINT('',#4169);
#4169 = CARTESIAN_POINT('',(4.43299999999,3.81,9.52));
#4170 = LINE('',#4171,#4172);
#4171 = CARTESIAN_POINT('',(4.878700000007,2.918600000037,9.52));
#4172 = VECTOR('',#4173,1.);
#4173 = DIRECTION('',(0.447213595529,-0.894427190985,0.));
#4174 = ORIENTED_EDGE('',*,*,#4175,.T.);
#4175 = EDGE_CURVE('',#4168,#4176,#4178,.T.);
#4176 = VERTEX_POINT('',#4177);
#4177 = CARTESIAN_POINT('',(2.14699999999,3.81,9.52));
#4178 = LINE('',#4179,#4180);
#4179 = CARTESIAN_POINT('',(9.64,3.81,9.52));
#4180 = VECTOR('',#4181,1.);
#4181 = DIRECTION('',(-1.,0.,0.));
#4182 = ORIENTED_EDGE('',*,*,#4183,.F.);
#4183 = EDGE_CURVE('',#4184,#4176,#4186,.T.);
#4184 = VERTEX_POINT('',#4185);
#4185 = CARTESIAN_POINT('',(2.02,3.556,9.52));
#4186 = LINE('',#4187,#4188);
#4187 = CARTESIAN_POINT('',(1.741799999999,2.999599999953,9.52));
#4188 = VECTOR('',#4189,1.);
#4189 = DIRECTION('',(0.447213595471,0.894427191014,0.));
#4190 = ORIENTED_EDGE('',*,*,#4191,.F.);
#4191 = EDGE_CURVE('',#4192,#4184,#4194,.T.);
#4192 = VERTEX_POINT('',#4193);
#4193 = CARTESIAN_POINT('',(1.89299999999,3.81,9.52));
#4194 = LINE('',#4195,#4196);
#4195 = CARTESIAN_POINT('',(2.59270000004,2.410600000012,9.52));
#4196 = VECTOR('',#4197,1.);
#4197 = DIRECTION('',(0.447213595529,-0.894427190985,0.));
#4198 = ORIENTED_EDGE('',*,*,#4199,.T.);
#4199 = EDGE_CURVE('',#4192,#4200,#4202,.T.);
#4200 = VERTEX_POINT('',#4201);
#4201 = CARTESIAN_POINT('',(-0.39300000001,3.81,9.52));
#4202 = LINE('',#4203,#4204);
#4203 = CARTESIAN_POINT('',(9.64,3.81,9.52));
#4204 = VECTOR('',#4205,1.);
#4205 = DIRECTION('',(-1.,0.,0.));
#4206 = ORIENTED_EDGE('',*,*,#4207,.F.);
#4207 = EDGE_CURVE('',#4208,#4200,#4210,.T.);
#4208 = VERTEX_POINT('',#4209);
#4209 = CARTESIAN_POINT('',(-0.52,3.556,9.52));
#4210 = LINE('',#4211,#4212);
#4211 = CARTESIAN_POINT('',(-0.544200000034,3.507599999928,9.52));
#4212 = VECTOR('',#4213,1.);
#4213 = DIRECTION('',(0.447213595471,0.894427191014,0.));
#4214 = ORIENTED_EDGE('',*,*,#4215,.F.);
#4215 = EDGE_CURVE('',#3943,#4208,#4216,.T.);
#4216 = LINE('',#4217,#4218);
#4217 = CARTESIAN_POINT('',(0.306700000073,1.902599999987,9.52));
#4218 = VECTOR('',#4219,1.);
#4219 = DIRECTION('',(0.447213595529,-0.894427190985,0.));
#4220 = ORIENTED_EDGE('',*,*,#3950,.T.);
#4221 = FACE_BOUND('',#4222,.T.);
#4222 = EDGE_LOOP('',(#4223,#4233,#4241,#4249));
#4223 = ORIENTED_EDGE('',*,*,#4224,.F.);
#4224 = EDGE_CURVE('',#4225,#4227,#4229,.T.);
#4225 = VERTEX_POINT('',#4226);
#4226 = CARTESIAN_POINT('',(-1.8542,0.8636,9.52));
#4227 = VERTEX_POINT('',#4228);
#4228 = CARTESIAN_POINT('',(-1.8542,0.3556,9.52));
#4229 = LINE('',#4230,#4231);
#4230 = CARTESIAN_POINT('',(-1.8542,1.0668,9.52));
#4231 = VECTOR('',#4232,1.);
#4232 = DIRECTION('',(0.,-1.,0.));
#4233 = ORIENTED_EDGE('',*,*,#4234,.F.);
#4234 = EDGE_CURVE('',#4235,#4225,#4237,.T.);
#4235 = VERTEX_POINT('',#4236);
#4236 = CARTESIAN_POINT('',(0.3302,0.8636,9.52));
#4237 = LINE('',#4238,#4239);
#4238 = CARTESIAN_POINT('',(2.0701,0.8636,9.52));
#4239 = VECTOR('',#4240,1.);
#4240 = DIRECTION('',(-1.,0.,0.));
#4241 = ORIENTED_EDGE('',*,*,#4242,.F.);
#4242 = EDGE_CURVE('',#4243,#4235,#4245,.T.);
#4243 = VERTEX_POINT('',#4244);
#4244 = CARTESIAN_POINT('',(0.3302,0.3556,9.52));
#4245 = LINE('',#4246,#4247);
#4246 = CARTESIAN_POINT('',(0.3302,0.8128,9.52));
#4247 = VECTOR('',#4248,1.);
#4248 = DIRECTION('',(0.,1.,0.));
#4249 = ORIENTED_EDGE('',*,*,#4250,.F.);
#4250 = EDGE_CURVE('',#4227,#4243,#4251,.T.);
#4251 = LINE('',#4252,#4253);
#4252 = CARTESIAN_POINT('',(0.9779,0.3556,9.52));
#4253 = VECTOR('',#4254,1.);
#4254 = DIRECTION('',(1.,0.,0.));
#4255 = FACE_BOUND('',#4256,.T.);
#4256 = EDGE_LOOP('',(#4257,#4267,#4275,#4283));
#4257 = ORIENTED_EDGE('',*,*,#4258,.F.);
#4258 = EDGE_CURVE('',#4259,#4261,#4263,.T.);
#4259 = VERTEX_POINT('',#4260);
#4260 = CARTESIAN_POINT('',(0.6858,0.8636,9.52));
#4261 = VERTEX_POINT('',#4262);
#4262 = CARTESIAN_POINT('',(0.6858,0.3556,9.52));
#4263 = LINE('',#4264,#4265);
#4264 = CARTESIAN_POINT('',(0.6858,1.0668,9.52));
#4265 = VECTOR('',#4266,1.);
#4266 = DIRECTION('',(0.,-1.,0.));
#4267 = ORIENTED_EDGE('',*,*,#4268,.F.);
#4268 = EDGE_CURVE('',#4269,#4259,#4271,.T.);
#4269 = VERTEX_POINT('',#4270);
#4270 = CARTESIAN_POINT('',(2.8702,0.8636,9.52));
#4271 = LINE('',#4272,#4273);
#4272 = CARTESIAN_POINT('',(3.3401,0.8636,9.52));
#4273 = VECTOR('',#4274,1.);
#4274 = DIRECTION('',(-1.,0.,0.));
#4275 = ORIENTED_EDGE('',*,*,#4276,.F.);
#4276 = EDGE_CURVE('',#4277,#4269,#4279,.T.);
#4277 = VERTEX_POINT('',#4278);
#4278 = CARTESIAN_POINT('',(2.8702,0.3556,9.52));
#4279 = LINE('',#4280,#4281);
#4280 = CARTESIAN_POINT('',(2.8702,0.8128,9.52));
#4281 = VECTOR('',#4282,1.);
#4282 = DIRECTION('',(0.,1.,0.));
#4283 = ORIENTED_EDGE('',*,*,#4284,.F.);
#4284 = EDGE_CURVE('',#4261,#4277,#4285,.T.);
#4285 = LINE('',#4286,#4287);
#4286 = CARTESIAN_POINT('',(2.2479,0.3556,9.52));
#4287 = VECTOR('',#4288,1.);
#4288 = DIRECTION('',(1.,0.,0.));
#4289 = FACE_BOUND('',#4290,.T.);
#4290 = EDGE_LOOP('',(#4291,#4301,#4309,#4317));
#4291 = ORIENTED_EDGE('',*,*,#4292,.F.);
#4292 = EDGE_CURVE('',#4293,#4295,#4297,.T.);
#4293 = VERTEX_POINT('',#4294);
#4294 = CARTESIAN_POINT('',(3.2258,0.8636,9.52));
#4295 = VERTEX_POINT('',#4296);
#4296 = CARTESIAN_POINT('',(3.2258,0.3556,9.52));
#4297 = LINE('',#4298,#4299);
#4298 = CARTESIAN_POINT('',(3.2258,1.0668,9.52));
#4299 = VECTOR('',#4300,1.);
#4300 = DIRECTION('',(0.,-1.,0.));
#4301 = ORIENTED_EDGE('',*,*,#4302,.F.);
#4302 = EDGE_CURVE('',#4303,#4293,#4305,.T.);
#4303 = VERTEX_POINT('',#4304);
#4304 = CARTESIAN_POINT('',(5.4102,0.8636,9.52));
#4305 = LINE('',#4306,#4307);
#4306 = CARTESIAN_POINT('',(4.6101,0.8636,9.52));
#4307 = VECTOR('',#4308,1.);
#4308 = DIRECTION('',(-1.,0.,0.));
#4309 = ORIENTED_EDGE('',*,*,#4310,.F.);
#4310 = EDGE_CURVE('',#4311,#4303,#4313,.T.);
#4311 = VERTEX_POINT('',#4312);
#4312 = CARTESIAN_POINT('',(5.4102,0.3556,9.52));
#4313 = LINE('',#4314,#4315);
#4314 = CARTESIAN_POINT('',(5.4102,0.8128,9.52));
#4315 = VECTOR('',#4316,1.);
#4316 = DIRECTION('',(0.,1.,0.));
#4317 = ORIENTED_EDGE('',*,*,#4318,.F.);
#4318 = EDGE_CURVE('',#4295,#4311,#4319,.T.);
#4319 = LINE('',#4320,#4321);
#4320 = CARTESIAN_POINT('',(3.5179,0.3556,9.52));
#4321 = VECTOR('',#4322,1.);
#4322 = DIRECTION('',(1.,0.,0.));
#4323 = FACE_BOUND('',#4324,.T.);
#4324 = EDGE_LOOP('',(#4325,#4335,#4343,#4351));
#4325 = ORIENTED_EDGE('',*,*,#4326,.F.);
#4326 = EDGE_CURVE('',#4327,#4329,#4331,.T.);
#4327 = VERTEX_POINT('',#4328);
#4328 = CARTESIAN_POINT('',(5.7658,0.8636,9.52));
#4329 = VERTEX_POINT('',#4330);
#4330 = CARTESIAN_POINT('',(5.7658,0.3556,9.52));
#4331 = LINE('',#4332,#4333);
#4332 = CARTESIAN_POINT('',(5.7658,1.0668,9.52));
#4333 = VECTOR('',#4334,1.);
#4334 = DIRECTION('',(0.,-1.,0.));
#4335 = ORIENTED_EDGE('',*,*,#4336,.F.);
#4336 = EDGE_CURVE('',#4337,#4327,#4339,.T.);
#4337 = VERTEX_POINT('',#4338);
#4338 = CARTESIAN_POINT('',(7.9502,0.8636,9.52));
#4339 = LINE('',#4340,#4341);
#4340 = CARTESIAN_POINT('',(5.8801,0.8636,9.52));
#4341 = VECTOR('',#4342,1.);
#4342 = DIRECTION('',(-1.,0.,0.));
#4343 = ORIENTED_EDGE('',*,*,#4344,.F.);
#4344 = EDGE_CURVE('',#4345,#4337,#4347,.T.);
#4345 = VERTEX_POINT('',#4346);
#4346 = CARTESIAN_POINT('',(7.9502,0.3556,9.52));
#4347 = LINE('',#4348,#4349);
#4348 = CARTESIAN_POINT('',(7.9502,0.8128,9.52));
#4349 = VECTOR('',#4350,1.);
#4350 = DIRECTION('',(0.,1.,0.));
#4351 = ORIENTED_EDGE('',*,*,#4352,.F.);
#4352 = EDGE_CURVE('',#4329,#4345,#4353,.T.);
#4353 = LINE('',#4354,#4355);
#4354 = CARTESIAN_POINT('',(4.7879,0.3556,9.52));
#4355 = VECTOR('',#4356,1.);
#4356 = DIRECTION('',(1.,0.,0.));
#4357 = FACE_BOUND('',#4358,.T.);
#4358 = EDGE_LOOP('',(#4359,#4369,#4377,#4385));
#4359 = ORIENTED_EDGE('',*,*,#4360,.F.);
#4360 = EDGE_CURVE('',#4361,#4363,#4365,.T.);
#4361 = VERTEX_POINT('',#4362);
#4362 = CARTESIAN_POINT('',(1.8542,1.6764,9.52));
#4363 = VERTEX_POINT('',#4364);
#4364 = CARTESIAN_POINT('',(1.8542,2.1844,9.52));
#4365 = LINE('',#4366,#4367);
#4366 = CARTESIAN_POINT('',(1.8542,1.4732,9.52));
#4367 = VECTOR('',#4368,1.);
#4368 = DIRECTION('',(1.2E-16,1.,0.));
#4369 = ORIENTED_EDGE('',*,*,#4370,.F.);
#4370 = EDGE_CURVE('',#4371,#4361,#4373,.T.);
#4371 = VERTEX_POINT('',#4372);
#4372 = CARTESIAN_POINT('',(-0.3302,1.6764,9.52));
#4373 = LINE('',#4374,#4375);
#4374 = CARTESIAN_POINT('',(1.7399,1.6764,9.52));
#4375 = VECTOR('',#4376,1.);
#4376 = DIRECTION('',(1.,-1.2E-16,0.));
#4377 = ORIENTED_EDGE('',*,*,#4378,.F.);
#4378 = EDGE_CURVE('',#4379,#4371,#4381,.T.);
#4379 = VERTEX_POINT('',#4380);
#4380 = CARTESIAN_POINT('',(-0.3302,2.1844,9.52));
#4381 = LINE('',#4382,#4383);
#4382 = CARTESIAN_POINT('',(-0.3302,1.7272,9.52));
#4383 = VECTOR('',#4384,1.);
#4384 = DIRECTION('',(-1.2E-16,-1.,0.));
#4385 = ORIENTED_EDGE('',*,*,#4386,.F.);
#4386 = EDGE_CURVE('',#4363,#4379,#4387,.T.);
#4387 = LINE('',#4388,#4389);
#4388 = CARTESIAN_POINT('',(2.8321,2.1844,9.52));
#4389 = VECTOR('',#4390,1.);
#4390 = DIRECTION('',(-1.,1.2E-16,0.));
#4391 = FACE_BOUND('',#4392,.T.);
#4392 = EDGE_LOOP('',(#4393,#4403,#4411,#4419));
#4393 = ORIENTED_EDGE('',*,*,#4394,.F.);
#4394 = EDGE_CURVE('',#4395,#4397,#4399,.T.);
#4395 = VERTEX_POINT('',#4396);
#4396 = CARTESIAN_POINT('',(4.3942,1.6764,9.52));
#4397 = VERTEX_POINT('',#4398);
#4398 = CARTESIAN_POINT('',(4.3942,2.1844,9.52));
#4399 = LINE('',#4400,#4401);
#4400 = CARTESIAN_POINT('',(4.3942,1.4732,9.52));
#4401 = VECTOR('',#4402,1.);
#4402 = DIRECTION('',(1.2E-16,1.,0.));
#4403 = ORIENTED_EDGE('',*,*,#4404,.F.);
#4404 = EDGE_CURVE('',#4405,#4395,#4407,.T.);
#4405 = VERTEX_POINT('',#4406);
#4406 = CARTESIAN_POINT('',(2.2098,1.6764,9.52));
#4407 = LINE('',#4408,#4409);
#4408 = CARTESIAN_POINT('',(3.0099,1.6764,9.52));
#4409 = VECTOR('',#4410,1.);
#4410 = DIRECTION('',(1.,-1.2E-16,0.));
#4411 = ORIENTED_EDGE('',*,*,#4412,.F.);
#4412 = EDGE_CURVE('',#4413,#4405,#4415,.T.);
#4413 = VERTEX_POINT('',#4414);
#4414 = CARTESIAN_POINT('',(2.2098,2.1844,9.52));
#4415 = LINE('',#4416,#4417);
#4416 = CARTESIAN_POINT('',(2.2098,1.7272,9.52));
#4417 = VECTOR('',#4418,1.);
#4418 = DIRECTION('',(-1.2E-16,-1.,0.));
#4419 = ORIENTED_EDGE('',*,*,#4420,.F.);
#4420 = EDGE_CURVE('',#4397,#4413,#4421,.T.);
#4421 = LINE('',#4422,#4423);
#4422 = CARTESIAN_POINT('',(4.1021,2.1844,9.52));
#4423 = VECTOR('',#4424,1.);
#4424 = DIRECTION('',(-1.,1.2E-16,0.));
#4425 = FACE_BOUND('',#4426,.T.);
#4426 = EDGE_LOOP('',(#4427,#4437,#4445,#4453));
#4427 = ORIENTED_EDGE('',*,*,#4428,.F.);
#4428 = EDGE_CURVE('',#4429,#4431,#4433,.T.);
#4429 = VERTEX_POINT('',#4430);
#4430 = CARTESIAN_POINT('',(6.9342,1.6764,9.52));
#4431 = VERTEX_POINT('',#4432);
#4432 = CARTESIAN_POINT('',(6.9342,2.1844,9.52));
#4433 = LINE('',#4434,#4435);
#4434 = CARTESIAN_POINT('',(6.9342,1.4732,9.52));
#4435 = VECTOR('',#4436,1.);
#4436 = DIRECTION('',(1.2E-16,1.,0.));
#4437 = ORIENTED_EDGE('',*,*,#4438,.F.);
#4438 = EDGE_CURVE('',#4439,#4429,#4441,.T.);
#4439 = VERTEX_POINT('',#4440);
#4440 = CARTESIAN_POINT('',(4.7498,1.6764,9.52));
#4441 = LINE('',#4442,#4443);
#4442 = CARTESIAN_POINT('',(4.2799,1.6764,9.52));
#4443 = VECTOR('',#4444,1.);
#4444 = DIRECTION('',(1.,-1.2E-16,0.));
#4445 = ORIENTED_EDGE('',*,*,#4446,.F.);
#4446 = EDGE_CURVE('',#4447,#4439,#4449,.T.);
#4447 = VERTEX_POINT('',#4448);
#4448 = CARTESIAN_POINT('',(4.7498,2.1844,9.52));
#4449 = LINE('',#4450,#4451);
#4450 = CARTESIAN_POINT('',(4.7498,1.7272,9.52));
#4451 = VECTOR('',#4452,1.);
#4452 = DIRECTION('',(-1.2E-16,-1.,0.));
#4453 = ORIENTED_EDGE('',*,*,#4454,.F.);
#4454 = EDGE_CURVE('',#4431,#4447,#4455,.T.);
#4455 = LINE('',#4456,#4457);
#4456 = CARTESIAN_POINT('',(5.3721,2.1844,9.52));
#4457 = VECTOR('',#4458,1.);
#4458 = DIRECTION('',(-1.,1.2E-16,0.));
#4459 = FACE_BOUND('',#4460,.T.);
#4460 = EDGE_LOOP('',(#4461,#4471,#4479,#4487));
#4461 = ORIENTED_EDGE('',*,*,#4462,.F.);
#4462 = EDGE_CURVE('',#4463,#4465,#4467,.T.);
#4463 = VERTEX_POINT('',#4464);
#4464 = CARTESIAN_POINT('',(9.4742,1.6764,9.52));
#4465 = VERTEX_POINT('',#4466);
#4466 = CARTESIAN_POINT('',(9.4742,2.1844,9.52));
#4467 = LINE('',#4468,#4469);
#4468 = CARTESIAN_POINT('',(9.4742,1.4732,9.52));
#4469 = VECTOR('',#4470,1.);
#4470 = DIRECTION('',(1.2E-16,1.,0.));
#4471 = ORIENTED_EDGE('',*,*,#4472,.F.);
#4472 = EDGE_CURVE('',#4473,#4463,#4475,.T.);
#4473 = VERTEX_POINT('',#4474);
#4474 = CARTESIAN_POINT('',(7.2898,1.6764,9.52));
#4475 = LINE('',#4476,#4477);
#4476 = CARTESIAN_POINT('',(5.5499,1.6764,9.52));
#4477 = VECTOR('',#4478,1.);
#4478 = DIRECTION('',(1.,-1.2E-16,0.));
#4479 = ORIENTED_EDGE('',*,*,#4480,.F.);
#4480 = EDGE_CURVE('',#4481,#4473,#4483,.T.);
#4481 = VERTEX_POINT('',#4482);
#4482 = CARTESIAN_POINT('',(7.2898,2.1844,9.52));
#4483 = LINE('',#4484,#4485);
#4484 = CARTESIAN_POINT('',(7.2898,1.7272,9.52));
#4485 = VECTOR('',#4486,1.);
#4486 = DIRECTION('',(-1.2E-16,-1.,0.));
#4487 = ORIENTED_EDGE('',*,*,#4488,.F.);
#4488 = EDGE_CURVE('',#4465,#4481,#4489,.T.);
#4489 = LINE('',#4490,#4491);
#4490 = CARTESIAN_POINT('',(6.6421,2.1844,9.52));
#4491 = VECTOR('',#4492,1.);
#4492 = DIRECTION('',(-1.,1.2E-16,0.));
#4493 = PLANE('',#4494);
#4494 = AXIS2_PLACEMENT_3D('',#4495,#4496,#4497);
#4495 = CARTESIAN_POINT('',(3.81,1.27,9.52));
#4496 = DIRECTION('',(0.,0.,1.));
#4497 = DIRECTION('',(1.,0.,0.));
#4498 = ADVANCED_FACE('',(#4499),#4510,.T.);
#4499 = FACE_BOUND('',#4500,.F.);
#4500 = EDGE_LOOP('',(#4501,#4502,#4503,#4504));
#4501 = ORIENTED_EDGE('',*,*,#4215,.F.);
#4502 = ORIENTED_EDGE('',*,*,#3942,.T.);
#4503 = ORIENTED_EDGE('',*,*,#3623,.T.);
#4504 = ORIENTED_EDGE('',*,*,#4505,.F.);
#4505 = EDGE_CURVE('',#4208,#3616,#4506,.T.);
#4506 = LINE('',#4507,#4508);
#4507 = CARTESIAN_POINT('',(-0.52,3.556,16.045731122015));
#4508 = VECTOR('',#4509,1.);
#4509 = DIRECTION('',(-0.,-4.4E-16,-1.));
#4510 = PLANE('',#4511);
#4511 = AXIS2_PLACEMENT_3D('',#4512,#4513,#4514);
#4512 = CARTESIAN_POINT('',(-0.64700000001,3.81,16.045731122015));
#4513 = DIRECTION('',(0.894427190985,0.447213595529,-2.E-16));
#4514 = DIRECTION('',(-0.447213595529,0.894427190985,-4.E-16));
#4515 = ADVANCED_FACE('',(#4516),#4527,.T.);
#4516 = FACE_BOUND('',#4517,.F.);
#4517 = EDGE_LOOP('',(#4518,#4519,#4520,#4521));
#4518 = ORIENTED_EDGE('',*,*,#4207,.F.);
#4519 = ORIENTED_EDGE('',*,*,#4505,.T.);
#4520 = ORIENTED_EDGE('',*,*,#3615,.T.);
#4521 = ORIENTED_EDGE('',*,*,#4522,.F.);
#4522 = EDGE_CURVE('',#4200,#3608,#4523,.T.);
#4523 = LINE('',#4524,#4525);
#4524 = CARTESIAN_POINT('',(-0.39300000001,3.81,16.045731122015));
#4525 = VECTOR('',#4526,1.);
#4526 = DIRECTION('',(-0.,-4.4E-16,-1.));
#4527 = PLANE('',#4528);
#4528 = AXIS2_PLACEMENT_3D('',#4529,#4530,#4531);
#4529 = CARTESIAN_POINT('',(-0.52,3.556,16.045731122015));
#4530 = DIRECTION('',(-0.894427191014,0.447213595471,-2.E-16));
#4531 = DIRECTION('',(-0.447213595471,-0.894427191014,4.E-16));
#4532 = ADVANCED_FACE('',(#4533),#4544,.F.);
#4533 = FACE_BOUND('',#4534,.F.);
#4534 = EDGE_LOOP('',(#4535,#4536,#4542,#4543));
#4535 = ORIENTED_EDGE('',*,*,#3607,.F.);
#4536 = ORIENTED_EDGE('',*,*,#4537,.F.);
#4537 = EDGE_CURVE('',#4192,#3600,#4538,.T.);
#4538 = LINE('',#4539,#4540);
#4539 = CARTESIAN_POINT('',(1.89299999999,3.81,16.045731122015));
#4540 = VECTOR('',#4541,1.);
#4541 = DIRECTION('',(-0.,-4.4E-16,-1.));
#4542 = ORIENTED_EDGE('',*,*,#4199,.T.);
#4543 = ORIENTED_EDGE('',*,*,#4522,.T.);
#4544 = PLANE('',#4545);
#4545 = AXIS2_PLACEMENT_3D('',#4546,#4547,#4548);
#4546 = CARTESIAN_POINT('',(9.64,3.81,7.3864));
#4547 = DIRECTION('',(0.,-1.,0.));
#4548 = DIRECTION('',(-1.,0.,0.));
#4549 = ADVANCED_FACE('',(#4550),#4561,.T.);
#4550 = FACE_BOUND('',#4551,.F.);
#4551 = EDGE_LOOP('',(#4552,#4553,#4554,#4555));
#4552 = ORIENTED_EDGE('',*,*,#4191,.F.);
#4553 = ORIENTED_EDGE('',*,*,#4537,.T.);
#4554 = ORIENTED_EDGE('',*,*,#3599,.T.);
#4555 = ORIENTED_EDGE('',*,*,#4556,.F.);
#4556 = EDGE_CURVE('',#4184,#3592,#4557,.T.);
#4557 = LINE('',#4558,#4559);
#4558 = CARTESIAN_POINT('',(2.02,3.556,16.045731122015));
#4559 = VECTOR('',#4560,1.);
#4560 = DIRECTION('',(-0.,-4.4E-16,-1.));
#4561 = PLANE('',#4562);
#4562 = AXIS2_PLACEMENT_3D('',#4563,#4564,#4565);
#4563 = CARTESIAN_POINT('',(1.89299999999,3.81,16.045731122015));
#4564 = DIRECTION('',(0.894427190985,0.447213595529,-2.E-16));
#4565 = DIRECTION('',(-0.447213595529,0.894427190985,-4.E-16));
#4566 = ADVANCED_FACE('',(#4567),#4578,.T.);
#4567 = FACE_BOUND('',#4568,.F.);
#4568 = EDGE_LOOP('',(#4569,#4570,#4571,#4572));
#4569 = ORIENTED_EDGE('',*,*,#4183,.F.);
#4570 = ORIENTED_EDGE('',*,*,#4556,.T.);
#4571 = ORIENTED_EDGE('',*,*,#3591,.T.);
#4572 = ORIENTED_EDGE('',*,*,#4573,.F.);
#4573 = EDGE_CURVE('',#4176,#3584,#4574,.T.);
#4574 = LINE('',#4575,#4576);
#4575 = CARTESIAN_POINT('',(2.14699999999,3.81,16.045731122015));
#4576 = VECTOR('',#4577,1.);
#4577 = DIRECTION('',(-0.,-4.4E-16,-1.));
#4578 = PLANE('',#4579);
#4579 = AXIS2_PLACEMENT_3D('',#4580,#4581,#4582);
#4580 = CARTESIAN_POINT('',(2.02,3.556,16.045731122015));
#4581 = DIRECTION('',(-0.894427191014,0.447213595471,-2.E-16));
#4582 = DIRECTION('',(-0.447213595471,-0.894427191014,4.E-16));
#4583 = ADVANCED_FACE('',(#4584),#4595,.F.);
#4584 = FACE_BOUND('',#4585,.F.);
#4585 = EDGE_LOOP('',(#4586,#4587,#4593,#4594));
#4586 = ORIENTED_EDGE('',*,*,#3583,.F.);
#4587 = ORIENTED_EDGE('',*,*,#4588,.F.);
#4588 = EDGE_CURVE('',#4168,#3576,#4589,.T.);
#4589 = LINE('',#4590,#4591);
#4590 = CARTESIAN_POINT('',(4.43299999999,3.81,16.045731122015));
#4591 = VECTOR('',#4592,1.);
#4592 = DIRECTION('',(-0.,-4.4E-16,-1.));
#4593 = ORIENTED_EDGE('',*,*,#4175,.T.);
#4594 = ORIENTED_EDGE('',*,*,#4573,.T.);
#4595 = PLANE('',#4596);
#4596 = AXIS2_PLACEMENT_3D('',#4597,#4598,#4599);
#4597 = CARTESIAN_POINT('',(9.64,3.81,7.3864));
#4598 = DIRECTION('',(0.,-1.,0.));
#4599 = DIRECTION('',(-1.,0.,0.));
#4600 = ADVANCED_FACE('',(#4601),#4612,.T.);
#4601 = FACE_BOUND('',#4602,.F.);
#4602 = EDGE_LOOP('',(#4603,#4604,#4605,#4606));
#4603 = ORIENTED_EDGE('',*,*,#4167,.F.);
#4604 = ORIENTED_EDGE('',*,*,#4588,.T.);
#4605 = ORIENTED_EDGE('',*,*,#3575,.T.);
#4606 = ORIENTED_EDGE('',*,*,#4607,.F.);
#4607 = EDGE_CURVE('',#4160,#3568,#4608,.T.);
#4608 = LINE('',#4609,#4610);
#4609 = CARTESIAN_POINT('',(4.56,3.556,16.045731122015));
#4610 = VECTOR('',#4611,1.);
#4611 = DIRECTION('',(-0.,-4.4E-16,-1.));
#4612 = PLANE('',#4613);
#4613 = AXIS2_PLACEMENT_3D('',#4614,#4615,#4616);
#4614 = CARTESIAN_POINT('',(4.43299999999,3.81,16.045731122015));
#4615 = DIRECTION('',(0.894427190985,0.447213595529,-2.E-16));
#4616 = DIRECTION('',(-0.447213595529,0.894427190985,-4.E-16));
#4617 = ADVANCED_FACE('',(#4618),#4629,.T.);
#4618 = FACE_BOUND('',#4619,.F.);
#4619 = EDGE_LOOP('',(#4620,#4621,#4622,#4623));
#4620 = ORIENTED_EDGE('',*,*,#4159,.F.);
#4621 = ORIENTED_EDGE('',*,*,#4607,.T.);
#4622 = ORIENTED_EDGE('',*,*,#3567,.T.);
#4623 = ORIENTED_EDGE('',*,*,#4624,.F.);
#4624 = EDGE_CURVE('',#4152,#3560,#4625,.T.);
#4625 = LINE('',#4626,#4627);
#4626 = CARTESIAN_POINT('',(4.68699999999,3.81,16.045731122015));
#4627 = VECTOR('',#4628,1.);
#4628 = DIRECTION('',(-0.,-4.4E-16,-1.));
#4629 = PLANE('',#4630);
#4630 = AXIS2_PLACEMENT_3D('',#4631,#4632,#4633);
#4631 = CARTESIAN_POINT('',(4.56,3.556,16.045731122015));
#4632 = DIRECTION('',(-0.894427191014,0.447213595471,-2.E-16));
#4633 = DIRECTION('',(-0.447213595471,-0.894427191014,4.E-16));
#4634 = ADVANCED_FACE('',(#4635),#4646,.F.);
#4635 = FACE_BOUND('',#4636,.F.);
#4636 = EDGE_LOOP('',(#4637,#4638,#4644,#4645));
#4637 = ORIENTED_EDGE('',*,*,#3559,.F.);
#4638 = ORIENTED_EDGE('',*,*,#4639,.F.);
#4639 = EDGE_CURVE('',#4144,#3552,#4640,.T.);
#4640 = LINE('',#4641,#4642);
#4641 = CARTESIAN_POINT('',(6.97299999999,3.81,16.045731122015));
#4642 = VECTOR('',#4643,1.);
#4643 = DIRECTION('',(-0.,-4.4E-16,-1.));
#4644 = ORIENTED_EDGE('',*,*,#4151,.T.);
#4645 = ORIENTED_EDGE('',*,*,#4624,.T.);
#4646 = PLANE('',#4647);
#4647 = AXIS2_PLACEMENT_3D('',#4648,#4649,#4650);
#4648 = CARTESIAN_POINT('',(9.64,3.81,7.3864));
#4649 = DIRECTION('',(0.,-1.,0.));
#4650 = DIRECTION('',(-1.,0.,0.));
#4651 = ADVANCED_FACE('',(#4652),#4663,.T.);
#4652 = FACE_BOUND('',#4653,.F.);
#4653 = EDGE_LOOP('',(#4654,#4655,#4656,#4657));
#4654 = ORIENTED_EDGE('',*,*,#4143,.F.);
#4655 = ORIENTED_EDGE('',*,*,#4639,.T.);
#4656 = ORIENTED_EDGE('',*,*,#3551,.T.);
#4657 = ORIENTED_EDGE('',*,*,#4658,.F.);
#4658 = EDGE_CURVE('',#4136,#3544,#4659,.T.);
#4659 = LINE('',#4660,#4661);
#4660 = CARTESIAN_POINT('',(7.1,3.556,16.045731122015));
#4661 = VECTOR('',#4662,1.);
#4662 = DIRECTION('',(-0.,-4.4E-16,-1.));
#4663 = PLANE('',#4664);
#4664 = AXIS2_PLACEMENT_3D('',#4665,#4666,#4667);
#4665 = CARTESIAN_POINT('',(6.97299999999,3.81,16.045731122015));
#4666 = DIRECTION('',(0.894427190985,0.447213595529,-2.E-16));
#4667 = DIRECTION('',(-0.447213595529,0.894427190985,-4.E-16));
#4668 = ADVANCED_FACE('',(#4669),#4680,.T.);
#4669 = FACE_BOUND('',#4670,.F.);
#4670 = EDGE_LOOP('',(#4671,#4672,#4673,#4674));
#4671 = ORIENTED_EDGE('',*,*,#4135,.F.);
#4672 = ORIENTED_EDGE('',*,*,#4658,.T.);
#4673 = ORIENTED_EDGE('',*,*,#3543,.T.);
#4674 = ORIENTED_EDGE('',*,*,#4675,.F.);
#4675 = EDGE_CURVE('',#4128,#3536,#4676,.T.);
#4676 = LINE('',#4677,#4678);
#4677 = CARTESIAN_POINT('',(7.22699999999,3.81,16.045731122015));
#4678 = VECTOR('',#4679,1.);
#4679 = DIRECTION('',(-0.,-4.4E-16,-1.));
#4680 = PLANE('',#4681);
#4681 = AXIS2_PLACEMENT_3D('',#4682,#4683,#4684);
#4682 = CARTESIAN_POINT('',(7.1,3.556,16.045731122015));
#4683 = DIRECTION('',(-0.894427191014,0.447213595471,-2.E-16));
#4684 = DIRECTION('',(-0.447213595471,-0.894427191014,4.E-16));
#4685 = ADVANCED_FACE('',(#4686),#4697,.F.);
#4686 = FACE_BOUND('',#4687,.F.);
#4687 = EDGE_LOOP('',(#4688,#4689,#4695,#4696));
#4688 = ORIENTED_EDGE('',*,*,#3535,.F.);
#4689 = ORIENTED_EDGE('',*,*,#4690,.F.);
#4690 = EDGE_CURVE('',#4120,#3528,#4691,.T.);
#4691 = LINE('',#4692,#4693);
#4692 = CARTESIAN_POINT('',(9.51299999999,3.81,16.045731122015));
#4693 = VECTOR('',#4694,1.);
#4694 = DIRECTION('',(-0.,-4.4E-16,-1.));
#4695 = ORIENTED_EDGE('',*,*,#4127,.T.);
#4696 = ORIENTED_EDGE('',*,*,#4675,.T.);
#4697 = PLANE('',#4698);
#4698 = AXIS2_PLACEMENT_3D('',#4699,#4700,#4701);
#4699 = CARTESIAN_POINT('',(9.64,3.81,7.3864));
#4700 = DIRECTION('',(0.,-1.,0.));
#4701 = DIRECTION('',(-1.,0.,0.));
#4702 = ADVANCED_FACE('',(#4703),#4714,.T.);
#4703 = FACE_BOUND('',#4704,.F.);
#4704 = EDGE_LOOP('',(#4705,#4706,#4707,#4708));
#4705 = ORIENTED_EDGE('',*,*,#4119,.F.);
#4706 = ORIENTED_EDGE('',*,*,#4690,.T.);
#4707 = ORIENTED_EDGE('',*,*,#3527,.T.);
#4708 = ORIENTED_EDGE('',*,*,#4709,.F.);
#4709 = EDGE_CURVE('',#4112,#3520,#4710,.T.);
#4710 = LINE('',#4711,#4712);
#4711 = CARTESIAN_POINT('',(9.64,3.556,16.045731122015));
#4712 = VECTOR('',#4713,1.);
#4713 = DIRECTION('',(-0.,-4.4E-16,-1.));
#4714 = PLANE('',#4715);
#4715 = AXIS2_PLACEMENT_3D('',#4716,#4717,#4718);
#4716 = CARTESIAN_POINT('',(9.51299999999,3.81,16.045731122015));
#4717 = DIRECTION('',(0.894427190985,0.447213595529,-2.E-16));
#4718 = DIRECTION('',(-0.447213595529,0.894427190985,-4.E-16));
#4719 = ADVANCED_FACE('',(#4720),#4731,.F.);
#4720 = FACE_BOUND('',#4721,.F.);
#4721 = EDGE_LOOP('',(#4722,#4723,#4729,#4730));
#4722 = ORIENTED_EDGE('',*,*,#3519,.F.);
#4723 = ORIENTED_EDGE('',*,*,#4724,.F.);
#4724 = EDGE_CURVE('',#4104,#3512,#4725,.T.);
#4725 = LINE('',#4726,#4727);
#4726 = CARTESIAN_POINT('',(9.64,0.8636,13.89902553361));
#4727 = VECTOR('',#4728,1.);
#4728 = DIRECTION('',(0.,0.,-1.));
#4729 = ORIENTED_EDGE('',*,*,#4111,.T.);
#4730 = ORIENTED_EDGE('',*,*,#4709,.T.);
#4731 = PLANE('',#4732);
#4732 = AXIS2_PLACEMENT_3D('',#4733,#4734,#4735);
#4733 = CARTESIAN_POINT('',(9.64,-1.27,7.3864));
#4734 = DIRECTION('',(-1.,0.,0.));
#4735 = DIRECTION('',(0.,1.,0.));
#4736 = ADVANCED_FACE('',(#4737),#4748,.F.);
#4737 = FACE_BOUND('',#4738,.F.);
#4738 = EDGE_LOOP('',(#4739,#4745,#4746,#4747));
#4739 = ORIENTED_EDGE('',*,*,#4740,.F.);
#4740 = EDGE_CURVE('',#4096,#3504,#4741,.T.);
#4741 = LINE('',#4742,#4743);
#4742 = CARTESIAN_POINT('',(8.3058,0.8636,20.411651067219));
#4743 = VECTOR('',#4744,1.);
#4744 = DIRECTION('',(-0.,-0.,-1.));
#4745 = ORIENTED_EDGE('',*,*,#4103,.F.);
#4746 = ORIENTED_EDGE('',*,*,#4724,.T.);
#4747 = ORIENTED_EDGE('',*,*,#3511,.T.);
#4748 = PLANE('',#4749);
#4749 = AXIS2_PLACEMENT_3D('',#4750,#4751,#4752);
#4750 = CARTESIAN_POINT('',(10.4902,0.8636,20.411651067219));
#4751 = DIRECTION('',(0.,1.,0.));
#4752 = DIRECTION('',(-1.,0.,0.));
#4753 = ADVANCED_FACE('',(#4754),#4765,.F.);
#4754 = FACE_BOUND('',#4755,.F.);
#4755 = EDGE_LOOP('',(#4756,#4757,#4758,#4759));
#4756 = ORIENTED_EDGE('',*,*,#4095,.F.);
#4757 = ORIENTED_EDGE('',*,*,#4740,.T.);
#4758 = ORIENTED_EDGE('',*,*,#3503,.T.);
#4759 = ORIENTED_EDGE('',*,*,#4760,.F.);
#4760 = EDGE_CURVE('',#4088,#3496,#4761,.T.);
#4761 = LINE('',#4762,#4763);
#4762 = CARTESIAN_POINT('',(8.3058,0.3556,20.411651067219));
#4763 = VECTOR('',#4764,1.);
#4764 = DIRECTION('',(-0.,-0.,-1.));
#4765 = PLANE('',#4766);
#4766 = AXIS2_PLACEMENT_3D('',#4767,#4768,#4769);
#4767 = CARTESIAN_POINT('',(8.3058,0.8636,20.411651067219));
#4768 = DIRECTION('',(-1.,0.,0.));
#4769 = DIRECTION('',(0.,-1.,0.));
#4770 = ADVANCED_FACE('',(#4771),#4782,.F.);
#4771 = FACE_BOUND('',#4772,.F.);
#4772 = EDGE_LOOP('',(#4773,#4774,#4775,#4776));
#4773 = ORIENTED_EDGE('',*,*,#4087,.F.);
#4774 = ORIENTED_EDGE('',*,*,#4760,.T.);
#4775 = ORIENTED_EDGE('',*,*,#3495,.T.);
#4776 = ORIENTED_EDGE('',*,*,#4777,.T.);
#4777 = EDGE_CURVE('',#3488,#4080,#4778,.T.);
#4778 = LINE('',#4779,#4780);
#4779 = CARTESIAN_POINT('',(9.64,0.3556,13.89902553361));
#4780 = VECTOR('',#4781,1.);
#4781 = DIRECTION('',(0.,0.,1.));
#4782 = PLANE('',#4783);
#4783 = AXIS2_PLACEMENT_3D('',#4784,#4785,#4786);
#4784 = CARTESIAN_POINT('',(8.3058,0.3556,20.411651067219));
#4785 = DIRECTION('',(0.,-1.,0.));
#4786 = DIRECTION('',(1.,0.,0.));
#4787 = ADVANCED_FACE('',(#4788),#4799,.F.);
#4788 = FACE_BOUND('',#4789,.F.);
#4789 = EDGE_LOOP('',(#4790,#4791,#4797,#4798));
#4790 = ORIENTED_EDGE('',*,*,#3487,.F.);
#4791 = ORIENTED_EDGE('',*,*,#4792,.F.);
#4792 = EDGE_CURVE('',#4072,#3480,#4793,.T.);
#4793 = LINE('',#4794,#4795);
#4794 = CARTESIAN_POINT('',(9.64,-1.016,16.045731122015));
#4795 = VECTOR('',#4796,1.);
#4796 = DIRECTION('',(-0.,-0.,-1.));
#4797 = ORIENTED_EDGE('',*,*,#4079,.T.);
#4798 = ORIENTED_EDGE('',*,*,#4777,.F.);
#4799 = PLANE('',#4800);
#4800 = AXIS2_PLACEMENT_3D('',#4801,#4802,#4803);
#4801 = CARTESIAN_POINT('',(9.64,-1.27,7.3864));
#4802 = DIRECTION('',(-1.,0.,0.));
#4803 = DIRECTION('',(0.,1.,0.));
#4804 = ADVANCED_FACE('',(#4805),#4816,.T.);
#4805 = FACE_BOUND('',#4806,.T.);
#4806 = EDGE_LOOP('',(#4807,#4808,#4814,#4815));
#4807 = ORIENTED_EDGE('',*,*,#4071,.F.);
#4808 = ORIENTED_EDGE('',*,*,#4809,.T.);
#4809 = EDGE_CURVE('',#4064,#3472,#4810,.T.);
#4810 = LINE('',#4811,#4812);
#4811 = CARTESIAN_POINT('',(9.51299999999,-1.27,16.045731122015));
#4812 = VECTOR('',#4813,1.);
#4813 = DIRECTION('',(-0.,-0.,-1.));
#4814 = ORIENTED_EDGE('',*,*,#3479,.T.);
#4815 = ORIENTED_EDGE('',*,*,#4792,.F.);
#4816 = PLANE('',#4817);
#4817 = AXIS2_PLACEMENT_3D('',#4818,#4819,#4820);
#4818 = CARTESIAN_POINT('',(9.51299999999,-1.27,16.045731122015));
#4819 = DIRECTION('',(0.894427190985,-0.447213595529,0.));
#4820 = DIRECTION('',(0.447213595529,0.894427190985,0.));
#4821 = ADVANCED_FACE('',(#4822),#4833,.F.);
#4822 = FACE_BOUND('',#4823,.F.);
#4823 = EDGE_LOOP('',(#4824,#4825,#4831,#4832));
#4824 = ORIENTED_EDGE('',*,*,#3471,.F.);
#4825 = ORIENTED_EDGE('',*,*,#4826,.F.);
#4826 = EDGE_CURVE('',#4056,#3464,#4827,.T.);
#4827 = LINE('',#4828,#4829);
#4828 = CARTESIAN_POINT('',(7.22699999999,-1.27,16.045731122015));
#4829 = VECTOR('',#4830,1.);
#4830 = DIRECTION('',(-0.,-0.,-1.));
#4831 = ORIENTED_EDGE('',*,*,#4063,.T.);
#4832 = ORIENTED_EDGE('',*,*,#4809,.T.);
#4833 = PLANE('',#4834);
#4834 = AXIS2_PLACEMENT_3D('',#4835,#4836,#4837);
#4835 = CARTESIAN_POINT('',(-2.02,-1.27,7.3864));
#4836 = DIRECTION('',(0.,1.,0.));
#4837 = DIRECTION('',(1.,0.,0.));
#4838 = ADVANCED_FACE('',(#4839),#4850,.T.);
#4839 = FACE_BOUND('',#4840,.T.);
#4840 = EDGE_LOOP('',(#4841,#4842,#4848,#4849));
#4841 = ORIENTED_EDGE('',*,*,#4055,.F.);
#4842 = ORIENTED_EDGE('',*,*,#4843,.T.);
#4843 = EDGE_CURVE('',#4048,#3456,#4844,.T.);
#4844 = LINE('',#4845,#4846);
#4845 = CARTESIAN_POINT('',(7.1,-1.016,16.045731122015));
#4846 = VECTOR('',#4847,1.);
#4847 = DIRECTION('',(-0.,-0.,-1.));
#4848 = ORIENTED_EDGE('',*,*,#3463,.T.);
#4849 = ORIENTED_EDGE('',*,*,#4826,.F.);
#4850 = PLANE('',#4851);
#4851 = AXIS2_PLACEMENT_3D('',#4852,#4853,#4854);
#4852 = CARTESIAN_POINT('',(7.1,-1.016,16.045731122015));
#4853 = DIRECTION('',(-0.894427191014,-0.447213595471,0.));
#4854 = DIRECTION('',(0.447213595471,-0.894427191014,0.));
#4855 = ADVANCED_FACE('',(#4856),#4867,.T.);
#4856 = FACE_BOUND('',#4857,.T.);
#4857 = EDGE_LOOP('',(#4858,#4859,#4865,#4866));
#4858 = ORIENTED_EDGE('',*,*,#4047,.F.);
#4859 = ORIENTED_EDGE('',*,*,#4860,.T.);
#4860 = EDGE_CURVE('',#4040,#3448,#4861,.T.);
#4861 = LINE('',#4862,#4863);
#4862 = CARTESIAN_POINT('',(6.97299999999,-1.27,16.045731122015));
#4863 = VECTOR('',#4864,1.);
#4864 = DIRECTION('',(-0.,-0.,-1.));
#4865 = ORIENTED_EDGE('',*,*,#3455,.T.);
#4866 = ORIENTED_EDGE('',*,*,#4843,.F.);
#4867 = PLANE('',#4868);
#4868 = AXIS2_PLACEMENT_3D('',#4869,#4870,#4871);
#4869 = CARTESIAN_POINT('',(6.97299999999,-1.27,16.045731122015));
#4870 = DIRECTION('',(0.894427190985,-0.447213595529,0.));
#4871 = DIRECTION('',(0.447213595529,0.894427190985,0.));
#4872 = ADVANCED_FACE('',(#4873),#4884,.F.);
#4873 = FACE_BOUND('',#4874,.F.);
#4874 = EDGE_LOOP('',(#4875,#4876,#4882,#4883));
#4875 = ORIENTED_EDGE('',*,*,#3447,.F.);
#4876 = ORIENTED_EDGE('',*,*,#4877,.F.);
#4877 = EDGE_CURVE('',#4032,#3440,#4878,.T.);
#4878 = LINE('',#4879,#4880);
#4879 = CARTESIAN_POINT('',(4.68699999999,-1.27,16.045731122015));
#4880 = VECTOR('',#4881,1.);
#4881 = DIRECTION('',(-0.,-0.,-1.));
#4882 = ORIENTED_EDGE('',*,*,#4039,.T.);
#4883 = ORIENTED_EDGE('',*,*,#4860,.T.);
#4884 = PLANE('',#4885);
#4885 = AXIS2_PLACEMENT_3D('',#4886,#4887,#4888);
#4886 = CARTESIAN_POINT('',(-2.02,-1.27,7.3864));
#4887 = DIRECTION('',(0.,1.,0.));
#4888 = DIRECTION('',(1.,0.,0.));
#4889 = ADVANCED_FACE('',(#4890),#4901,.T.);
#4890 = FACE_BOUND('',#4891,.T.);
#4891 = EDGE_LOOP('',(#4892,#4893,#4899,#4900));
#4892 = ORIENTED_EDGE('',*,*,#4031,.F.);
#4893 = ORIENTED_EDGE('',*,*,#4894,.T.);
#4894 = EDGE_CURVE('',#4024,#3432,#4895,.T.);
#4895 = LINE('',#4896,#4897);
#4896 = CARTESIAN_POINT('',(4.56,-1.016,16.045731122015));
#4897 = VECTOR('',#4898,1.);
#4898 = DIRECTION('',(-0.,-0.,-1.));
#4899 = ORIENTED_EDGE('',*,*,#3439,.T.);
#4900 = ORIENTED_EDGE('',*,*,#4877,.F.);
#4901 = PLANE('',#4902);
#4902 = AXIS2_PLACEMENT_3D('',#4903,#4904,#4905);
#4903 = CARTESIAN_POINT('',(4.56,-1.016,16.045731122015));
#4904 = DIRECTION('',(-0.894427191014,-0.447213595471,0.));
#4905 = DIRECTION('',(0.447213595471,-0.894427191014,0.));
#4906 = ADVANCED_FACE('',(#4907),#4918,.T.);
#4907 = FACE_BOUND('',#4908,.T.);
#4908 = EDGE_LOOP('',(#4909,#4910,#4916,#4917));
#4909 = ORIENTED_EDGE('',*,*,#4023,.F.);
#4910 = ORIENTED_EDGE('',*,*,#4911,.T.);
#4911 = EDGE_CURVE('',#4016,#3424,#4912,.T.);
#4912 = LINE('',#4913,#4914);
#4913 = CARTESIAN_POINT('',(4.43299999999,-1.27,16.045731122015));
#4914 = VECTOR('',#4915,1.);
#4915 = DIRECTION('',(-0.,-0.,-1.));
#4916 = ORIENTED_EDGE('',*,*,#3431,.T.);
#4917 = ORIENTED_EDGE('',*,*,#4894,.F.);
#4918 = PLANE('',#4919);
#4919 = AXIS2_PLACEMENT_3D('',#4920,#4921,#4922);
#4920 = CARTESIAN_POINT('',(4.43299999999,-1.27,16.045731122015));
#4921 = DIRECTION('',(0.894427190985,-0.447213595529,0.));
#4922 = DIRECTION('',(0.447213595529,0.894427190985,0.));
#4923 = ADVANCED_FACE('',(#4924),#4935,.F.);
#4924 = FACE_BOUND('',#4925,.F.);
#4925 = EDGE_LOOP('',(#4926,#4927,#4933,#4934));
#4926 = ORIENTED_EDGE('',*,*,#3423,.F.);
#4927 = ORIENTED_EDGE('',*,*,#4928,.F.);
#4928 = EDGE_CURVE('',#4008,#3416,#4929,.T.);
#4929 = LINE('',#4930,#4931);
#4930 = CARTESIAN_POINT('',(2.14699999999,-1.27,16.045731122015));
#4931 = VECTOR('',#4932,1.);
#4932 = DIRECTION('',(-0.,-0.,-1.));
#4933 = ORIENTED_EDGE('',*,*,#4015,.T.);
#4934 = ORIENTED_EDGE('',*,*,#4911,.T.);
#4935 = PLANE('',#4936);
#4936 = AXIS2_PLACEMENT_3D('',#4937,#4938,#4939);
#4937 = CARTESIAN_POINT('',(-2.02,-1.27,7.3864));
#4938 = DIRECTION('',(0.,1.,0.));
#4939 = DIRECTION('',(1.,0.,0.));
#4940 = ADVANCED_FACE('',(#4941),#4952,.T.);
#4941 = FACE_BOUND('',#4942,.T.);
#4942 = EDGE_LOOP('',(#4943,#4944,#4950,#4951));
#4943 = ORIENTED_EDGE('',*,*,#4007,.F.);
#4944 = ORIENTED_EDGE('',*,*,#4945,.T.);
#4945 = EDGE_CURVE('',#4000,#3408,#4946,.T.);
#4946 = LINE('',#4947,#4948);
#4947 = CARTESIAN_POINT('',(2.02,-1.016,16.045731122015));
#4948 = VECTOR('',#4949,1.);
#4949 = DIRECTION('',(-0.,-0.,-1.));
#4950 = ORIENTED_EDGE('',*,*,#3415,.T.);
#4951 = ORIENTED_EDGE('',*,*,#4928,.F.);
#4952 = PLANE('',#4953);
#4953 = AXIS2_PLACEMENT_3D('',#4954,#4955,#4956);
#4954 = CARTESIAN_POINT('',(2.02,-1.016,16.045731122015));
#4955 = DIRECTION('',(-0.894427191014,-0.447213595471,0.));
#4956 = DIRECTION('',(0.447213595471,-0.894427191014,0.));
#4957 = ADVANCED_FACE('',(#4958),#4969,.T.);
#4958 = FACE_BOUND('',#4959,.T.);
#4959 = EDGE_LOOP('',(#4960,#4961,#4967,#4968));
#4960 = ORIENTED_EDGE('',*,*,#3999,.F.);
#4961 = ORIENTED_EDGE('',*,*,#4962,.T.);
#4962 = EDGE_CURVE('',#3992,#3400,#4963,.T.);
#4963 = LINE('',#4964,#4965);
#4964 = CARTESIAN_POINT('',(1.89299999999,-1.27,16.045731122015));
#4965 = VECTOR('',#4966,1.);
#4966 = DIRECTION('',(-0.,-0.,-1.));
#4967 = ORIENTED_EDGE('',*,*,#3407,.T.);
#4968 = ORIENTED_EDGE('',*,*,#4945,.F.);
#4969 = PLANE('',#4970);
#4970 = AXIS2_PLACEMENT_3D('',#4971,#4972,#4973);
#4971 = CARTESIAN_POINT('',(1.89299999999,-1.27,16.045731122015));
#4972 = DIRECTION('',(0.894427190985,-0.447213595529,0.));
#4973 = DIRECTION('',(0.447213595529,0.894427190985,0.));
#4974 = ADVANCED_FACE('',(#4975),#4986,.F.);
#4975 = FACE_BOUND('',#4976,.F.);
#4976 = EDGE_LOOP('',(#4977,#4978,#4984,#4985));
#4977 = ORIENTED_EDGE('',*,*,#3399,.F.);
#4978 = ORIENTED_EDGE('',*,*,#4979,.F.);
#4979 = EDGE_CURVE('',#3984,#3392,#4980,.T.);
#4980 = LINE('',#4981,#4982);
#4981 = CARTESIAN_POINT('',(-0.39300000001,-1.27,16.045731122015));
#4982 = VECTOR('',#4983,1.);
#4983 = DIRECTION('',(-0.,-0.,-1.));
#4984 = ORIENTED_EDGE('',*,*,#3991,.T.);
#4985 = ORIENTED_EDGE('',*,*,#4962,.T.);
#4986 = PLANE('',#4987);
#4987 = AXIS2_PLACEMENT_3D('',#4988,#4989,#4990);
#4988 = CARTESIAN_POINT('',(-2.02,-1.27,7.3864));
#4989 = DIRECTION('',(0.,1.,0.));
#4990 = DIRECTION('',(1.,0.,0.));
#4991 = ADVANCED_FACE('',(#4992),#5003,.T.);
#4992 = FACE_BOUND('',#4993,.T.);
#4993 = EDGE_LOOP('',(#4994,#4995,#5001,#5002));
#4994 = ORIENTED_EDGE('',*,*,#3983,.F.);
#4995 = ORIENTED_EDGE('',*,*,#4996,.T.);
#4996 = EDGE_CURVE('',#3976,#3384,#4997,.T.);
#4997 = LINE('',#4998,#4999);
#4998 = CARTESIAN_POINT('',(-0.52,-1.016,16.045731122015));
#4999 = VECTOR('',#5000,1.);
#5000 = DIRECTION('',(-0.,-0.,-1.));
#5001 = ORIENTED_EDGE('',*,*,#3391,.T.);
#5002 = ORIENTED_EDGE('',*,*,#4979,.F.);
#5003 = PLANE('',#5004);
#5004 = AXIS2_PLACEMENT_3D('',#5005,#5006,#5007);
#5005 = CARTESIAN_POINT('',(-0.52,-1.016,16.045731122015));
#5006 = DIRECTION('',(-0.894427191014,-0.447213595471,0.));
#5007 = DIRECTION('',(0.447213595471,-0.894427191014,0.));
#5008 = ADVANCED_FACE('',(#5009),#5020,.T.);
#5009 = FACE_BOUND('',#5010,.T.);
#5010 = EDGE_LOOP('',(#5011,#5012,#5018,#5019));
#5011 = ORIENTED_EDGE('',*,*,#3975,.F.);
#5012 = ORIENTED_EDGE('',*,*,#5013,.T.);
#5013 = EDGE_CURVE('',#3968,#3376,#5014,.T.);
#5014 = LINE('',#5015,#5016);
#5015 = CARTESIAN_POINT('',(-0.64700000001,-1.27,16.045731122015));
#5016 = VECTOR('',#5017,1.);
#5017 = DIRECTION('',(-0.,-0.,-1.));
#5018 = ORIENTED_EDGE('',*,*,#3383,.T.);
#5019 = ORIENTED_EDGE('',*,*,#4996,.F.);
#5020 = PLANE('',#5021);
#5021 = AXIS2_PLACEMENT_3D('',#5022,#5023,#5024);
#5022 = CARTESIAN_POINT('',(-0.64700000001,-1.27,16.045731122015));
#5023 = DIRECTION('',(0.894427190985,-0.447213595529,0.));
#5024 = DIRECTION('',(0.447213595529,0.894427190985,0.));
#5025 = ADVANCED_FACE('',(#5026),#5032,.F.);
#5026 = FACE_BOUND('',#5027,.F.);
#5027 = EDGE_LOOP('',(#5028,#5029,#5030,#5031));
#5028 = ORIENTED_EDGE('',*,*,#3375,.F.);
#5029 = ORIENTED_EDGE('',*,*,#3927,.T.);
#5030 = ORIENTED_EDGE('',*,*,#3967,.T.);
#5031 = ORIENTED_EDGE('',*,*,#5013,.T.);
#5032 = PLANE('',#5033);
#5033 = AXIS2_PLACEMENT_3D('',#5034,#5035,#5036);
#5034 = CARTESIAN_POINT('',(-2.02,-1.27,7.3864));
#5035 = DIRECTION('',(0.,1.,0.));
#5036 = DIRECTION('',(1.,0.,0.));
#5037 = ADVANCED_FACE('',(#5038),#5054,.F.);
#5038 = FACE_BOUND('',#5039,.F.);
#5039 = EDGE_LOOP('',(#5040,#5041,#5047,#5048));
#5040 = ORIENTED_EDGE('',*,*,#4224,.F.);
#5041 = ORIENTED_EDGE('',*,*,#5042,.T.);
#5042 = EDGE_CURVE('',#4225,#3640,#5043,.T.);
#5043 = LINE('',#5044,#5045);
#5044 = CARTESIAN_POINT('',(-1.8542,0.8636,20.411651067219));
#5045 = VECTOR('',#5046,1.);
#5046 = DIRECTION('',(-0.,-0.,-1.));
#5047 = ORIENTED_EDGE('',*,*,#3639,.T.);
#5048 = ORIENTED_EDGE('',*,*,#5049,.F.);
#5049 = EDGE_CURVE('',#4227,#3642,#5050,.T.);
#5050 = LINE('',#5051,#5052);
#5051 = CARTESIAN_POINT('',(-1.8542,0.3556,20.411651067219));
#5052 = VECTOR('',#5053,1.);
#5053 = DIRECTION('',(-0.,-0.,-1.));
#5054 = PLANE('',#5055);
#5055 = AXIS2_PLACEMENT_3D('',#5056,#5057,#5058);
#5056 = CARTESIAN_POINT('',(-1.8542,0.8636,20.411651067219));
#5057 = DIRECTION('',(-1.,0.,0.));
#5058 = DIRECTION('',(0.,-1.,0.));
#5059 = ADVANCED_FACE('',(#5060),#5071,.F.);
#5060 = FACE_BOUND('',#5061,.F.);
#5061 = EDGE_LOOP('',(#5062,#5063,#5069,#5070));
#5062 = ORIENTED_EDGE('',*,*,#4234,.F.);
#5063 = ORIENTED_EDGE('',*,*,#5064,.T.);
#5064 = EDGE_CURVE('',#4235,#3650,#5065,.T.);
#5065 = LINE('',#5066,#5067);
#5066 = CARTESIAN_POINT('',(0.3302,0.8636,20.411651067219));
#5067 = VECTOR('',#5068,1.);
#5068 = DIRECTION('',(-0.,-0.,-1.));
#5069 = ORIENTED_EDGE('',*,*,#3649,.T.);
#5070 = ORIENTED_EDGE('',*,*,#5042,.F.);
#5071 = PLANE('',#5072);
#5072 = AXIS2_PLACEMENT_3D('',#5073,#5074,#5075);
#5073 = CARTESIAN_POINT('',(0.3302,0.8636,20.411651067219));
#5074 = DIRECTION('',(0.,1.,0.));
#5075 = DIRECTION('',(-1.,0.,0.));
#5076 = ADVANCED_FACE('',(#5077),#5088,.F.);
#5077 = FACE_BOUND('',#5078,.F.);
#5078 = EDGE_LOOP('',(#5079,#5080,#5081,#5082));
#5079 = ORIENTED_EDGE('',*,*,#4250,.F.);
#5080 = ORIENTED_EDGE('',*,*,#5049,.T.);
#5081 = ORIENTED_EDGE('',*,*,#3665,.T.);
#5082 = ORIENTED_EDGE('',*,*,#5083,.F.);
#5083 = EDGE_CURVE('',#4243,#3658,#5084,.T.);
#5084 = LINE('',#5085,#5086);
#5085 = CARTESIAN_POINT('',(0.3302,0.3556,20.411651067219));
#5086 = VECTOR('',#5087,1.);
#5087 = DIRECTION('',(-0.,-0.,-1.));
#5088 = PLANE('',#5089);
#5089 = AXIS2_PLACEMENT_3D('',#5090,#5091,#5092);
#5090 = CARTESIAN_POINT('',(-1.8542,0.3556,20.411651067219));
#5091 = DIRECTION('',(0.,-1.,0.));
#5092 = DIRECTION('',(1.,0.,0.));
#5093 = ADVANCED_FACE('',(#5094),#5100,.F.);
#5094 = FACE_BOUND('',#5095,.F.);
#5095 = EDGE_LOOP('',(#5096,#5097,#5098,#5099));
#5096 = ORIENTED_EDGE('',*,*,#4242,.F.);
#5097 = ORIENTED_EDGE('',*,*,#5083,.T.);
#5098 = ORIENTED_EDGE('',*,*,#3657,.T.);
#5099 = ORIENTED_EDGE('',*,*,#5064,.F.);
#5100 = PLANE('',#5101);
#5101 = AXIS2_PLACEMENT_3D('',#5102,#5103,#5104);
#5102 = CARTESIAN_POINT('',(0.3302,0.3556,20.411651067219));
#5103 = DIRECTION('',(1.,0.,0.));
#5104 = DIRECTION('',(0.,1.,0.));
#5105 = ADVANCED_FACE('',(#5106),#5122,.F.);
#5106 = FACE_BOUND('',#5107,.F.);
#5107 = EDGE_LOOP('',(#5108,#5109,#5115,#5116));
#5108 = ORIENTED_EDGE('',*,*,#4258,.F.);
#5109 = ORIENTED_EDGE('',*,*,#5110,.T.);
#5110 = EDGE_CURVE('',#4259,#3674,#5111,.T.);
#5111 = LINE('',#5112,#5113);
#5112 = CARTESIAN_POINT('',(0.6858,0.8636,20.411651067219));
#5113 = VECTOR('',#5114,1.);
#5114 = DIRECTION('',(-0.,-0.,-1.));
#5115 = ORIENTED_EDGE('',*,*,#3673,.T.);
#5116 = ORIENTED_EDGE('',*,*,#5117,.F.);
#5117 = EDGE_CURVE('',#4261,#3676,#5118,.T.);
#5118 = LINE('',#5119,#5120);
#5119 = CARTESIAN_POINT('',(0.6858,0.3556,20.411651067219));
#5120 = VECTOR('',#5121,1.);
#5121 = DIRECTION('',(-0.,-0.,-1.));
#5122 = PLANE('',#5123);
#5123 = AXIS2_PLACEMENT_3D('',#5124,#5125,#5126);
#5124 = CARTESIAN_POINT('',(0.6858,0.8636,20.411651067219));
#5125 = DIRECTION('',(-1.,0.,0.));
#5126 = DIRECTION('',(0.,-1.,0.));
#5127 = ADVANCED_FACE('',(#5128),#5139,.F.);
#5128 = FACE_BOUND('',#5129,.F.);
#5129 = EDGE_LOOP('',(#5130,#5131,#5137,#5138));
#5130 = ORIENTED_EDGE('',*,*,#4268,.F.);
#5131 = ORIENTED_EDGE('',*,*,#5132,.T.);
#5132 = EDGE_CURVE('',#4269,#3684,#5133,.T.);
#5133 = LINE('',#5134,#5135);
#5134 = CARTESIAN_POINT('',(2.8702,0.8636,20.411651067219));
#5135 = VECTOR('',#5136,1.);
#5136 = DIRECTION('',(-0.,-0.,-1.));
#5137 = ORIENTED_EDGE('',*,*,#3683,.T.);
#5138 = ORIENTED_EDGE('',*,*,#5110,.F.);
#5139 = PLANE('',#5140);
#5140 = AXIS2_PLACEMENT_3D('',#5141,#5142,#5143);
#5141 = CARTESIAN_POINT('',(2.8702,0.8636,20.411651067219));
#5142 = DIRECTION('',(0.,1.,0.));
#5143 = DIRECTION('',(-1.,0.,0.));
#5144 = ADVANCED_FACE('',(#5145),#5156,.F.);
#5145 = FACE_BOUND('',#5146,.F.);
#5146 = EDGE_LOOP('',(#5147,#5148,#5149,#5150));
#5147 = ORIENTED_EDGE('',*,*,#4284,.F.);
#5148 = ORIENTED_EDGE('',*,*,#5117,.T.);
#5149 = ORIENTED_EDGE('',*,*,#3699,.T.);
#5150 = ORIENTED_EDGE('',*,*,#5151,.F.);
#5151 = EDGE_CURVE('',#4277,#3692,#5152,.T.);
#5152 = LINE('',#5153,#5154);
#5153 = CARTESIAN_POINT('',(2.8702,0.3556,20.411651067219));
#5154 = VECTOR('',#5155,1.);
#5155 = DIRECTION('',(-0.,-0.,-1.));
#5156 = PLANE('',#5157);
#5157 = AXIS2_PLACEMENT_3D('',#5158,#5159,#5160);
#5158 = CARTESIAN_POINT('',(0.6858,0.3556,20.411651067219));
#5159 = DIRECTION('',(0.,-1.,0.));
#5160 = DIRECTION('',(1.,0.,0.));
#5161 = ADVANCED_FACE('',(#5162),#5168,.F.);
#5162 = FACE_BOUND('',#5163,.F.);
#5163 = EDGE_LOOP('',(#5164,#5165,#5166,#5167));
#5164 = ORIENTED_EDGE('',*,*,#4276,.F.);
#5165 = ORIENTED_EDGE('',*,*,#5151,.T.);
#5166 = ORIENTED_EDGE('',*,*,#3691,.T.);
#5167 = ORIENTED_EDGE('',*,*,#5132,.F.);
#5168 = PLANE('',#5169);
#5169 = AXIS2_PLACEMENT_3D('',#5170,#5171,#5172);
#5170 = CARTESIAN_POINT('',(2.8702,0.3556,20.411651067219));
#5171 = DIRECTION('',(1.,0.,0.));
#5172 = DIRECTION('',(0.,1.,0.));
#5173 = ADVANCED_FACE('',(#5174),#5190,.F.);
#5174 = FACE_BOUND('',#5175,.F.);
#5175 = EDGE_LOOP('',(#5176,#5177,#5183,#5184));
#5176 = ORIENTED_EDGE('',*,*,#4292,.F.);
#5177 = ORIENTED_EDGE('',*,*,#5178,.T.);
#5178 = EDGE_CURVE('',#4293,#3708,#5179,.T.);
#5179 = LINE('',#5180,#5181);
#5180 = CARTESIAN_POINT('',(3.2258,0.8636,20.411651067219));
#5181 = VECTOR('',#5182,1.);
#5182 = DIRECTION('',(-0.,-0.,-1.));
#5183 = ORIENTED_EDGE('',*,*,#3707,.T.);
#5184 = ORIENTED_EDGE('',*,*,#5185,.F.);
#5185 = EDGE_CURVE('',#4295,#3710,#5186,.T.);
#5186 = LINE('',#5187,#5188);
#5187 = CARTESIAN_POINT('',(3.2258,0.3556,20.411651067219));
#5188 = VECTOR('',#5189,1.);
#5189 = DIRECTION('',(-0.,-0.,-1.));
#5190 = PLANE('',#5191);
#5191 = AXIS2_PLACEMENT_3D('',#5192,#5193,#5194);
#5192 = CARTESIAN_POINT('',(3.2258,0.8636,20.411651067219));
#5193 = DIRECTION('',(-1.,0.,0.));
#5194 = DIRECTION('',(0.,-1.,0.));
#5195 = ADVANCED_FACE('',(#5196),#5207,.F.);
#5196 = FACE_BOUND('',#5197,.F.);
#5197 = EDGE_LOOP('',(#5198,#5199,#5205,#5206));
#5198 = ORIENTED_EDGE('',*,*,#4302,.F.);
#5199 = ORIENTED_EDGE('',*,*,#5200,.T.);
#5200 = EDGE_CURVE('',#4303,#3718,#5201,.T.);
#5201 = LINE('',#5202,#5203);
#5202 = CARTESIAN_POINT('',(5.4102,0.8636,20.411651067219));
#5203 = VECTOR('',#5204,1.);
#5204 = DIRECTION('',(-0.,-0.,-1.));
#5205 = ORIENTED_EDGE('',*,*,#3717,.T.);
#5206 = ORIENTED_EDGE('',*,*,#5178,.F.);
#5207 = PLANE('',#5208);
#5208 = AXIS2_PLACEMENT_3D('',#5209,#5210,#5211);
#5209 = CARTESIAN_POINT('',(5.4102,0.8636,20.411651067219));
#5210 = DIRECTION('',(0.,1.,0.));
#5211 = DIRECTION('',(-1.,0.,0.));
#5212 = ADVANCED_FACE('',(#5213),#5224,.F.);
#5213 = FACE_BOUND('',#5214,.F.);
#5214 = EDGE_LOOP('',(#5215,#5216,#5217,#5218));
#5215 = ORIENTED_EDGE('',*,*,#4318,.F.);
#5216 = ORIENTED_EDGE('',*,*,#5185,.T.);
#5217 = ORIENTED_EDGE('',*,*,#3733,.T.);
#5218 = ORIENTED_EDGE('',*,*,#5219,.F.);
#5219 = EDGE_CURVE('',#4311,#3726,#5220,.T.);
#5220 = LINE('',#5221,#5222);
#5221 = CARTESIAN_POINT('',(5.4102,0.3556,20.411651067219));
#5222 = VECTOR('',#5223,1.);
#5223 = DIRECTION('',(-0.,-0.,-1.));
#5224 = PLANE('',#5225);
#5225 = AXIS2_PLACEMENT_3D('',#5226,#5227,#5228);
#5226 = CARTESIAN_POINT('',(3.2258,0.3556,20.411651067219));
#5227 = DIRECTION('',(0.,-1.,0.));
#5228 = DIRECTION('',(1.,0.,0.));
#5229 = ADVANCED_FACE('',(#5230),#5236,.F.);
#5230 = FACE_BOUND('',#5231,.F.);
#5231 = EDGE_LOOP('',(#5232,#5233,#5234,#5235));
#5232 = ORIENTED_EDGE('',*,*,#4310,.F.);
#5233 = ORIENTED_EDGE('',*,*,#5219,.T.);
#5234 = ORIENTED_EDGE('',*,*,#3725,.T.);
#5235 = ORIENTED_EDGE('',*,*,#5200,.F.);
#5236 = PLANE('',#5237);
#5237 = AXIS2_PLACEMENT_3D('',#5238,#5239,#5240);
#5238 = CARTESIAN_POINT('',(5.4102,0.3556,20.411651067219));
#5239 = DIRECTION('',(1.,0.,0.));
#5240 = DIRECTION('',(0.,1.,0.));
#5241 = ADVANCED_FACE('',(#5242),#5258,.F.);
#5242 = FACE_BOUND('',#5243,.F.);
#5243 = EDGE_LOOP('',(#5244,#5245,#5251,#5252));
#5244 = ORIENTED_EDGE('',*,*,#4326,.F.);
#5245 = ORIENTED_EDGE('',*,*,#5246,.T.);
#5246 = EDGE_CURVE('',#4327,#3742,#5247,.T.);
#5247 = LINE('',#5248,#5249);
#5248 = CARTESIAN_POINT('',(5.7658,0.8636,20.411651067219));
#5249 = VECTOR('',#5250,1.);
#5250 = DIRECTION('',(-0.,-0.,-1.));
#5251 = ORIENTED_EDGE('',*,*,#3741,.T.);
#5252 = ORIENTED_EDGE('',*,*,#5253,.F.);
#5253 = EDGE_CURVE('',#4329,#3744,#5254,.T.);
#5254 = LINE('',#5255,#5256);
#5255 = CARTESIAN_POINT('',(5.7658,0.3556,20.411651067219));
#5256 = VECTOR('',#5257,1.);
#5257 = DIRECTION('',(-0.,-0.,-1.));
#5258 = PLANE('',#5259);
#5259 = AXIS2_PLACEMENT_3D('',#5260,#5261,#5262);
#5260 = CARTESIAN_POINT('',(5.7658,0.8636,20.411651067219));
#5261 = DIRECTION('',(-1.,0.,0.));
#5262 = DIRECTION('',(0.,-1.,0.));
#5263 = ADVANCED_FACE('',(#5264),#5275,.F.);
#5264 = FACE_BOUND('',#5265,.F.);
#5265 = EDGE_LOOP('',(#5266,#5267,#5273,#5274));
#5266 = ORIENTED_EDGE('',*,*,#4336,.F.);
#5267 = ORIENTED_EDGE('',*,*,#5268,.T.);
#5268 = EDGE_CURVE('',#4337,#3752,#5269,.T.);
#5269 = LINE('',#5270,#5271);
#5270 = CARTESIAN_POINT('',(7.9502,0.8636,20.411651067219));
#5271 = VECTOR('',#5272,1.);
#5272 = DIRECTION('',(-0.,-0.,-1.));
#5273 = ORIENTED_EDGE('',*,*,#3751,.T.);
#5274 = ORIENTED_EDGE('',*,*,#5246,.F.);
#5275 = PLANE('',#5276);
#5276 = AXIS2_PLACEMENT_3D('',#5277,#5278,#5279);
#5277 = CARTESIAN_POINT('',(7.9502,0.8636,20.411651067219));
#5278 = DIRECTION('',(0.,1.,0.));
#5279 = DIRECTION('',(-1.,0.,0.));
#5280 = ADVANCED_FACE('',(#5281),#5292,.F.);
#5281 = FACE_BOUND('',#5282,.F.);
#5282 = EDGE_LOOP('',(#5283,#5284,#5285,#5286));
#5283 = ORIENTED_EDGE('',*,*,#4352,.F.);
#5284 = ORIENTED_EDGE('',*,*,#5253,.T.);
#5285 = ORIENTED_EDGE('',*,*,#3767,.T.);
#5286 = ORIENTED_EDGE('',*,*,#5287,.F.);
#5287 = EDGE_CURVE('',#4345,#3760,#5288,.T.);
#5288 = LINE('',#5289,#5290);
#5289 = CARTESIAN_POINT('',(7.9502,0.3556,20.411651067219));
#5290 = VECTOR('',#5291,1.);
#5291 = DIRECTION('',(-0.,-0.,-1.));
#5292 = PLANE('',#5293);
#5293 = AXIS2_PLACEMENT_3D('',#5294,#5295,#5296);
#5294 = CARTESIAN_POINT('',(5.7658,0.3556,20.411651067219));
#5295 = DIRECTION('',(0.,-1.,0.));
#5296 = DIRECTION('',(1.,0.,0.));
#5297 = ADVANCED_FACE('',(#5298),#5304,.F.);
#5298 = FACE_BOUND('',#5299,.F.);
#5299 = EDGE_LOOP('',(#5300,#5301,#5302,#5303));
#5300 = ORIENTED_EDGE('',*,*,#4344,.F.);
#5301 = ORIENTED_EDGE('',*,*,#5287,.T.);
#5302 = ORIENTED_EDGE('',*,*,#3759,.T.);
#5303 = ORIENTED_EDGE('',*,*,#5268,.F.);
#5304 = PLANE('',#5305);
#5305 = AXIS2_PLACEMENT_3D('',#5306,#5307,#5308);
#5306 = CARTESIAN_POINT('',(7.9502,0.3556,20.411651067219));
#5307 = DIRECTION('',(1.,0.,0.));
#5308 = DIRECTION('',(0.,1.,0.));
#5309 = ADVANCED_FACE('',(#5310),#5326,.F.);
#5310 = FACE_BOUND('',#5311,.F.);
#5311 = EDGE_LOOP('',(#5312,#5313,#5319,#5320));
#5312 = ORIENTED_EDGE('',*,*,#4360,.F.);
#5313 = ORIENTED_EDGE('',*,*,#5314,.T.);
#5314 = EDGE_CURVE('',#4361,#3776,#5315,.T.);
#5315 = LINE('',#5316,#5317);
#5316 = CARTESIAN_POINT('',(1.8542,1.6764,20.411651067219));
#5317 = VECTOR('',#5318,1.);
#5318 = DIRECTION('',(0.,0.,-1.));
#5319 = ORIENTED_EDGE('',*,*,#3775,.T.);
#5320 = ORIENTED_EDGE('',*,*,#5321,.F.);
#5321 = EDGE_CURVE('',#4363,#3778,#5322,.T.);
#5322 = LINE('',#5323,#5324);
#5323 = CARTESIAN_POINT('',(1.8542,2.1844,20.411651067219));
#5324 = VECTOR('',#5325,1.);
#5325 = DIRECTION('',(0.,0.,-1.));
#5326 = PLANE('',#5327);
#5327 = AXIS2_PLACEMENT_3D('',#5328,#5329,#5330);
#5328 = CARTESIAN_POINT('',(1.8542,1.6764,20.411651067219));
#5329 = DIRECTION('',(1.,0.,0.));
#5330 = DIRECTION('',(0.,1.,0.));
#5331 = ADVANCED_FACE('',(#5332),#5343,.F.);
#5332 = FACE_BOUND('',#5333,.F.);
#5333 = EDGE_LOOP('',(#5334,#5335,#5341,#5342));
#5334 = ORIENTED_EDGE('',*,*,#4370,.F.);
#5335 = ORIENTED_EDGE('',*,*,#5336,.T.);
#5336 = EDGE_CURVE('',#4371,#3786,#5337,.T.);
#5337 = LINE('',#5338,#5339);
#5338 = CARTESIAN_POINT('',(-0.3302,1.6764,20.411651067219));
#5339 = VECTOR('',#5340,1.);
#5340 = DIRECTION('',(0.,0.,-1.));
#5341 = ORIENTED_EDGE('',*,*,#3785,.T.);
#5342 = ORIENTED_EDGE('',*,*,#5314,.F.);
#5343 = PLANE('',#5344);
#5344 = AXIS2_PLACEMENT_3D('',#5345,#5346,#5347);
#5345 = CARTESIAN_POINT('',(-0.3302,1.6764,20.411651067219));
#5346 = DIRECTION('',(0.,-1.,0.));
#5347 = DIRECTION('',(1.,0.,0.));
#5348 = ADVANCED_FACE('',(#5349),#5360,.F.);
#5349 = FACE_BOUND('',#5350,.F.);
#5350 = EDGE_LOOP('',(#5351,#5352,#5353,#5354));
#5351 = ORIENTED_EDGE('',*,*,#4386,.F.);
#5352 = ORIENTED_EDGE('',*,*,#5321,.T.);
#5353 = ORIENTED_EDGE('',*,*,#3801,.T.);
#5354 = ORIENTED_EDGE('',*,*,#5355,.F.);
#5355 = EDGE_CURVE('',#4379,#3794,#5356,.T.);
#5356 = LINE('',#5357,#5358);
#5357 = CARTESIAN_POINT('',(-0.3302,2.1844,20.411651067219));
#5358 = VECTOR('',#5359,1.);
#5359 = DIRECTION('',(0.,0.,-1.));
#5360 = PLANE('',#5361);
#5361 = AXIS2_PLACEMENT_3D('',#5362,#5363,#5364);
#5362 = CARTESIAN_POINT('',(1.8542,2.1844,20.411651067219));
#5363 = DIRECTION('',(0.,1.,0.));
#5364 = DIRECTION('',(-1.,0.,0.));
#5365 = ADVANCED_FACE('',(#5366),#5372,.F.);
#5366 = FACE_BOUND('',#5367,.F.);
#5367 = EDGE_LOOP('',(#5368,#5369,#5370,#5371));
#5368 = ORIENTED_EDGE('',*,*,#4378,.F.);
#5369 = ORIENTED_EDGE('',*,*,#5355,.T.);
#5370 = ORIENTED_EDGE('',*,*,#3793,.T.);
#5371 = ORIENTED_EDGE('',*,*,#5336,.F.);
#5372 = PLANE('',#5373);
#5373 = AXIS2_PLACEMENT_3D('',#5374,#5375,#5376);
#5374 = CARTESIAN_POINT('',(-0.3302,2.1844,20.411651067219));
#5375 = DIRECTION('',(-1.,0.,0.));
#5376 = DIRECTION('',(0.,-1.,0.));
#5377 = ADVANCED_FACE('',(#5378),#5394,.F.);
#5378 = FACE_BOUND('',#5379,.F.);
#5379 = EDGE_LOOP('',(#5380,#5381,#5387,#5388));
#5380 = ORIENTED_EDGE('',*,*,#4394,.F.);
#5381 = ORIENTED_EDGE('',*,*,#5382,.T.);
#5382 = EDGE_CURVE('',#4395,#3810,#5383,.T.);
#5383 = LINE('',#5384,#5385);
#5384 = CARTESIAN_POINT('',(4.3942,1.6764,20.411651067219));
#5385 = VECTOR('',#5386,1.);
#5386 = DIRECTION('',(0.,0.,-1.));
#5387 = ORIENTED_EDGE('',*,*,#3809,.T.);
#5388 = ORIENTED_EDGE('',*,*,#5389,.F.);
#5389 = EDGE_CURVE('',#4397,#3812,#5390,.T.);
#5390 = LINE('',#5391,#5392);
#5391 = CARTESIAN_POINT('',(4.3942,2.1844,20.411651067219));
#5392 = VECTOR('',#5393,1.);
#5393 = DIRECTION('',(0.,0.,-1.));
#5394 = PLANE('',#5395);
#5395 = AXIS2_PLACEMENT_3D('',#5396,#5397,#5398);
#5396 = CARTESIAN_POINT('',(4.3942,1.6764,20.411651067219));
#5397 = DIRECTION('',(1.,0.,0.));
#5398 = DIRECTION('',(0.,1.,0.));
#5399 = ADVANCED_FACE('',(#5400),#5411,.F.);
#5400 = FACE_BOUND('',#5401,.F.);
#5401 = EDGE_LOOP('',(#5402,#5403,#5409,#5410));
#5402 = ORIENTED_EDGE('',*,*,#4404,.F.);
#5403 = ORIENTED_EDGE('',*,*,#5404,.T.);
#5404 = EDGE_CURVE('',#4405,#3820,#5405,.T.);
#5405 = LINE('',#5406,#5407);
#5406 = CARTESIAN_POINT('',(2.2098,1.6764,20.411651067219));
#5407 = VECTOR('',#5408,1.);
#5408 = DIRECTION('',(0.,0.,-1.));
#5409 = ORIENTED_EDGE('',*,*,#3819,.T.);
#5410 = ORIENTED_EDGE('',*,*,#5382,.F.);
#5411 = PLANE('',#5412);
#5412 = AXIS2_PLACEMENT_3D('',#5413,#5414,#5415);
#5413 = CARTESIAN_POINT('',(2.2098,1.6764,20.411651067219));
#5414 = DIRECTION('',(0.,-1.,0.));
#5415 = DIRECTION('',(1.,0.,0.));
#5416 = ADVANCED_FACE('',(#5417),#5428,.F.);
#5417 = FACE_BOUND('',#5418,.F.);
#5418 = EDGE_LOOP('',(#5419,#5420,#5421,#5422));
#5419 = ORIENTED_EDGE('',*,*,#4420,.F.);
#5420 = ORIENTED_EDGE('',*,*,#5389,.T.);
#5421 = ORIENTED_EDGE('',*,*,#3835,.T.);
#5422 = ORIENTED_EDGE('',*,*,#5423,.F.);
#5423 = EDGE_CURVE('',#4413,#3828,#5424,.T.);
#5424 = LINE('',#5425,#5426);
#5425 = CARTESIAN_POINT('',(2.2098,2.1844,20.411651067219));
#5426 = VECTOR('',#5427,1.);
#5427 = DIRECTION('',(0.,0.,-1.));
#5428 = PLANE('',#5429);
#5429 = AXIS2_PLACEMENT_3D('',#5430,#5431,#5432);
#5430 = CARTESIAN_POINT('',(4.3942,2.1844,20.411651067219));
#5431 = DIRECTION('',(0.,1.,0.));
#5432 = DIRECTION('',(-1.,0.,0.));
#5433 = ADVANCED_FACE('',(#5434),#5440,.F.);
#5434 = FACE_BOUND('',#5435,.F.);
#5435 = EDGE_LOOP('',(#5436,#5437,#5438,#5439));
#5436 = ORIENTED_EDGE('',*,*,#4412,.F.);
#5437 = ORIENTED_EDGE('',*,*,#5423,.T.);
#5438 = ORIENTED_EDGE('',*,*,#3827,.T.);
#5439 = ORIENTED_EDGE('',*,*,#5404,.F.);
#5440 = PLANE('',#5441);
#5441 = AXIS2_PLACEMENT_3D('',#5442,#5443,#5444);
#5442 = CARTESIAN_POINT('',(2.2098,2.1844,20.411651067219));
#5443 = DIRECTION('',(-1.,0.,0.));
#5444 = DIRECTION('',(0.,-1.,0.));
#5445 = ADVANCED_FACE('',(#5446),#5462,.F.);
#5446 = FACE_BOUND('',#5447,.F.);
#5447 = EDGE_LOOP('',(#5448,#5449,#5455,#5456));
#5448 = ORIENTED_EDGE('',*,*,#4428,.F.);
#5449 = ORIENTED_EDGE('',*,*,#5450,.T.);
#5450 = EDGE_CURVE('',#4429,#3844,#5451,.T.);
#5451 = LINE('',#5452,#5453);
#5452 = CARTESIAN_POINT('',(6.9342,1.6764,20.411651067219));
#5453 = VECTOR('',#5454,1.);
#5454 = DIRECTION('',(0.,0.,-1.));
#5455 = ORIENTED_EDGE('',*,*,#3843,.T.);
#5456 = ORIENTED_EDGE('',*,*,#5457,.F.);
#5457 = EDGE_CURVE('',#4431,#3846,#5458,.T.);
#5458 = LINE('',#5459,#5460);
#5459 = CARTESIAN_POINT('',(6.9342,2.1844,20.411651067219));
#5460 = VECTOR('',#5461,1.);
#5461 = DIRECTION('',(0.,0.,-1.));
#5462 = PLANE('',#5463);
#5463 = AXIS2_PLACEMENT_3D('',#5464,#5465,#5466);
#5464 = CARTESIAN_POINT('',(6.9342,1.6764,20.411651067219));
#5465 = DIRECTION('',(1.,0.,0.));
#5466 = DIRECTION('',(0.,1.,0.));
#5467 = ADVANCED_FACE('',(#5468),#5479,.F.);
#5468 = FACE_BOUND('',#5469,.F.);
#5469 = EDGE_LOOP('',(#5470,#5471,#5477,#5478));
#5470 = ORIENTED_EDGE('',*,*,#4438,.F.);
#5471 = ORIENTED_EDGE('',*,*,#5472,.T.);
#5472 = EDGE_CURVE('',#4439,#3854,#5473,.T.);
#5473 = LINE('',#5474,#5475);
#5474 = CARTESIAN_POINT('',(4.7498,1.6764,20.411651067219));
#5475 = VECTOR('',#5476,1.);
#5476 = DIRECTION('',(0.,0.,-1.));
#5477 = ORIENTED_EDGE('',*,*,#3853,.T.);
#5478 = ORIENTED_EDGE('',*,*,#5450,.F.);
#5479 = PLANE('',#5480);
#5480 = AXIS2_PLACEMENT_3D('',#5481,#5482,#5483);
#5481 = CARTESIAN_POINT('',(4.7498,1.6764,20.411651067219));
#5482 = DIRECTION('',(0.,-1.,0.));
#5483 = DIRECTION('',(1.,0.,0.));
#5484 = ADVANCED_FACE('',(#5485),#5496,.F.);
#5485 = FACE_BOUND('',#5486,.F.);
#5486 = EDGE_LOOP('',(#5487,#5488,#5489,#5490));
#5487 = ORIENTED_EDGE('',*,*,#4454,.F.);
#5488 = ORIENTED_EDGE('',*,*,#5457,.T.);
#5489 = ORIENTED_EDGE('',*,*,#3869,.T.);
#5490 = ORIENTED_EDGE('',*,*,#5491,.F.);
#5491 = EDGE_CURVE('',#4447,#3862,#5492,.T.);
#5492 = LINE('',#5493,#5494);
#5493 = CARTESIAN_POINT('',(4.7498,2.1844,20.411651067219));
#5494 = VECTOR('',#5495,1.);
#5495 = DIRECTION('',(0.,0.,-1.));
#5496 = PLANE('',#5497);
#5497 = AXIS2_PLACEMENT_3D('',#5498,#5499,#5500);
#5498 = CARTESIAN_POINT('',(6.9342,2.1844,20.411651067219));
#5499 = DIRECTION('',(0.,1.,0.));
#5500 = DIRECTION('',(-1.,0.,0.));
#5501 = ADVANCED_FACE('',(#5502),#5508,.F.);
#5502 = FACE_BOUND('',#5503,.F.);
#5503 = EDGE_LOOP('',(#5504,#5505,#5506,#5507));
#5504 = ORIENTED_EDGE('',*,*,#4446,.F.);
#5505 = ORIENTED_EDGE('',*,*,#5491,.T.);
#5506 = ORIENTED_EDGE('',*,*,#3861,.T.);
#5507 = ORIENTED_EDGE('',*,*,#5472,.F.);
#5508 = PLANE('',#5509);
#5509 = AXIS2_PLACEMENT_3D('',#5510,#5511,#5512);
#5510 = CARTESIAN_POINT('',(4.7498,2.1844,20.411651067219));
#5511 = DIRECTION('',(-1.,0.,0.));
#5512 = DIRECTION('',(0.,-1.,0.));
#5513 = ADVANCED_FACE('',(#5514),#5530,.F.);
#5514 = FACE_BOUND('',#5515,.F.);
#5515 = EDGE_LOOP('',(#5516,#5517,#5523,#5524));
#5516 = ORIENTED_EDGE('',*,*,#4462,.F.);
#5517 = ORIENTED_EDGE('',*,*,#5518,.T.);
#5518 = EDGE_CURVE('',#4463,#3878,#5519,.T.);
#5519 = LINE('',#5520,#5521);
#5520 = CARTESIAN_POINT('',(9.4742,1.6764,20.411651067219));
#5521 = VECTOR('',#5522,1.);
#5522 = DIRECTION('',(0.,0.,-1.));
#5523 = ORIENTED_EDGE('',*,*,#3877,.T.);
#5524 = ORIENTED_EDGE('',*,*,#5525,.F.);
#5525 = EDGE_CURVE('',#4465,#3880,#5526,.T.);
#5526 = LINE('',#5527,#5528);
#5527 = CARTESIAN_POINT('',(9.4742,2.1844,20.411651067219));
#5528 = VECTOR('',#5529,1.);
#5529 = DIRECTION('',(0.,0.,-1.));
#5530 = PLANE('',#5531);
#5531 = AXIS2_PLACEMENT_3D('',#5532,#5533,#5534);
#5532 = CARTESIAN_POINT('',(9.4742,1.6764,20.411651067219));
#5533 = DIRECTION('',(1.,0.,0.));
#5534 = DIRECTION('',(0.,1.,0.));
#5535 = ADVANCED_FACE('',(#5536),#5547,.F.);
#5536 = FACE_BOUND('',#5537,.F.);
#5537 = EDGE_LOOP('',(#5538,#5539,#5545,#5546));
#5538 = ORIENTED_EDGE('',*,*,#4472,.F.);
#5539 = ORIENTED_EDGE('',*,*,#5540,.T.);
#5540 = EDGE_CURVE('',#4473,#3888,#5541,.T.);
#5541 = LINE('',#5542,#5543);
#5542 = CARTESIAN_POINT('',(7.2898,1.6764,20.411651067219));
#5543 = VECTOR('',#5544,1.);
#5544 = DIRECTION('',(0.,0.,-1.));
#5545 = ORIENTED_EDGE('',*,*,#3887,.T.);
#5546 = ORIENTED_EDGE('',*,*,#5518,.F.);
#5547 = PLANE('',#5548);
#5548 = AXIS2_PLACEMENT_3D('',#5549,#5550,#5551);
#5549 = CARTESIAN_POINT('',(7.2898,1.6764,20.411651067219));
#5550 = DIRECTION('',(0.,-1.,0.));
#5551 = DIRECTION('',(1.,0.,0.));
#5552 = ADVANCED_FACE('',(#5553),#5564,.F.);
#5553 = FACE_BOUND('',#5554,.F.);
#5554 = EDGE_LOOP('',(#5555,#5556,#5557,#5558));
#5555 = ORIENTED_EDGE('',*,*,#4488,.F.);
#5556 = ORIENTED_EDGE('',*,*,#5525,.T.);
#5557 = ORIENTED_EDGE('',*,*,#3903,.T.);
#5558 = ORIENTED_EDGE('',*,*,#5559,.F.);
#5559 = EDGE_CURVE('',#4481,#3896,#5560,.T.);
#5560 = LINE('',#5561,#5562);
#5561 = CARTESIAN_POINT('',(7.2898,2.1844,20.411651067219));
#5562 = VECTOR('',#5563,1.);
#5563 = DIRECTION('',(0.,0.,-1.));
#5564 = PLANE('',#5565);
#5565 = AXIS2_PLACEMENT_3D('',#5566,#5567,#5568);
#5566 = CARTESIAN_POINT('',(9.4742,2.1844,20.411651067219));
#5567 = DIRECTION('',(0.,1.,0.));
#5568 = DIRECTION('',(-1.,0.,0.));
#5569 = ADVANCED_FACE('',(#5570),#5576,.F.);
#5570 = FACE_BOUND('',#5571,.F.);
#5571 = EDGE_LOOP('',(#5572,#5573,#5574,#5575));
#5572 = ORIENTED_EDGE('',*,*,#4480,.F.);
#5573 = ORIENTED_EDGE('',*,*,#5559,.T.);
#5574 = ORIENTED_EDGE('',*,*,#3895,.T.);
#5575 = ORIENTED_EDGE('',*,*,#5540,.F.);
#5576 = PLANE('',#5577);
#5577 = AXIS2_PLACEMENT_3D('',#5578,#5579,#5580);
#5578 = CARTESIAN_POINT('',(7.2898,2.1844,20.411651067219));
#5579 = DIRECTION('',(-1.,0.,0.));
#5580 = DIRECTION('',(0.,-1.,0.));
#5581 = ( GEOMETRIC_REPRESENTATION_CONTEXT(3) 
GLOBAL_UNCERTAINTY_ASSIGNED_CONTEXT((#5585)) 
GLOBAL_UNIT_ASSIGNED_CONTEXT((#5582,#5583,#5584)) REPRESENTATION_CONTEXT
('Context #1','3D Context with UNIT and UNCERTAINTY') );
#5582 = ( LENGTH_UNIT() NAMED_UNIT(*) SI_UNIT(.MILLI.,.METRE.) );
#5583 = ( NAMED_UNIT(*) PLANE_ANGLE_UNIT() SI_UNIT($,.RADIAN.) );
#5584 = ( NAMED_UNIT(*) SI_UNIT($,.STERADIAN.) SOLID_ANGLE_UNIT() );
#5585 = UNCERTAINTY_MEASURE_WITH_UNIT(LENGTH_MEASURE(1.E-05),#5582,
  'distance_accuracy_value','confusion accuracy');
#5586 = CONTEXT_DEPENDENT_SHAPE_REPRESENTATION(#5587,#5589);
#5587 = ( REPRESENTATION_RELATIONSHIP('','',#3319,#10) 
REPRESENTATION_RELATIONSHIP_WITH_TRANSFORMATION(#5588) 
SHAPE_REPRESENTATION_RELATIONSHIP() );
#5588 = ITEM_DEFINED_TRANSFORMATION('','',#11,#19);
#5589 = PRODUCT_DEFINITION_SHAPE('Placement','Placement of an item',
  #5590);
#5590 = NEXT_ASSEMBLY_USAGE_OCCURRENCE('9','IDSD-04-D-XX.XX_Plug_Cap',''
  ,#5,#3314,$);
#5591 = PRODUCT_RELATED_PRODUCT_CATEGORY('part',$,(#3316));
#5592 = SHAPE_DEFINITION_REPRESENTATION(#5593,#5599);
#5593 = PRODUCT_DEFINITION_SHAPE('','',#5594);
#5594 = PRODUCT_DEFINITION('design','',#5595,#5598);
#5595 = PRODUCT_DEFINITION_FORMATION('','',#5596);
#5596 = PRODUCT('IDSD-04-D-XX.XX_Cable','IDSD-04-D-XX.XX_Cable','',(
    #5597));
#5597 = PRODUCT_CONTEXT('',#2,'mechanical');
#5598 = PRODUCT_DEFINITION_CONTEXT('part definition',#2,'design');
#5599 = ADVANCED_BREP_SHAPE_REPRESENTATION('',(#11,#5600),#7510);
#5600 = MANIFOLD_SOLID_BREP('',#5601);
#5601 = CLOSED_SHELL('',(#5602,#5662,#5693,#5796,#5820,#5880,#5894,#5914
    ,#5934,#5975,#5999,#6033,#6050,#6070,#6090,#6099,#6108,#6190,#6199,
    #6208,#6228,#6248,#6289,#6313,#6347,#6364,#6373,#6382,#6464,#6484,
    #6504,#6545,#6569,#6603,#6620,#6629,#6638,#6720,#6740,#6760,#6801,
    #6825,#6859,#6876,#6885,#6894,#6976,#6996,#7016,#7057,#7081,#7115,
    #7132,#7141,#7150,#7232,#7252,#7272,#7313,#7337,#7371,#7388,#7397,
    #7406,#7452,#7472,#7492,#7501));
#5602 = ADVANCED_FACE('',(#5603),#5657,.F.);
#5603 = FACE_BOUND('',#5604,.F.);
#5604 = EDGE_LOOP('',(#5605,#5615,#5624,#5633,#5641,#5650));
#5605 = ORIENTED_EDGE('',*,*,#5606,.F.);
#5606 = EDGE_CURVE('',#5607,#5609,#5611,.T.);
#5607 = VERTEX_POINT('',#5608);
#5608 = CARTESIAN_POINT('',(-2.54,4.019029050286,9.2812));
#5609 = VERTEX_POINT('',#5610);
#5610 = CARTESIAN_POINT('',(-2.54,3.600970949714,9.2812));
#5611 = LINE('',#5612,#5613);
#5612 = CARTESIAN_POINT('',(-2.54,4.445,9.2812));
#5613 = VECTOR('',#5614,1.);
#5614 = DIRECTION('',(0.,-1.,0.));
#5615 = ORIENTED_EDGE('',*,*,#5616,.T.);
#5616 = EDGE_CURVE('',#5607,#5617,#5619,.T.);
#5617 = VERTEX_POINT('',#5618);
#5618 = CARTESIAN_POINT('',(-2.54,4.0005,9.4082));
#5619 = CIRCLE('',#5620,0.4445);
#5620 = AXIS2_PLACEMENT_3D('',#5621,#5622,#5623);
#5621 = CARTESIAN_POINT('',(-2.54,4.445,9.4082));
#5622 = DIRECTION('',(-1.,-1.1E-16,0.));
#5623 = DIRECTION('',(1.1E-16,-1.,1.1E-16));
#5624 = ORIENTED_EDGE('',*,*,#5625,.T.);
#5625 = EDGE_CURVE('',#5617,#5626,#5628,.T.);
#5626 = VERTEX_POINT('',#5627);
#5627 = CARTESIAN_POINT('',(-2.54,4.019029050286,9.5352));
#5628 = CIRCLE('',#5629,0.4445);
#5629 = AXIS2_PLACEMENT_3D('',#5630,#5631,#5632);
#5630 = CARTESIAN_POINT('',(-2.54,4.445,9.4082));
#5631 = DIRECTION('',(-1.,-1.1E-16,0.));
#5632 = DIRECTION('',(1.1E-16,-1.,1.1E-16));
#5633 = ORIENTED_EDGE('',*,*,#5634,.T.);
#5634 = EDGE_CURVE('',#5626,#5635,#5637,.T.);
#5635 = VERTEX_POINT('',#5636);
#5636 = CARTESIAN_POINT('',(-2.54,3.600970949714,9.5352));
#5637 = LINE('',#5638,#5639);
#5638 = CARTESIAN_POINT('',(-2.54,4.445,9.5352));
#5639 = VECTOR('',#5640,1.);
#5640 = DIRECTION('',(0.,-1.,0.));
#5641 = ORIENTED_EDGE('',*,*,#5642,.T.);
#5642 = EDGE_CURVE('',#5635,#5643,#5645,.T.);
#5643 = VERTEX_POINT('',#5644);
#5644 = CARTESIAN_POINT('',(-2.54,3.6195,9.4082));
#5645 = CIRCLE('',#5646,0.4445);
#5646 = AXIS2_PLACEMENT_3D('',#5647,#5648,#5649);
#5647 = CARTESIAN_POINT('',(-2.54,3.175,9.4082));
#5648 = DIRECTION('',(-1.,0.,0.));
#5649 = DIRECTION('',(0.,1.,0.));
#5650 = ORIENTED_EDGE('',*,*,#5651,.T.);
#5651 = EDGE_CURVE('',#5643,#5609,#5652,.T.);
#5652 = CIRCLE('',#5653,0.4445);
#5653 = AXIS2_PLACEMENT_3D('',#5654,#5655,#5656);
#5654 = CARTESIAN_POINT('',(-2.54,3.175,9.4082));
#5655 = DIRECTION('',(-1.,0.,0.));
#5656 = DIRECTION('',(0.,1.,0.));
#5657 = PLANE('',#5658);
#5658 = AXIS2_PLACEMENT_3D('',#5659,#5660,#5661);
#5659 = CARTESIAN_POINT('',(-2.54,4.445,9.2812));
#5660 = DIRECTION('',(1.,0.,0.));
#5661 = DIRECTION('',(0.,0.,1.));
#5662 = ADVANCED_FACE('',(#5663),#5688,.F.);
#5663 = FACE_BOUND('',#5664,.F.);
#5664 = EDGE_LOOP('',(#5665,#5675,#5681,#5682));
#5665 = ORIENTED_EDGE('',*,*,#5666,.F.);
#5666 = EDGE_CURVE('',#5667,#5669,#5671,.T.);
#5667 = VERTEX_POINT('',#5668);
#5668 = CARTESIAN_POINT('',(26.952,4.019029050286,9.2812));
#5669 = VERTEX_POINT('',#5670);
#5670 = CARTESIAN_POINT('',(26.952,3.600970949714,9.2812));
#5671 = LINE('',#5672,#5673);
#5672 = CARTESIAN_POINT('',(26.952,4.445,9.2812));
#5673 = VECTOR('',#5674,1.);
#5674 = DIRECTION('',(0.,-1.,0.));
#5675 = ORIENTED_EDGE('',*,*,#5676,.T.);
#5676 = EDGE_CURVE('',#5667,#5607,#5677,.T.);
#5677 = LINE('',#5678,#5679);
#5678 = CARTESIAN_POINT('',(-2.794,4.019029050286,9.2812));
#5679 = VECTOR('',#5680,1.);
#5680 = DIRECTION('',(-1.,-1.1E-16,0.));
#5681 = ORIENTED_EDGE('',*,*,#5606,.T.);
#5682 = ORIENTED_EDGE('',*,*,#5683,.F.);
#5683 = EDGE_CURVE('',#5669,#5609,#5684,.T.);
#5684 = LINE('',#5685,#5686);
#5685 = CARTESIAN_POINT('',(-2.794,3.600970949714,9.2812));
#5686 = VECTOR('',#5687,1.);
#5687 = DIRECTION('',(-1.,-0.,-0.));
#5688 = PLANE('',#5689);
#5689 = AXIS2_PLACEMENT_3D('',#5690,#5691,#5692);
#5690 = CARTESIAN_POINT('',(-2.54,4.445,9.2812));
#5691 = DIRECTION('',(0.,0.,1.));
#5692 = DIRECTION('',(0.,-1.,0.));
#5693 = ADVANCED_FACE('',(#5694,#5755),#5791,.T.);
#5694 = FACE_BOUND('',#5695,.F.);
#5695 = EDGE_LOOP('',(#5696,#5705,#5711,#5712,#5720,#5729,#5737,#5744,
    #5745,#5752,#5753,#5754));
#5696 = ORIENTED_EDGE('',*,*,#5697,.F.);
#5697 = EDGE_CURVE('',#5698,#5698,#5700,.T.);
#5698 = VERTEX_POINT('',#5699);
#5699 = CARTESIAN_POINT('',(-2.794,3.6195,9.4082));
#5700 = CIRCLE('',#5701,0.4445);
#5701 = AXIS2_PLACEMENT_3D('',#5702,#5703,#5704);
#5702 = CARTESIAN_POINT('',(-2.794,3.175,9.4082));
#5703 = DIRECTION('',(1.,0.,0.));
#5704 = DIRECTION('',(0.,1.,0.));
#5705 = ORIENTED_EDGE('',*,*,#5706,.T.);
#5706 = EDGE_CURVE('',#5698,#5643,#5707,.T.);
#5707 = LINE('',#5708,#5709);
#5708 = CARTESIAN_POINT('',(-2.794,3.6195,9.4082));
#5709 = VECTOR('',#5710,1.);
#5710 = DIRECTION('',(1.,0.,0.));
#5711 = ORIENTED_EDGE('',*,*,#5642,.F.);
#5712 = ORIENTED_EDGE('',*,*,#5713,.F.);
#5713 = EDGE_CURVE('',#5714,#5635,#5716,.T.);
#5714 = VERTEX_POINT('',#5715);
#5715 = CARTESIAN_POINT('',(26.952,3.600970949714,9.5352));
#5716 = LINE('',#5717,#5718);
#5717 = CARTESIAN_POINT('',(-2.794,3.600970949714,9.5352));
#5718 = VECTOR('',#5719,1.);
#5719 = DIRECTION('',(-1.,-0.,-0.));
#5720 = ORIENTED_EDGE('',*,*,#5721,.T.);
#5721 = EDGE_CURVE('',#5714,#5722,#5724,.T.);
#5722 = VERTEX_POINT('',#5723);
#5723 = CARTESIAN_POINT('',(26.952,3.6195,9.4082));
#5724 = CIRCLE('',#5725,0.4445);
#5725 = AXIS2_PLACEMENT_3D('',#5726,#5727,#5728);
#5726 = CARTESIAN_POINT('',(26.952,3.175,9.4082));
#5727 = DIRECTION('',(-1.,0.,0.));
#5728 = DIRECTION('',(0.,1.,0.));
#5729 = ORIENTED_EDGE('',*,*,#5730,.T.);
#5730 = EDGE_CURVE('',#5722,#5731,#5733,.T.);
#5731 = VERTEX_POINT('',#5732);
#5732 = CARTESIAN_POINT('',(27.206,3.6195,9.4082));
#5733 = LINE('',#5734,#5735);
#5734 = CARTESIAN_POINT('',(-2.794,3.6195,9.4082));
#5735 = VECTOR('',#5736,1.);
#5736 = DIRECTION('',(1.,0.,0.));
#5737 = ORIENTED_EDGE('',*,*,#5738,.T.);
#5738 = EDGE_CURVE('',#5731,#5731,#5739,.T.);
#5739 = CIRCLE('',#5740,0.4445);
#5740 = AXIS2_PLACEMENT_3D('',#5741,#5742,#5743);
#5741 = CARTESIAN_POINT('',(27.206,3.175,9.4082));
#5742 = DIRECTION('',(1.,0.,0.));
#5743 = DIRECTION('',(0.,1.,0.));
#5744 = ORIENTED_EDGE('',*,*,#5730,.F.);
#5745 = ORIENTED_EDGE('',*,*,#5746,.T.);
#5746 = EDGE_CURVE('',#5722,#5669,#5747,.T.);
#5747 = CIRCLE('',#5748,0.4445);
#5748 = AXIS2_PLACEMENT_3D('',#5749,#5750,#5751);
#5749 = CARTESIAN_POINT('',(26.952,3.175,9.4082));
#5750 = DIRECTION('',(-1.,0.,0.));
#5751 = DIRECTION('',(0.,1.,0.));
#5752 = ORIENTED_EDGE('',*,*,#5683,.T.);
#5753 = ORIENTED_EDGE('',*,*,#5651,.F.);
#5754 = ORIENTED_EDGE('',*,*,#5706,.F.);
#5755 = FACE_BOUND('',#5756,.F.);
#5756 = EDGE_LOOP('',(#5757,#5768,#5776,#5785));
#5757 = ORIENTED_EDGE('',*,*,#5758,.F.);
#5758 = EDGE_CURVE('',#5759,#5761,#5763,.T.);
#5759 = VERTEX_POINT('',#5760);
#5760 = CARTESIAN_POINT('',(-2.54,2.749029050286,9.2812));
#5761 = VERTEX_POINT('',#5762);
#5762 = CARTESIAN_POINT('',(-2.54,2.749029050286,9.5352));
#5763 = CIRCLE('',#5764,0.4445);
#5764 = AXIS2_PLACEMENT_3D('',#5765,#5766,#5767);
#5765 = CARTESIAN_POINT('',(-2.54,3.175,9.4082));
#5766 = DIRECTION('',(-1.,0.,0.));
#5767 = DIRECTION('',(0.,1.,0.));
#5768 = ORIENTED_EDGE('',*,*,#5769,.F.);
#5769 = EDGE_CURVE('',#5770,#5759,#5772,.T.);
#5770 = VERTEX_POINT('',#5771);
#5771 = CARTESIAN_POINT('',(26.952,2.749029050286,9.2812));
#5772 = LINE('',#5773,#5774);
#5773 = CARTESIAN_POINT('',(-2.794,2.749029050286,9.2812));
#5774 = VECTOR('',#5775,1.);
#5775 = DIRECTION('',(-1.,-0.,-0.));
#5776 = ORIENTED_EDGE('',*,*,#5777,.T.);
#5777 = EDGE_CURVE('',#5770,#5778,#5780,.T.);
#5778 = VERTEX_POINT('',#5779);
#5779 = CARTESIAN_POINT('',(26.952,2.749029050286,9.5352));
#5780 = CIRCLE('',#5781,0.4445);
#5781 = AXIS2_PLACEMENT_3D('',#5782,#5783,#5784);
#5782 = CARTESIAN_POINT('',(26.952,3.175,9.4082));
#5783 = DIRECTION('',(-1.,0.,0.));
#5784 = DIRECTION('',(0.,1.,0.));
#5785 = ORIENTED_EDGE('',*,*,#5786,.T.);
#5786 = EDGE_CURVE('',#5778,#5761,#5787,.T.);
#5787 = LINE('',#5788,#5789);
#5788 = CARTESIAN_POINT('',(-2.794,2.749029050286,9.5352));
#5789 = VECTOR('',#5790,1.);
#5790 = DIRECTION('',(-1.,-0.,-0.));
#5791 = CYLINDRICAL_SURFACE('',#5792,0.4445);
#5792 = AXIS2_PLACEMENT_3D('',#5793,#5794,#5795);
#5793 = CARTESIAN_POINT('',(-2.794,3.175,9.4082));
#5794 = DIRECTION('',(-1.,-0.,-0.));
#5795 = DIRECTION('',(0.,1.,0.));
#5796 = ADVANCED_FACE('',(#5797),#5815,.T.);
#5797 = FACE_BOUND('',#5798,.T.);
#5798 = EDGE_LOOP('',(#5799,#5807,#5813,#5814));
#5799 = ORIENTED_EDGE('',*,*,#5800,.F.);
#5800 = EDGE_CURVE('',#5801,#5714,#5803,.T.);
#5801 = VERTEX_POINT('',#5802);
#5802 = CARTESIAN_POINT('',(26.952,4.019029050286,9.5352));
#5803 = LINE('',#5804,#5805);
#5804 = CARTESIAN_POINT('',(26.952,4.445,9.5352));
#5805 = VECTOR('',#5806,1.);
#5806 = DIRECTION('',(0.,-1.,0.));
#5807 = ORIENTED_EDGE('',*,*,#5808,.T.);
#5808 = EDGE_CURVE('',#5801,#5626,#5809,.T.);
#5809 = LINE('',#5810,#5811);
#5810 = CARTESIAN_POINT('',(-2.794,4.019029050286,9.5352));
#5811 = VECTOR('',#5812,1.);
#5812 = DIRECTION('',(-1.,-1.1E-16,0.));
#5813 = ORIENTED_EDGE('',*,*,#5634,.T.);
#5814 = ORIENTED_EDGE('',*,*,#5713,.F.);
#5815 = PLANE('',#5816);
#5816 = AXIS2_PLACEMENT_3D('',#5817,#5818,#5819);
#5817 = CARTESIAN_POINT('',(-2.54,4.445,9.5352));
#5818 = DIRECTION('',(0.,0.,1.));
#5819 = DIRECTION('',(0.,-1.,0.));
#5820 = ADVANCED_FACE('',(#5821),#5875,.T.);
#5821 = FACE_BOUND('',#5822,.F.);
#5822 = EDGE_LOOP('',(#5823,#5832,#5838,#5839,#5840,#5849,#5857,#5864,
    #5865,#5872,#5873,#5874));
#5823 = ORIENTED_EDGE('',*,*,#5824,.F.);
#5824 = EDGE_CURVE('',#5825,#5825,#5827,.T.);
#5825 = VERTEX_POINT('',#5826);
#5826 = CARTESIAN_POINT('',(-2.794,4.0005,9.4082));
#5827 = CIRCLE('',#5828,0.4445);
#5828 = AXIS2_PLACEMENT_3D('',#5829,#5830,#5831);
#5829 = CARTESIAN_POINT('',(-2.794,4.445,9.4082));
#5830 = DIRECTION('',(1.,0.,0.));
#5831 = DIRECTION('',(0.,-1.,0.));
#5832 = ORIENTED_EDGE('',*,*,#5833,.T.);
#5833 = EDGE_CURVE('',#5825,#5617,#5834,.T.);
#5834 = LINE('',#5835,#5836);
#5835 = CARTESIAN_POINT('',(-2.794,4.0005,9.4082));
#5836 = VECTOR('',#5837,1.);
#5837 = DIRECTION('',(1.,0.,0.));
#5838 = ORIENTED_EDGE('',*,*,#5616,.F.);
#5839 = ORIENTED_EDGE('',*,*,#5676,.F.);
#5840 = ORIENTED_EDGE('',*,*,#5841,.T.);
#5841 = EDGE_CURVE('',#5667,#5842,#5844,.T.);
#5842 = VERTEX_POINT('',#5843);
#5843 = CARTESIAN_POINT('',(26.952,4.0005,9.4082));
#5844 = CIRCLE('',#5845,0.4445);
#5845 = AXIS2_PLACEMENT_3D('',#5846,#5847,#5848);
#5846 = CARTESIAN_POINT('',(26.952,4.445,9.4082));
#5847 = DIRECTION('',(-1.,-1.1E-16,0.));
#5848 = DIRECTION('',(1.1E-16,-1.,1.1E-16));
#5849 = ORIENTED_EDGE('',*,*,#5850,.T.);
#5850 = EDGE_CURVE('',#5842,#5851,#5853,.T.);
#5851 = VERTEX_POINT('',#5852);
#5852 = CARTESIAN_POINT('',(27.206,4.0005,9.4082));
#5853 = LINE('',#5854,#5855);
#5854 = CARTESIAN_POINT('',(-2.794,4.0005,9.4082));
#5855 = VECTOR('',#5856,1.);
#5856 = DIRECTION('',(1.,0.,0.));
#5857 = ORIENTED_EDGE('',*,*,#5858,.T.);
#5858 = EDGE_CURVE('',#5851,#5851,#5859,.T.);
#5859 = CIRCLE('',#5860,0.4445);
#5860 = AXIS2_PLACEMENT_3D('',#5861,#5862,#5863);
#5861 = CARTESIAN_POINT('',(27.206,4.445,9.4082));
#5862 = DIRECTION('',(1.,0.,0.));
#5863 = DIRECTION('',(0.,-1.,0.));
#5864 = ORIENTED_EDGE('',*,*,#5850,.F.);
#5865 = ORIENTED_EDGE('',*,*,#5866,.T.);
#5866 = EDGE_CURVE('',#5842,#5801,#5867,.T.);
#5867 = CIRCLE('',#5868,0.4445);
#5868 = AXIS2_PLACEMENT_3D('',#5869,#5870,#5871);
#5869 = CARTESIAN_POINT('',(26.952,4.445,9.4082));
#5870 = DIRECTION('',(-1.,-1.1E-16,0.));
#5871 = DIRECTION('',(1.1E-16,-1.,1.1E-16));
#5872 = ORIENTED_EDGE('',*,*,#5808,.T.);
#5873 = ORIENTED_EDGE('',*,*,#5625,.F.);
#5874 = ORIENTED_EDGE('',*,*,#5833,.F.);
#5875 = CYLINDRICAL_SURFACE('',#5876,0.4445);
#5876 = AXIS2_PLACEMENT_3D('',#5877,#5878,#5879);
#5877 = CARTESIAN_POINT('',(-2.794,4.445,9.4082));
#5878 = DIRECTION('',(-1.,0.,0.));
#5879 = DIRECTION('',(0.,-1.,0.));
#5880 = ADVANCED_FACE('',(#5881),#5889,.T.);
#5881 = FACE_BOUND('',#5882,.T.);
#5882 = EDGE_LOOP('',(#5883,#5884,#5885,#5886,#5887,#5888));
#5883 = ORIENTED_EDGE('',*,*,#5666,.F.);
#5884 = ORIENTED_EDGE('',*,*,#5841,.T.);
#5885 = ORIENTED_EDGE('',*,*,#5866,.T.);
#5886 = ORIENTED_EDGE('',*,*,#5800,.T.);
#5887 = ORIENTED_EDGE('',*,*,#5721,.T.);
#5888 = ORIENTED_EDGE('',*,*,#5746,.T.);
#5889 = PLANE('',#5890);
#5890 = AXIS2_PLACEMENT_3D('',#5891,#5892,#5893);
#5891 = CARTESIAN_POINT('',(26.952,4.445,9.2812));
#5892 = DIRECTION('',(1.,0.,0.));
#5893 = DIRECTION('',(0.,0.,1.));
#5894 = ADVANCED_FACE('',(#5895,#5898),#5909,.F.);
#5895 = FACE_BOUND('',#5896,.F.);
#5896 = EDGE_LOOP('',(#5897));
#5897 = ORIENTED_EDGE('',*,*,#5697,.T.);
#5898 = FACE_BOUND('',#5899,.F.);
#5899 = EDGE_LOOP('',(#5900));
#5900 = ORIENTED_EDGE('',*,*,#5901,.F.);
#5901 = EDGE_CURVE('',#5902,#5902,#5904,.T.);
#5902 = VERTEX_POINT('',#5903);
#5903 = CARTESIAN_POINT('',(-2.794,3.175,9.2476593));
#5904 = CIRCLE('',#5905,0.1605407);
#5905 = AXIS2_PLACEMENT_3D('',#5906,#5907,#5908);
#5906 = CARTESIAN_POINT('',(-2.794,3.175,9.4082));
#5907 = DIRECTION('',(1.,-0.,0.));
#5908 = DIRECTION('',(0.,0.,-1.));
#5909 = PLANE('',#5910);
#5910 = AXIS2_PLACEMENT_3D('',#5911,#5912,#5913);
#5911 = CARTESIAN_POINT('',(-2.794,3.175,9.4082));
#5912 = DIRECTION('',(1.,0.,0.));
#5913 = DIRECTION('',(0.,1.,0.));
#5914 = ADVANCED_FACE('',(#5915,#5918),#5929,.T.);
#5915 = FACE_BOUND('',#5916,.T.);
#5916 = EDGE_LOOP('',(#5917));
#5917 = ORIENTED_EDGE('',*,*,#5738,.T.);
#5918 = FACE_BOUND('',#5919,.T.);
#5919 = EDGE_LOOP('',(#5920));
#5920 = ORIENTED_EDGE('',*,*,#5921,.F.);
#5921 = EDGE_CURVE('',#5922,#5922,#5924,.T.);
#5922 = VERTEX_POINT('',#5923);
#5923 = CARTESIAN_POINT('',(27.206,3.175,9.2476593));
#5924 = CIRCLE('',#5925,0.1605407);
#5925 = AXIS2_PLACEMENT_3D('',#5926,#5927,#5928);
#5926 = CARTESIAN_POINT('',(27.206,3.175,9.4082));
#5927 = DIRECTION('',(1.,-0.,0.));
#5928 = DIRECTION('',(0.,0.,-1.));
#5929 = PLANE('',#5930);
#5930 = AXIS2_PLACEMENT_3D('',#5931,#5932,#5933);
#5931 = CARTESIAN_POINT('',(27.206,3.175,9.4082));
#5932 = DIRECTION('',(1.,0.,0.));
#5933 = DIRECTION('',(0.,1.,0.));
#5934 = ADVANCED_FACE('',(#5935),#5970,.F.);
#5935 = FACE_BOUND('',#5936,.F.);
#5936 = EDGE_LOOP('',(#5937,#5945,#5946,#5954,#5963));
#5937 = ORIENTED_EDGE('',*,*,#5938,.F.);
#5938 = EDGE_CURVE('',#5759,#5939,#5941,.T.);
#5939 = VERTEX_POINT('',#5940);
#5940 = CARTESIAN_POINT('',(-2.54,2.330970949714,9.2812));
#5941 = LINE('',#5942,#5943);
#5942 = CARTESIAN_POINT('',(-2.54,4.445,9.2812));
#5943 = VECTOR('',#5944,1.);
#5944 = DIRECTION('',(0.,-1.,0.));
#5945 = ORIENTED_EDGE('',*,*,#5758,.T.);
#5946 = ORIENTED_EDGE('',*,*,#5947,.T.);
#5947 = EDGE_CURVE('',#5761,#5948,#5950,.T.);
#5948 = VERTEX_POINT('',#5949);
#5949 = CARTESIAN_POINT('',(-2.54,2.330970949714,9.5352));
#5950 = LINE('',#5951,#5952);
#5951 = CARTESIAN_POINT('',(-2.54,4.445,9.5352));
#5952 = VECTOR('',#5953,1.);
#5953 = DIRECTION('',(0.,-1.,0.));
#5954 = ORIENTED_EDGE('',*,*,#5955,.T.);
#5955 = EDGE_CURVE('',#5948,#5956,#5958,.T.);
#5956 = VERTEX_POINT('',#5957);
#5957 = CARTESIAN_POINT('',(-2.54,2.3495,9.4082));
#5958 = CIRCLE('',#5959,0.4445);
#5959 = AXIS2_PLACEMENT_3D('',#5960,#5961,#5962);
#5960 = CARTESIAN_POINT('',(-2.54,1.905,9.4082));
#5961 = DIRECTION('',(-1.,0.,0.));
#5962 = DIRECTION('',(0.,1.,0.));
#5963 = ORIENTED_EDGE('',*,*,#5964,.T.);
#5964 = EDGE_CURVE('',#5956,#5939,#5965,.T.);
#5965 = CIRCLE('',#5966,0.4445);
#5966 = AXIS2_PLACEMENT_3D('',#5967,#5968,#5969);
#5967 = CARTESIAN_POINT('',(-2.54,1.905,9.4082));
#5968 = DIRECTION('',(-1.,0.,0.));
#5969 = DIRECTION('',(0.,1.,0.));
#5970 = PLANE('',#5971);
#5971 = AXIS2_PLACEMENT_3D('',#5972,#5973,#5974);
#5972 = CARTESIAN_POINT('',(-2.54,4.445,9.2812));
#5973 = DIRECTION('',(1.,0.,0.));
#5974 = DIRECTION('',(0.,0.,1.));
#5975 = ADVANCED_FACE('',(#5976),#5994,.T.);
#5976 = FACE_BOUND('',#5977,.T.);
#5977 = EDGE_LOOP('',(#5978,#5986,#5987,#5988));
#5978 = ORIENTED_EDGE('',*,*,#5979,.F.);
#5979 = EDGE_CURVE('',#5778,#5980,#5982,.T.);
#5980 = VERTEX_POINT('',#5981);
#5981 = CARTESIAN_POINT('',(26.952,2.330970949714,9.5352));
#5982 = LINE('',#5983,#5984);
#5983 = CARTESIAN_POINT('',(26.952,4.445,9.5352));
#5984 = VECTOR('',#5985,1.);
#5985 = DIRECTION('',(0.,-1.,0.));
#5986 = ORIENTED_EDGE('',*,*,#5786,.T.);
#5987 = ORIENTED_EDGE('',*,*,#5947,.T.);
#5988 = ORIENTED_EDGE('',*,*,#5989,.F.);
#5989 = EDGE_CURVE('',#5980,#5948,#5990,.T.);
#5990 = LINE('',#5991,#5992);
#5991 = CARTESIAN_POINT('',(-2.794,2.330970949714,9.5352));
#5992 = VECTOR('',#5993,1.);
#5993 = DIRECTION('',(-1.,-0.,-0.));
#5994 = PLANE('',#5995);
#5995 = AXIS2_PLACEMENT_3D('',#5996,#5997,#5998);
#5996 = CARTESIAN_POINT('',(-2.54,4.445,9.5352));
#5997 = DIRECTION('',(0.,0.,1.));
#5998 = DIRECTION('',(0.,-1.,0.));
#5999 = ADVANCED_FACE('',(#6000),#6028,.T.);
#6000 = FACE_BOUND('',#6001,.T.);
#6001 = EDGE_LOOP('',(#6002,#6010,#6011,#6012,#6021));
#6002 = ORIENTED_EDGE('',*,*,#6003,.F.);
#6003 = EDGE_CURVE('',#5770,#6004,#6006,.T.);
#6004 = VERTEX_POINT('',#6005);
#6005 = CARTESIAN_POINT('',(26.952,2.330970949714,9.2812));
#6006 = LINE('',#6007,#6008);
#6007 = CARTESIAN_POINT('',(26.952,4.445,9.2812));
#6008 = VECTOR('',#6009,1.);
#6009 = DIRECTION('',(0.,-1.,0.));
#6010 = ORIENTED_EDGE('',*,*,#5777,.T.);
#6011 = ORIENTED_EDGE('',*,*,#5979,.T.);
#6012 = ORIENTED_EDGE('',*,*,#6013,.T.);
#6013 = EDGE_CURVE('',#5980,#6014,#6016,.T.);
#6014 = VERTEX_POINT('',#6015);
#6015 = CARTESIAN_POINT('',(26.952,2.3495,9.4082));
#6016 = CIRCLE('',#6017,0.4445);
#6017 = AXIS2_PLACEMENT_3D('',#6018,#6019,#6020);
#6018 = CARTESIAN_POINT('',(26.952,1.905,9.4082));
#6019 = DIRECTION('',(-1.,0.,0.));
#6020 = DIRECTION('',(0.,1.,0.));
#6021 = ORIENTED_EDGE('',*,*,#6022,.T.);
#6022 = EDGE_CURVE('',#6014,#6004,#6023,.T.);
#6023 = CIRCLE('',#6024,0.4445);
#6024 = AXIS2_PLACEMENT_3D('',#6025,#6026,#6027);
#6025 = CARTESIAN_POINT('',(26.952,1.905,9.4082));
#6026 = DIRECTION('',(-1.,0.,0.));
#6027 = DIRECTION('',(0.,1.,0.));
#6028 = PLANE('',#6029);
#6029 = AXIS2_PLACEMENT_3D('',#6030,#6031,#6032);
#6030 = CARTESIAN_POINT('',(26.952,4.445,9.2812));
#6031 = DIRECTION('',(1.,0.,0.));
#6032 = DIRECTION('',(0.,0.,1.));
#6033 = ADVANCED_FACE('',(#6034),#6045,.F.);
#6034 = FACE_BOUND('',#6035,.F.);
#6035 = EDGE_LOOP('',(#6036,#6037,#6038,#6039));
#6036 = ORIENTED_EDGE('',*,*,#6003,.F.);
#6037 = ORIENTED_EDGE('',*,*,#5769,.T.);
#6038 = ORIENTED_EDGE('',*,*,#5938,.T.);
#6039 = ORIENTED_EDGE('',*,*,#6040,.F.);
#6040 = EDGE_CURVE('',#6004,#5939,#6041,.T.);
#6041 = LINE('',#6042,#6043);
#6042 = CARTESIAN_POINT('',(-2.794,2.330970949714,9.2812));
#6043 = VECTOR('',#6044,1.);
#6044 = DIRECTION('',(-1.,-0.,-0.));
#6045 = PLANE('',#6046);
#6046 = AXIS2_PLACEMENT_3D('',#6047,#6048,#6049);
#6047 = CARTESIAN_POINT('',(-2.54,4.445,9.2812));
#6048 = DIRECTION('',(0.,0.,1.));
#6049 = DIRECTION('',(0.,-1.,0.));
#6050 = ADVANCED_FACE('',(#6051,#6054),#6065,.F.);
#6051 = FACE_BOUND('',#6052,.F.);
#6052 = EDGE_LOOP('',(#6053));
#6053 = ORIENTED_EDGE('',*,*,#5824,.T.);
#6054 = FACE_BOUND('',#6055,.F.);
#6055 = EDGE_LOOP('',(#6056));
#6056 = ORIENTED_EDGE('',*,*,#6057,.F.);
#6057 = EDGE_CURVE('',#6058,#6058,#6060,.T.);
#6058 = VERTEX_POINT('',#6059);
#6059 = CARTESIAN_POINT('',(-2.794,4.445,9.2476593));
#6060 = CIRCLE('',#6061,0.1605407);
#6061 = AXIS2_PLACEMENT_3D('',#6062,#6063,#6064);
#6062 = CARTESIAN_POINT('',(-2.794,4.445,9.4082));
#6063 = DIRECTION('',(1.,-0.,0.));
#6064 = DIRECTION('',(0.,0.,-1.));
#6065 = PLANE('',#6066);
#6066 = AXIS2_PLACEMENT_3D('',#6067,#6068,#6069);
#6067 = CARTESIAN_POINT('',(-2.794,4.445,9.4082));
#6068 = DIRECTION('',(1.,0.,0.));
#6069 = DIRECTION('',(0.,-1.,0.));
#6070 = ADVANCED_FACE('',(#6071,#6074),#6085,.T.);
#6071 = FACE_BOUND('',#6072,.T.);
#6072 = EDGE_LOOP('',(#6073));
#6073 = ORIENTED_EDGE('',*,*,#5858,.T.);
#6074 = FACE_BOUND('',#6075,.T.);
#6075 = EDGE_LOOP('',(#6076));
#6076 = ORIENTED_EDGE('',*,*,#6077,.F.);
#6077 = EDGE_CURVE('',#6078,#6078,#6080,.T.);
#6078 = VERTEX_POINT('',#6079);
#6079 = CARTESIAN_POINT('',(27.206,4.445,9.2476593));
#6080 = CIRCLE('',#6081,0.1605407);
#6081 = AXIS2_PLACEMENT_3D('',#6082,#6083,#6084);
#6082 = CARTESIAN_POINT('',(27.206,4.445,9.4082));
#6083 = DIRECTION('',(1.,-0.,0.));
#6084 = DIRECTION('',(0.,0.,-1.));
#6085 = PLANE('',#6086);
#6086 = AXIS2_PLACEMENT_3D('',#6087,#6088,#6089);
#6087 = CARTESIAN_POINT('',(27.206,4.445,9.4082));
#6088 = DIRECTION('',(1.,0.,0.));
#6089 = DIRECTION('',(0.,-1.,0.));
#6090 = ADVANCED_FACE('',(#6091),#6094,.F.);
#6091 = FACE_BOUND('',#6092,.F.);
#6092 = EDGE_LOOP('',(#6093));
#6093 = ORIENTED_EDGE('',*,*,#5901,.T.);
#6094 = PLANE('',#6095);
#6095 = AXIS2_PLACEMENT_3D('',#6096,#6097,#6098);
#6096 = CARTESIAN_POINT('',(-2.794,3.175,9.4082));
#6097 = DIRECTION('',(1.,0.,0.));
#6098 = DIRECTION('',(0.,1.,0.));
#6099 = ADVANCED_FACE('',(#6100),#6103,.T.);
#6100 = FACE_BOUND('',#6101,.T.);
#6101 = EDGE_LOOP('',(#6102));
#6102 = ORIENTED_EDGE('',*,*,#5921,.T.);
#6103 = PLANE('',#6104);
#6104 = AXIS2_PLACEMENT_3D('',#6105,#6106,#6107);
#6105 = CARTESIAN_POINT('',(27.206,3.175,9.4082));
#6106 = DIRECTION('',(1.,0.,0.));
#6107 = DIRECTION('',(0.,1.,0.));
#6108 = ADVANCED_FACE('',(#6109,#6149),#6185,.T.);
#6109 = FACE_BOUND('',#6110,.F.);
#6110 = EDGE_LOOP('',(#6111,#6120,#6126,#6127,#6128,#6129,#6137,#6144,
    #6145,#6146,#6147,#6148));
#6111 = ORIENTED_EDGE('',*,*,#6112,.F.);
#6112 = EDGE_CURVE('',#6113,#6113,#6115,.T.);
#6113 = VERTEX_POINT('',#6114);
#6114 = CARTESIAN_POINT('',(-2.794,2.3495,9.4082));
#6115 = CIRCLE('',#6116,0.4445);
#6116 = AXIS2_PLACEMENT_3D('',#6117,#6118,#6119);
#6117 = CARTESIAN_POINT('',(-2.794,1.905,9.4082));
#6118 = DIRECTION('',(1.,0.,0.));
#6119 = DIRECTION('',(0.,1.,0.));
#6120 = ORIENTED_EDGE('',*,*,#6121,.T.);
#6121 = EDGE_CURVE('',#6113,#5956,#6122,.T.);
#6122 = LINE('',#6123,#6124);
#6123 = CARTESIAN_POINT('',(-2.794,2.3495,9.4082));
#6124 = VECTOR('',#6125,1.);
#6125 = DIRECTION('',(1.,0.,0.));
#6126 = ORIENTED_EDGE('',*,*,#5955,.F.);
#6127 = ORIENTED_EDGE('',*,*,#5989,.F.);
#6128 = ORIENTED_EDGE('',*,*,#6013,.T.);
#6129 = ORIENTED_EDGE('',*,*,#6130,.T.);
#6130 = EDGE_CURVE('',#6014,#6131,#6133,.T.);
#6131 = VERTEX_POINT('',#6132);
#6132 = CARTESIAN_POINT('',(27.206,2.3495,9.4082));
#6133 = LINE('',#6134,#6135);
#6134 = CARTESIAN_POINT('',(-2.794,2.3495,9.4082));
#6135 = VECTOR('',#6136,1.);
#6136 = DIRECTION('',(1.,0.,0.));
#6137 = ORIENTED_EDGE('',*,*,#6138,.T.);
#6138 = EDGE_CURVE('',#6131,#6131,#6139,.T.);
#6139 = CIRCLE('',#6140,0.4445);
#6140 = AXIS2_PLACEMENT_3D('',#6141,#6142,#6143);
#6141 = CARTESIAN_POINT('',(27.206,1.905,9.4082));
#6142 = DIRECTION('',(1.,0.,0.));
#6143 = DIRECTION('',(0.,1.,0.));
#6144 = ORIENTED_EDGE('',*,*,#6130,.F.);
#6145 = ORIENTED_EDGE('',*,*,#6022,.T.);
#6146 = ORIENTED_EDGE('',*,*,#6040,.T.);
#6147 = ORIENTED_EDGE('',*,*,#5964,.F.);
#6148 = ORIENTED_EDGE('',*,*,#6121,.F.);
#6149 = FACE_BOUND('',#6150,.F.);
#6150 = EDGE_LOOP('',(#6151,#6162,#6170,#6179));
#6151 = ORIENTED_EDGE('',*,*,#6152,.F.);
#6152 = EDGE_CURVE('',#6153,#6155,#6157,.T.);
#6153 = VERTEX_POINT('',#6154);
#6154 = CARTESIAN_POINT('',(-2.54,1.479029050286,9.2812));
#6155 = VERTEX_POINT('',#6156);
#6156 = CARTESIAN_POINT('',(-2.54,1.479029050286,9.5352));
#6157 = CIRCLE('',#6158,0.4445);
#6158 = AXIS2_PLACEMENT_3D('',#6159,#6160,#6161);
#6159 = CARTESIAN_POINT('',(-2.54,1.905,9.4082));
#6160 = DIRECTION('',(-1.,0.,0.));
#6161 = DIRECTION('',(0.,1.,0.));
#6162 = ORIENTED_EDGE('',*,*,#6163,.F.);
#6163 = EDGE_CURVE('',#6164,#6153,#6166,.T.);
#6164 = VERTEX_POINT('',#6165);
#6165 = CARTESIAN_POINT('',(26.952,1.479029050286,9.2812));
#6166 = LINE('',#6167,#6168);
#6167 = CARTESIAN_POINT('',(-2.794,1.479029050286,9.2812));
#6168 = VECTOR('',#6169,1.);
#6169 = DIRECTION('',(-1.,-0.,-0.));
#6170 = ORIENTED_EDGE('',*,*,#6171,.T.);
#6171 = EDGE_CURVE('',#6164,#6172,#6174,.T.);
#6172 = VERTEX_POINT('',#6173);
#6173 = CARTESIAN_POINT('',(26.952,1.479029050286,9.5352));
#6174 = CIRCLE('',#6175,0.4445);
#6175 = AXIS2_PLACEMENT_3D('',#6176,#6177,#6178);
#6176 = CARTESIAN_POINT('',(26.952,1.905,9.4082));
#6177 = DIRECTION('',(-1.,0.,0.));
#6178 = DIRECTION('',(0.,1.,0.));
#6179 = ORIENTED_EDGE('',*,*,#6180,.T.);
#6180 = EDGE_CURVE('',#6172,#6155,#6181,.T.);
#6181 = LINE('',#6182,#6183);
#6182 = CARTESIAN_POINT('',(-2.794,1.479029050286,9.5352));
#6183 = VECTOR('',#6184,1.);
#6184 = DIRECTION('',(-1.,-0.,-0.));
#6185 = CYLINDRICAL_SURFACE('',#6186,0.4445);
#6186 = AXIS2_PLACEMENT_3D('',#6187,#6188,#6189);
#6187 = CARTESIAN_POINT('',(-2.794,1.905,9.4082));
#6188 = DIRECTION('',(-1.,-0.,-0.));
#6189 = DIRECTION('',(0.,1.,0.));
#6190 = ADVANCED_FACE('',(#6191),#6194,.F.);
#6191 = FACE_BOUND('',#6192,.F.);
#6192 = EDGE_LOOP('',(#6193));
#6193 = ORIENTED_EDGE('',*,*,#6057,.T.);
#6194 = PLANE('',#6195);
#6195 = AXIS2_PLACEMENT_3D('',#6196,#6197,#6198);
#6196 = CARTESIAN_POINT('',(-2.794,4.445,9.4082));
#6197 = DIRECTION('',(1.,0.,0.));
#6198 = DIRECTION('',(0.,-1.,0.));
#6199 = ADVANCED_FACE('',(#6200),#6203,.T.);
#6200 = FACE_BOUND('',#6201,.T.);
#6201 = EDGE_LOOP('',(#6202));
#6202 = ORIENTED_EDGE('',*,*,#6077,.T.);
#6203 = PLANE('',#6204);
#6204 = AXIS2_PLACEMENT_3D('',#6205,#6206,#6207);
#6205 = CARTESIAN_POINT('',(27.206,4.445,9.4082));
#6206 = DIRECTION('',(1.,0.,0.));
#6207 = DIRECTION('',(0.,-1.,0.));
#6208 = ADVANCED_FACE('',(#6209,#6212),#6223,.F.);
#6209 = FACE_BOUND('',#6210,.F.);
#6210 = EDGE_LOOP('',(#6211));
#6211 = ORIENTED_EDGE('',*,*,#6112,.T.);
#6212 = FACE_BOUND('',#6213,.F.);
#6213 = EDGE_LOOP('',(#6214));
#6214 = ORIENTED_EDGE('',*,*,#6215,.F.);
#6215 = EDGE_CURVE('',#6216,#6216,#6218,.T.);
#6216 = VERTEX_POINT('',#6217);
#6217 = CARTESIAN_POINT('',(-2.794,1.905,9.2476593));
#6218 = CIRCLE('',#6219,0.1605407);
#6219 = AXIS2_PLACEMENT_3D('',#6220,#6221,#6222);
#6220 = CARTESIAN_POINT('',(-2.794,1.905,9.4082));
#6221 = DIRECTION('',(1.,-0.,0.));
#6222 = DIRECTION('',(0.,0.,-1.));
#6223 = PLANE('',#6224);
#6224 = AXIS2_PLACEMENT_3D('',#6225,#6226,#6227);
#6225 = CARTESIAN_POINT('',(-2.794,1.905,9.4082));
#6226 = DIRECTION('',(1.,0.,0.));
#6227 = DIRECTION('',(0.,1.,0.));
#6228 = ADVANCED_FACE('',(#6229,#6232),#6243,.T.);
#6229 = FACE_BOUND('',#6230,.T.);
#6230 = EDGE_LOOP('',(#6231));
#6231 = ORIENTED_EDGE('',*,*,#6138,.T.);
#6232 = FACE_BOUND('',#6233,.T.);
#6233 = EDGE_LOOP('',(#6234));
#6234 = ORIENTED_EDGE('',*,*,#6235,.F.);
#6235 = EDGE_CURVE('',#6236,#6236,#6238,.T.);
#6236 = VERTEX_POINT('',#6237);
#6237 = CARTESIAN_POINT('',(27.206,1.905,9.2476593));
#6238 = CIRCLE('',#6239,0.1605407);
#6239 = AXIS2_PLACEMENT_3D('',#6240,#6241,#6242);
#6240 = CARTESIAN_POINT('',(27.206,1.905,9.4082));
#6241 = DIRECTION('',(1.,-0.,0.));
#6242 = DIRECTION('',(0.,0.,-1.));
#6243 = PLANE('',#6244);
#6244 = AXIS2_PLACEMENT_3D('',#6245,#6246,#6247);
#6245 = CARTESIAN_POINT('',(27.206,1.905,9.4082));
#6246 = DIRECTION('',(1.,0.,0.));
#6247 = DIRECTION('',(0.,1.,0.));
#6248 = ADVANCED_FACE('',(#6249),#6284,.F.);
#6249 = FACE_BOUND('',#6250,.F.);
#6250 = EDGE_LOOP('',(#6251,#6259,#6260,#6268,#6277));
#6251 = ORIENTED_EDGE('',*,*,#6252,.F.);
#6252 = EDGE_CURVE('',#6153,#6253,#6255,.T.);
#6253 = VERTEX_POINT('',#6254);
#6254 = CARTESIAN_POINT('',(-2.54,1.060970949714,9.2812));
#6255 = LINE('',#6256,#6257);
#6256 = CARTESIAN_POINT('',(-2.54,4.445,9.2812));
#6257 = VECTOR('',#6258,1.);
#6258 = DIRECTION('',(0.,-1.,0.));
#6259 = ORIENTED_EDGE('',*,*,#6152,.T.);
#6260 = ORIENTED_EDGE('',*,*,#6261,.T.);
#6261 = EDGE_CURVE('',#6155,#6262,#6264,.T.);
#6262 = VERTEX_POINT('',#6263);
#6263 = CARTESIAN_POINT('',(-2.54,1.060970949714,9.5352));
#6264 = LINE('',#6265,#6266);
#6265 = CARTESIAN_POINT('',(-2.54,4.445,9.5352));
#6266 = VECTOR('',#6267,1.);
#6267 = DIRECTION('',(0.,-1.,0.));
#6268 = ORIENTED_EDGE('',*,*,#6269,.T.);
#6269 = EDGE_CURVE('',#6262,#6270,#6272,.T.);
#6270 = VERTEX_POINT('',#6271);
#6271 = CARTESIAN_POINT('',(-2.54,1.0795,9.4082));
#6272 = CIRCLE('',#6273,0.4445);
#6273 = AXIS2_PLACEMENT_3D('',#6274,#6275,#6276);
#6274 = CARTESIAN_POINT('',(-2.54,0.635,9.4082));
#6275 = DIRECTION('',(-1.,0.,0.));
#6276 = DIRECTION('',(0.,1.,0.));
#6277 = ORIENTED_EDGE('',*,*,#6278,.T.);
#6278 = EDGE_CURVE('',#6270,#6253,#6279,.T.);
#6279 = CIRCLE('',#6280,0.4445);
#6280 = AXIS2_PLACEMENT_3D('',#6281,#6282,#6283);
#6281 = CARTESIAN_POINT('',(-2.54,0.635,9.4082));
#6282 = DIRECTION('',(-1.,0.,0.));
#6283 = DIRECTION('',(0.,1.,0.));
#6284 = PLANE('',#6285);
#6285 = AXIS2_PLACEMENT_3D('',#6286,#6287,#6288);
#6286 = CARTESIAN_POINT('',(-2.54,4.445,9.2812));
#6287 = DIRECTION('',(1.,0.,0.));
#6288 = DIRECTION('',(0.,0.,1.));
#6289 = ADVANCED_FACE('',(#6290),#6308,.T.);
#6290 = FACE_BOUND('',#6291,.T.);
#6291 = EDGE_LOOP('',(#6292,#6300,#6301,#6302));
#6292 = ORIENTED_EDGE('',*,*,#6293,.F.);
#6293 = EDGE_CURVE('',#6172,#6294,#6296,.T.);
#6294 = VERTEX_POINT('',#6295);
#6295 = CARTESIAN_POINT('',(26.952,1.060970949714,9.5352));
#6296 = LINE('',#6297,#6298);
#6297 = CARTESIAN_POINT('',(26.952,4.445,9.5352));
#6298 = VECTOR('',#6299,1.);
#6299 = DIRECTION('',(0.,-1.,0.));
#6300 = ORIENTED_EDGE('',*,*,#6180,.T.);
#6301 = ORIENTED_EDGE('',*,*,#6261,.T.);
#6302 = ORIENTED_EDGE('',*,*,#6303,.F.);
#6303 = EDGE_CURVE('',#6294,#6262,#6304,.T.);
#6304 = LINE('',#6305,#6306);
#6305 = CARTESIAN_POINT('',(-2.794,1.060970949714,9.5352));
#6306 = VECTOR('',#6307,1.);
#6307 = DIRECTION('',(-1.,-0.,-0.));
#6308 = PLANE('',#6309);
#6309 = AXIS2_PLACEMENT_3D('',#6310,#6311,#6312);
#6310 = CARTESIAN_POINT('',(-2.54,4.445,9.5352));
#6311 = DIRECTION('',(0.,0.,1.));
#6312 = DIRECTION('',(0.,-1.,0.));
#6313 = ADVANCED_FACE('',(#6314),#6342,.T.);
#6314 = FACE_BOUND('',#6315,.T.);
#6315 = EDGE_LOOP('',(#6316,#6324,#6325,#6326,#6335));
#6316 = ORIENTED_EDGE('',*,*,#6317,.F.);
#6317 = EDGE_CURVE('',#6164,#6318,#6320,.T.);
#6318 = VERTEX_POINT('',#6319);
#6319 = CARTESIAN_POINT('',(26.952,1.060970949714,9.2812));
#6320 = LINE('',#6321,#6322);
#6321 = CARTESIAN_POINT('',(26.952,4.445,9.2812));
#6322 = VECTOR('',#6323,1.);
#6323 = DIRECTION('',(0.,-1.,0.));
#6324 = ORIENTED_EDGE('',*,*,#6171,.T.);
#6325 = ORIENTED_EDGE('',*,*,#6293,.T.);
#6326 = ORIENTED_EDGE('',*,*,#6327,.T.);
#6327 = EDGE_CURVE('',#6294,#6328,#6330,.T.);
#6328 = VERTEX_POINT('',#6329);
#6329 = CARTESIAN_POINT('',(26.952,1.0795,9.4082));
#6330 = CIRCLE('',#6331,0.4445);
#6331 = AXIS2_PLACEMENT_3D('',#6332,#6333,#6334);
#6332 = CARTESIAN_POINT('',(26.952,0.635,9.4082));
#6333 = DIRECTION('',(-1.,0.,0.));
#6334 = DIRECTION('',(0.,1.,0.));
#6335 = ORIENTED_EDGE('',*,*,#6336,.T.);
#6336 = EDGE_CURVE('',#6328,#6318,#6337,.T.);
#6337 = CIRCLE('',#6338,0.4445);
#6338 = AXIS2_PLACEMENT_3D('',#6339,#6340,#6341);
#6339 = CARTESIAN_POINT('',(26.952,0.635,9.4082));
#6340 = DIRECTION('',(-1.,0.,0.));
#6341 = DIRECTION('',(0.,1.,0.));
#6342 = PLANE('',#6343);
#6343 = AXIS2_PLACEMENT_3D('',#6344,#6345,#6346);
#6344 = CARTESIAN_POINT('',(26.952,4.445,9.2812));
#6345 = DIRECTION('',(1.,0.,0.));
#6346 = DIRECTION('',(0.,0.,1.));
#6347 = ADVANCED_FACE('',(#6348),#6359,.F.);
#6348 = FACE_BOUND('',#6349,.F.);
#6349 = EDGE_LOOP('',(#6350,#6351,#6352,#6353));
#6350 = ORIENTED_EDGE('',*,*,#6317,.F.);
#6351 = ORIENTED_EDGE('',*,*,#6163,.T.);
#6352 = ORIENTED_EDGE('',*,*,#6252,.T.);
#6353 = ORIENTED_EDGE('',*,*,#6354,.F.);
#6354 = EDGE_CURVE('',#6318,#6253,#6355,.T.);
#6355 = LINE('',#6356,#6357);
#6356 = CARTESIAN_POINT('',(-2.794,1.060970949714,9.2812));
#6357 = VECTOR('',#6358,1.);
#6358 = DIRECTION('',(-1.,-0.,-0.));
#6359 = PLANE('',#6360);
#6360 = AXIS2_PLACEMENT_3D('',#6361,#6362,#6363);
#6361 = CARTESIAN_POINT('',(-2.54,4.445,9.2812));
#6362 = DIRECTION('',(0.,0.,1.));
#6363 = DIRECTION('',(0.,-1.,0.));
#6364 = ADVANCED_FACE('',(#6365),#6368,.F.);
#6365 = FACE_BOUND('',#6366,.F.);
#6366 = EDGE_LOOP('',(#6367));
#6367 = ORIENTED_EDGE('',*,*,#6215,.T.);
#6368 = PLANE('',#6369);
#6369 = AXIS2_PLACEMENT_3D('',#6370,#6371,#6372);
#6370 = CARTESIAN_POINT('',(-2.794,1.905,9.4082));
#6371 = DIRECTION('',(1.,0.,0.));
#6372 = DIRECTION('',(0.,1.,0.));
#6373 = ADVANCED_FACE('',(#6374),#6377,.T.);
#6374 = FACE_BOUND('',#6375,.T.);
#6375 = EDGE_LOOP('',(#6376));
#6376 = ORIENTED_EDGE('',*,*,#6235,.T.);
#6377 = PLANE('',#6378);
#6378 = AXIS2_PLACEMENT_3D('',#6379,#6380,#6381);
#6379 = CARTESIAN_POINT('',(27.206,1.905,9.4082));
#6380 = DIRECTION('',(1.,0.,0.));
#6381 = DIRECTION('',(0.,1.,0.));
#6382 = ADVANCED_FACE('',(#6383,#6423),#6459,.T.);
#6383 = FACE_BOUND('',#6384,.F.);
#6384 = EDGE_LOOP('',(#6385,#6394,#6400,#6401,#6402,#6403,#6411,#6418,
    #6419,#6420,#6421,#6422));
#6385 = ORIENTED_EDGE('',*,*,#6386,.F.);
#6386 = EDGE_CURVE('',#6387,#6387,#6389,.T.);
#6387 = VERTEX_POINT('',#6388);
#6388 = CARTESIAN_POINT('',(-2.794,1.0795,9.4082));
#6389 = CIRCLE('',#6390,0.4445);
#6390 = AXIS2_PLACEMENT_3D('',#6391,#6392,#6393);
#6391 = CARTESIAN_POINT('',(-2.794,0.635,9.4082));
#6392 = DIRECTION('',(1.,0.,0.));
#6393 = DIRECTION('',(0.,1.,0.));
#6394 = ORIENTED_EDGE('',*,*,#6395,.T.);
#6395 = EDGE_CURVE('',#6387,#6270,#6396,.T.);
#6396 = LINE('',#6397,#6398);
#6397 = CARTESIAN_POINT('',(-2.794,1.0795,9.4082));
#6398 = VECTOR('',#6399,1.);
#6399 = DIRECTION('',(1.,0.,0.));
#6400 = ORIENTED_EDGE('',*,*,#6269,.F.);
#6401 = ORIENTED_EDGE('',*,*,#6303,.F.);
#6402 = ORIENTED_EDGE('',*,*,#6327,.T.);
#6403 = ORIENTED_EDGE('',*,*,#6404,.T.);
#6404 = EDGE_CURVE('',#6328,#6405,#6407,.T.);
#6405 = VERTEX_POINT('',#6406);
#6406 = CARTESIAN_POINT('',(27.206,1.0795,9.4082));
#6407 = LINE('',#6408,#6409);
#6408 = CARTESIAN_POINT('',(-2.794,1.0795,9.4082));
#6409 = VECTOR('',#6410,1.);
#6410 = DIRECTION('',(1.,0.,0.));
#6411 = ORIENTED_EDGE('',*,*,#6412,.T.);
#6412 = EDGE_CURVE('',#6405,#6405,#6413,.T.);
#6413 = CIRCLE('',#6414,0.4445);
#6414 = AXIS2_PLACEMENT_3D('',#6415,#6416,#6417);
#6415 = CARTESIAN_POINT('',(27.206,0.635,9.4082));
#6416 = DIRECTION('',(1.,0.,0.));
#6417 = DIRECTION('',(0.,1.,0.));
#6418 = ORIENTED_EDGE('',*,*,#6404,.F.);
#6419 = ORIENTED_EDGE('',*,*,#6336,.T.);
#6420 = ORIENTED_EDGE('',*,*,#6354,.T.);
#6421 = ORIENTED_EDGE('',*,*,#6278,.F.);
#6422 = ORIENTED_EDGE('',*,*,#6395,.F.);
#6423 = FACE_BOUND('',#6424,.F.);
#6424 = EDGE_LOOP('',(#6425,#6436,#6444,#6453));
#6425 = ORIENTED_EDGE('',*,*,#6426,.F.);
#6426 = EDGE_CURVE('',#6427,#6429,#6431,.T.);
#6427 = VERTEX_POINT('',#6428);
#6428 = CARTESIAN_POINT('',(-2.54,0.209029050286,9.2812));
#6429 = VERTEX_POINT('',#6430);
#6430 = CARTESIAN_POINT('',(-2.54,0.209029050286,9.5352));
#6431 = CIRCLE('',#6432,0.4445);
#6432 = AXIS2_PLACEMENT_3D('',#6433,#6434,#6435);
#6433 = CARTESIAN_POINT('',(-2.54,0.635,9.4082));
#6434 = DIRECTION('',(-1.,0.,0.));
#6435 = DIRECTION('',(0.,1.,0.));
#6436 = ORIENTED_EDGE('',*,*,#6437,.F.);
#6437 = EDGE_CURVE('',#6438,#6427,#6440,.T.);
#6438 = VERTEX_POINT('',#6439);
#6439 = CARTESIAN_POINT('',(26.952,0.209029050286,9.2812));
#6440 = LINE('',#6441,#6442);
#6441 = CARTESIAN_POINT('',(-2.794,0.209029050286,9.2812));
#6442 = VECTOR('',#6443,1.);
#6443 = DIRECTION('',(-1.,-0.,-0.));
#6444 = ORIENTED_EDGE('',*,*,#6445,.T.);
#6445 = EDGE_CURVE('',#6438,#6446,#6448,.T.);
#6446 = VERTEX_POINT('',#6447);
#6447 = CARTESIAN_POINT('',(26.952,0.209029050286,9.5352));
#6448 = CIRCLE('',#6449,0.4445);
#6449 = AXIS2_PLACEMENT_3D('',#6450,#6451,#6452);
#6450 = CARTESIAN_POINT('',(26.952,0.635,9.4082));
#6451 = DIRECTION('',(-1.,0.,0.));
#6452 = DIRECTION('',(0.,1.,0.));
#6453 = ORIENTED_EDGE('',*,*,#6454,.T.);
#6454 = EDGE_CURVE('',#6446,#6429,#6455,.T.);
#6455 = LINE('',#6456,#6457);
#6456 = CARTESIAN_POINT('',(-2.794,0.209029050286,9.5352));
#6457 = VECTOR('',#6458,1.);
#6458 = DIRECTION('',(-1.,-0.,-0.));
#6459 = CYLINDRICAL_SURFACE('',#6460,0.4445);
#6460 = AXIS2_PLACEMENT_3D('',#6461,#6462,#6463);
#6461 = CARTESIAN_POINT('',(-2.794,0.635,9.4082));
#6462 = DIRECTION('',(-1.,-0.,-0.));
#6463 = DIRECTION('',(0.,1.,0.));
#6464 = ADVANCED_FACE('',(#6465,#6468),#6479,.F.);
#6465 = FACE_BOUND('',#6466,.F.);
#6466 = EDGE_LOOP('',(#6467));
#6467 = ORIENTED_EDGE('',*,*,#6386,.T.);
#6468 = FACE_BOUND('',#6469,.F.);
#6469 = EDGE_LOOP('',(#6470));
#6470 = ORIENTED_EDGE('',*,*,#6471,.F.);
#6471 = EDGE_CURVE('',#6472,#6472,#6474,.T.);
#6472 = VERTEX_POINT('',#6473);
#6473 = CARTESIAN_POINT('',(-2.794,0.635,9.2476593));
#6474 = CIRCLE('',#6475,0.1605407);
#6475 = AXIS2_PLACEMENT_3D('',#6476,#6477,#6478);
#6476 = CARTESIAN_POINT('',(-2.794,0.635,9.4082));
#6477 = DIRECTION('',(1.,-0.,0.));
#6478 = DIRECTION('',(0.,0.,-1.));
#6479 = PLANE('',#6480);
#6480 = AXIS2_PLACEMENT_3D('',#6481,#6482,#6483);
#6481 = CARTESIAN_POINT('',(-2.794,0.635,9.4082));
#6482 = DIRECTION('',(1.,0.,0.));
#6483 = DIRECTION('',(0.,1.,0.));
#6484 = ADVANCED_FACE('',(#6485,#6488),#6499,.T.);
#6485 = FACE_BOUND('',#6486,.T.);
#6486 = EDGE_LOOP('',(#6487));
#6487 = ORIENTED_EDGE('',*,*,#6412,.T.);
#6488 = FACE_BOUND('',#6489,.T.);
#6489 = EDGE_LOOP('',(#6490));
#6490 = ORIENTED_EDGE('',*,*,#6491,.F.);
#6491 = EDGE_CURVE('',#6492,#6492,#6494,.T.);
#6492 = VERTEX_POINT('',#6493);
#6493 = CARTESIAN_POINT('',(27.206,0.635,9.2476593));
#6494 = CIRCLE('',#6495,0.1605407);
#6495 = AXIS2_PLACEMENT_3D('',#6496,#6497,#6498);
#6496 = CARTESIAN_POINT('',(27.206,0.635,9.4082));
#6497 = DIRECTION('',(1.,-0.,0.));
#6498 = DIRECTION('',(0.,0.,-1.));
#6499 = PLANE('',#6500);
#6500 = AXIS2_PLACEMENT_3D('',#6501,#6502,#6503);
#6501 = CARTESIAN_POINT('',(27.206,0.635,9.4082));
#6502 = DIRECTION('',(1.,0.,0.));
#6503 = DIRECTION('',(0.,1.,0.));
#6504 = ADVANCED_FACE('',(#6505),#6540,.F.);
#6505 = FACE_BOUND('',#6506,.F.);
#6506 = EDGE_LOOP('',(#6507,#6515,#6516,#6524,#6533));
#6507 = ORIENTED_EDGE('',*,*,#6508,.F.);
#6508 = EDGE_CURVE('',#6427,#6509,#6511,.T.);
#6509 = VERTEX_POINT('',#6510);
#6510 = CARTESIAN_POINT('',(-2.54,-0.209029050286,9.2812));
#6511 = LINE('',#6512,#6513);
#6512 = CARTESIAN_POINT('',(-2.54,4.445,9.2812));
#6513 = VECTOR('',#6514,1.);
#6514 = DIRECTION('',(0.,-1.,0.));
#6515 = ORIENTED_EDGE('',*,*,#6426,.T.);
#6516 = ORIENTED_EDGE('',*,*,#6517,.T.);
#6517 = EDGE_CURVE('',#6429,#6518,#6520,.T.);
#6518 = VERTEX_POINT('',#6519);
#6519 = CARTESIAN_POINT('',(-2.54,-0.209029050286,9.5352));
#6520 = LINE('',#6521,#6522);
#6521 = CARTESIAN_POINT('',(-2.54,4.445,9.5352));
#6522 = VECTOR('',#6523,1.);
#6523 = DIRECTION('',(0.,-1.,0.));
#6524 = ORIENTED_EDGE('',*,*,#6525,.T.);
#6525 = EDGE_CURVE('',#6518,#6526,#6528,.T.);
#6526 = VERTEX_POINT('',#6527);
#6527 = CARTESIAN_POINT('',(-2.54,-0.1905,9.4082));
#6528 = CIRCLE('',#6529,0.4445);
#6529 = AXIS2_PLACEMENT_3D('',#6530,#6531,#6532);
#6530 = CARTESIAN_POINT('',(-2.54,-0.635,9.4082));
#6531 = DIRECTION('',(-1.,0.,0.));
#6532 = DIRECTION('',(0.,1.,0.));
#6533 = ORIENTED_EDGE('',*,*,#6534,.T.);
#6534 = EDGE_CURVE('',#6526,#6509,#6535,.T.);
#6535 = CIRCLE('',#6536,0.4445);
#6536 = AXIS2_PLACEMENT_3D('',#6537,#6538,#6539);
#6537 = CARTESIAN_POINT('',(-2.54,-0.635,9.4082));
#6538 = DIRECTION('',(-1.,0.,0.));
#6539 = DIRECTION('',(0.,1.,0.));
#6540 = PLANE('',#6541);
#6541 = AXIS2_PLACEMENT_3D('',#6542,#6543,#6544);
#6542 = CARTESIAN_POINT('',(-2.54,4.445,9.2812));
#6543 = DIRECTION('',(1.,0.,0.));
#6544 = DIRECTION('',(0.,0.,1.));
#6545 = ADVANCED_FACE('',(#6546),#6564,.T.);
#6546 = FACE_BOUND('',#6547,.T.);
#6547 = EDGE_LOOP('',(#6548,#6556,#6557,#6558));
#6548 = ORIENTED_EDGE('',*,*,#6549,.F.);
#6549 = EDGE_CURVE('',#6446,#6550,#6552,.T.);
#6550 = VERTEX_POINT('',#6551);
#6551 = CARTESIAN_POINT('',(26.952,-0.209029050286,9.5352));
#6552 = LINE('',#6553,#6554);
#6553 = CARTESIAN_POINT('',(26.952,4.445,9.5352));
#6554 = VECTOR('',#6555,1.);
#6555 = DIRECTION('',(0.,-1.,0.));
#6556 = ORIENTED_EDGE('',*,*,#6454,.T.);
#6557 = ORIENTED_EDGE('',*,*,#6517,.T.);
#6558 = ORIENTED_EDGE('',*,*,#6559,.F.);
#6559 = EDGE_CURVE('',#6550,#6518,#6560,.T.);
#6560 = LINE('',#6561,#6562);
#6561 = CARTESIAN_POINT('',(-2.794,-0.209029050286,9.5352));
#6562 = VECTOR('',#6563,1.);
#6563 = DIRECTION('',(-1.,-0.,-0.));
#6564 = PLANE('',#6565);
#6565 = AXIS2_PLACEMENT_3D('',#6566,#6567,#6568);
#6566 = CARTESIAN_POINT('',(-2.54,4.445,9.5352));
#6567 = DIRECTION('',(0.,0.,1.));
#6568 = DIRECTION('',(0.,-1.,0.));
#6569 = ADVANCED_FACE('',(#6570),#6598,.T.);
#6570 = FACE_BOUND('',#6571,.T.);
#6571 = EDGE_LOOP('',(#6572,#6580,#6581,#6582,#6591));
#6572 = ORIENTED_EDGE('',*,*,#6573,.F.);
#6573 = EDGE_CURVE('',#6438,#6574,#6576,.T.);
#6574 = VERTEX_POINT('',#6575);
#6575 = CARTESIAN_POINT('',(26.952,-0.209029050286,9.2812));
#6576 = LINE('',#6577,#6578);
#6577 = CARTESIAN_POINT('',(26.952,4.445,9.2812));
#6578 = VECTOR('',#6579,1.);
#6579 = DIRECTION('',(0.,-1.,0.));
#6580 = ORIENTED_EDGE('',*,*,#6445,.T.);
#6581 = ORIENTED_EDGE('',*,*,#6549,.T.);
#6582 = ORIENTED_EDGE('',*,*,#6583,.T.);
#6583 = EDGE_CURVE('',#6550,#6584,#6586,.T.);
#6584 = VERTEX_POINT('',#6585);
#6585 = CARTESIAN_POINT('',(26.952,-0.1905,9.4082));
#6586 = CIRCLE('',#6587,0.4445);
#6587 = AXIS2_PLACEMENT_3D('',#6588,#6589,#6590);
#6588 = CARTESIAN_POINT('',(26.952,-0.635,9.4082));
#6589 = DIRECTION('',(-1.,0.,0.));
#6590 = DIRECTION('',(0.,1.,0.));
#6591 = ORIENTED_EDGE('',*,*,#6592,.T.);
#6592 = EDGE_CURVE('',#6584,#6574,#6593,.T.);
#6593 = CIRCLE('',#6594,0.4445);
#6594 = AXIS2_PLACEMENT_3D('',#6595,#6596,#6597);
#6595 = CARTESIAN_POINT('',(26.952,-0.635,9.4082));
#6596 = DIRECTION('',(-1.,0.,0.));
#6597 = DIRECTION('',(0.,1.,0.));
#6598 = PLANE('',#6599);
#6599 = AXIS2_PLACEMENT_3D('',#6600,#6601,#6602);
#6600 = CARTESIAN_POINT('',(26.952,4.445,9.2812));
#6601 = DIRECTION('',(1.,0.,0.));
#6602 = DIRECTION('',(0.,0.,1.));
#6603 = ADVANCED_FACE('',(#6604),#6615,.F.);
#6604 = FACE_BOUND('',#6605,.F.);
#6605 = EDGE_LOOP('',(#6606,#6607,#6608,#6609));
#6606 = ORIENTED_EDGE('',*,*,#6573,.F.);
#6607 = ORIENTED_EDGE('',*,*,#6437,.T.);
#6608 = ORIENTED_EDGE('',*,*,#6508,.T.);
#6609 = ORIENTED_EDGE('',*,*,#6610,.F.);
#6610 = EDGE_CURVE('',#6574,#6509,#6611,.T.);
#6611 = LINE('',#6612,#6613);
#6612 = CARTESIAN_POINT('',(-2.794,-0.209029050286,9.2812));
#6613 = VECTOR('',#6614,1.);
#6614 = DIRECTION('',(-1.,-0.,-0.));
#6615 = PLANE('',#6616);
#6616 = AXIS2_PLACEMENT_3D('',#6617,#6618,#6619);
#6617 = CARTESIAN_POINT('',(-2.54,4.445,9.2812));
#6618 = DIRECTION('',(0.,0.,1.));
#6619 = DIRECTION('',(0.,-1.,0.));
#6620 = ADVANCED_FACE('',(#6621),#6624,.F.);
#6621 = FACE_BOUND('',#6622,.F.);
#6622 = EDGE_LOOP('',(#6623));
#6623 = ORIENTED_EDGE('',*,*,#6471,.T.);
#6624 = PLANE('',#6625);
#6625 = AXIS2_PLACEMENT_3D('',#6626,#6627,#6628);
#6626 = CARTESIAN_POINT('',(-2.794,0.635,9.4082));
#6627 = DIRECTION('',(1.,0.,0.));
#6628 = DIRECTION('',(0.,1.,0.));
#6629 = ADVANCED_FACE('',(#6630),#6633,.T.);
#6630 = FACE_BOUND('',#6631,.T.);
#6631 = EDGE_LOOP('',(#6632));
#6632 = ORIENTED_EDGE('',*,*,#6491,.T.);
#6633 = PLANE('',#6634);
#6634 = AXIS2_PLACEMENT_3D('',#6635,#6636,#6637);
#6635 = CARTESIAN_POINT('',(27.206,0.635,9.4082));
#6636 = DIRECTION('',(1.,0.,0.));
#6637 = DIRECTION('',(0.,1.,0.));
#6638 = ADVANCED_FACE('',(#6639,#6679),#6715,.T.);
#6639 = FACE_BOUND('',#6640,.F.);
#6640 = EDGE_LOOP('',(#6641,#6650,#6656,#6657,#6658,#6659,#6667,#6674,
    #6675,#6676,#6677,#6678));
#6641 = ORIENTED_EDGE('',*,*,#6642,.F.);
#6642 = EDGE_CURVE('',#6643,#6643,#6645,.T.);
#6643 = VERTEX_POINT('',#6644);
#6644 = CARTESIAN_POINT('',(-2.794,-0.1905,9.4082));
#6645 = CIRCLE('',#6646,0.4445);
#6646 = AXIS2_PLACEMENT_3D('',#6647,#6648,#6649);
#6647 = CARTESIAN_POINT('',(-2.794,-0.635,9.4082));
#6648 = DIRECTION('',(1.,0.,0.));
#6649 = DIRECTION('',(0.,1.,0.));
#6650 = ORIENTED_EDGE('',*,*,#6651,.T.);
#6651 = EDGE_CURVE('',#6643,#6526,#6652,.T.);
#6652 = LINE('',#6653,#6654);
#6653 = CARTESIAN_POINT('',(-2.794,-0.1905,9.4082));
#6654 = VECTOR('',#6655,1.);
#6655 = DIRECTION('',(1.,0.,0.));
#6656 = ORIENTED_EDGE('',*,*,#6525,.F.);
#6657 = ORIENTED_EDGE('',*,*,#6559,.F.);
#6658 = ORIENTED_EDGE('',*,*,#6583,.T.);
#6659 = ORIENTED_EDGE('',*,*,#6660,.T.);
#6660 = EDGE_CURVE('',#6584,#6661,#6663,.T.);
#6661 = VERTEX_POINT('',#6662);
#6662 = CARTESIAN_POINT('',(27.206,-0.1905,9.4082));
#6663 = LINE('',#6664,#6665);
#6664 = CARTESIAN_POINT('',(-2.794,-0.1905,9.4082));
#6665 = VECTOR('',#6666,1.);
#6666 = DIRECTION('',(1.,0.,0.));
#6667 = ORIENTED_EDGE('',*,*,#6668,.T.);
#6668 = EDGE_CURVE('',#6661,#6661,#6669,.T.);
#6669 = CIRCLE('',#6670,0.4445);
#6670 = AXIS2_PLACEMENT_3D('',#6671,#6672,#6673);
#6671 = CARTESIAN_POINT('',(27.206,-0.635,9.4082));
#6672 = DIRECTION('',(1.,0.,0.));
#6673 = DIRECTION('',(0.,1.,0.));
#6674 = ORIENTED_EDGE('',*,*,#6660,.F.);
#6675 = ORIENTED_EDGE('',*,*,#6592,.T.);
#6676 = ORIENTED_EDGE('',*,*,#6610,.T.);
#6677 = ORIENTED_EDGE('',*,*,#6534,.F.);
#6678 = ORIENTED_EDGE('',*,*,#6651,.F.);
#6679 = FACE_BOUND('',#6680,.F.);
#6680 = EDGE_LOOP('',(#6681,#6692,#6700,#6709));
#6681 = ORIENTED_EDGE('',*,*,#6682,.F.);
#6682 = EDGE_CURVE('',#6683,#6685,#6687,.T.);
#6683 = VERTEX_POINT('',#6684);
#6684 = CARTESIAN_POINT('',(-2.54,-1.060970949714,9.2812));
#6685 = VERTEX_POINT('',#6686);
#6686 = CARTESIAN_POINT('',(-2.54,-1.060970949714,9.5352));
#6687 = CIRCLE('',#6688,0.4445);
#6688 = AXIS2_PLACEMENT_3D('',#6689,#6690,#6691);
#6689 = CARTESIAN_POINT('',(-2.54,-0.635,9.4082));
#6690 = DIRECTION('',(-1.,0.,0.));
#6691 = DIRECTION('',(0.,1.,0.));
#6692 = ORIENTED_EDGE('',*,*,#6693,.F.);
#6693 = EDGE_CURVE('',#6694,#6683,#6696,.T.);
#6694 = VERTEX_POINT('',#6695);
#6695 = CARTESIAN_POINT('',(26.952,-1.060970949714,9.2812));
#6696 = LINE('',#6697,#6698);
#6697 = CARTESIAN_POINT('',(-2.794,-1.060970949714,9.2812));
#6698 = VECTOR('',#6699,1.);
#6699 = DIRECTION('',(-1.,-0.,-0.));
#6700 = ORIENTED_EDGE('',*,*,#6701,.T.);
#6701 = EDGE_CURVE('',#6694,#6702,#6704,.T.);
#6702 = VERTEX_POINT('',#6703);
#6703 = CARTESIAN_POINT('',(26.952,-1.060970949714,9.5352));
#6704 = CIRCLE('',#6705,0.4445);
#6705 = AXIS2_PLACEMENT_3D('',#6706,#6707,#6708);
#6706 = CARTESIAN_POINT('',(26.952,-0.635,9.4082));
#6707 = DIRECTION('',(-1.,0.,0.));
#6708 = DIRECTION('',(0.,1.,0.));
#6709 = ORIENTED_EDGE('',*,*,#6710,.T.);
#6710 = EDGE_CURVE('',#6702,#6685,#6711,.T.);
#6711 = LINE('',#6712,#6713);
#6712 = CARTESIAN_POINT('',(-2.794,-1.060970949714,9.5352));
#6713 = VECTOR('',#6714,1.);
#6714 = DIRECTION('',(-1.,-0.,-0.));
#6715 = CYLINDRICAL_SURFACE('',#6716,0.4445);
#6716 = AXIS2_PLACEMENT_3D('',#6717,#6718,#6719);
#6717 = CARTESIAN_POINT('',(-2.794,-0.635,9.4082));
#6718 = DIRECTION('',(-1.,-0.,-0.));
#6719 = DIRECTION('',(0.,1.,0.));
#6720 = ADVANCED_FACE('',(#6721,#6724),#6735,.F.);
#6721 = FACE_BOUND('',#6722,.F.);
#6722 = EDGE_LOOP('',(#6723));
#6723 = ORIENTED_EDGE('',*,*,#6642,.T.);
#6724 = FACE_BOUND('',#6725,.F.);
#6725 = EDGE_LOOP('',(#6726));
#6726 = ORIENTED_EDGE('',*,*,#6727,.F.);
#6727 = EDGE_CURVE('',#6728,#6728,#6730,.T.);
#6728 = VERTEX_POINT('',#6729);
#6729 = CARTESIAN_POINT('',(-2.794,-0.635,9.2476593));
#6730 = CIRCLE('',#6731,0.1605407);
#6731 = AXIS2_PLACEMENT_3D('',#6732,#6733,#6734);
#6732 = CARTESIAN_POINT('',(-2.794,-0.635,9.4082));
#6733 = DIRECTION('',(1.,-0.,0.));
#6734 = DIRECTION('',(0.,0.,-1.));
#6735 = PLANE('',#6736);
#6736 = AXIS2_PLACEMENT_3D('',#6737,#6738,#6739);
#6737 = CARTESIAN_POINT('',(-2.794,-0.635,9.4082));
#6738 = DIRECTION('',(1.,0.,0.));
#6739 = DIRECTION('',(0.,1.,0.));
#6740 = ADVANCED_FACE('',(#6741,#6744),#6755,.T.);
#6741 = FACE_BOUND('',#6742,.T.);
#6742 = EDGE_LOOP('',(#6743));
#6743 = ORIENTED_EDGE('',*,*,#6668,.T.);
#6744 = FACE_BOUND('',#6745,.T.);
#6745 = EDGE_LOOP('',(#6746));
#6746 = ORIENTED_EDGE('',*,*,#6747,.F.);
#6747 = EDGE_CURVE('',#6748,#6748,#6750,.T.);
#6748 = VERTEX_POINT('',#6749);
#6749 = CARTESIAN_POINT('',(27.206,-0.635,9.2476593));
#6750 = CIRCLE('',#6751,0.1605407);
#6751 = AXIS2_PLACEMENT_3D('',#6752,#6753,#6754);
#6752 = CARTESIAN_POINT('',(27.206,-0.635,9.4082));
#6753 = DIRECTION('',(1.,-0.,0.));
#6754 = DIRECTION('',(0.,0.,-1.));
#6755 = PLANE('',#6756);
#6756 = AXIS2_PLACEMENT_3D('',#6757,#6758,#6759);
#6757 = CARTESIAN_POINT('',(27.206,-0.635,9.4082));
#6758 = DIRECTION('',(1.,0.,0.));
#6759 = DIRECTION('',(0.,1.,0.));
#6760 = ADVANCED_FACE('',(#6761),#6796,.F.);
#6761 = FACE_BOUND('',#6762,.F.);
#6762 = EDGE_LOOP('',(#6763,#6771,#6772,#6780,#6789));
#6763 = ORIENTED_EDGE('',*,*,#6764,.F.);
#6764 = EDGE_CURVE('',#6683,#6765,#6767,.T.);
#6765 = VERTEX_POINT('',#6766);
#6766 = CARTESIAN_POINT('',(-2.54,-1.479029050286,9.2812));
#6767 = LINE('',#6768,#6769);
#6768 = CARTESIAN_POINT('',(-2.54,4.445,9.2812));
#6769 = VECTOR('',#6770,1.);
#6770 = DIRECTION('',(0.,-1.,0.));
#6771 = ORIENTED_EDGE('',*,*,#6682,.T.);
#6772 = ORIENTED_EDGE('',*,*,#6773,.T.);
#6773 = EDGE_CURVE('',#6685,#6774,#6776,.T.);
#6774 = VERTEX_POINT('',#6775);
#6775 = CARTESIAN_POINT('',(-2.54,-1.479029050286,9.5352));
#6776 = LINE('',#6777,#6778);
#6777 = CARTESIAN_POINT('',(-2.54,4.445,9.5352));
#6778 = VECTOR('',#6779,1.);
#6779 = DIRECTION('',(0.,-1.,0.));
#6780 = ORIENTED_EDGE('',*,*,#6781,.T.);
#6781 = EDGE_CURVE('',#6774,#6782,#6784,.T.);
#6782 = VERTEX_POINT('',#6783);
#6783 = CARTESIAN_POINT('',(-2.54,-1.4605,9.4082));
#6784 = CIRCLE('',#6785,0.4445);
#6785 = AXIS2_PLACEMENT_3D('',#6786,#6787,#6788);
#6786 = CARTESIAN_POINT('',(-2.54,-1.905,9.4082));
#6787 = DIRECTION('',(-1.,0.,0.));
#6788 = DIRECTION('',(0.,1.,0.));
#6789 = ORIENTED_EDGE('',*,*,#6790,.T.);
#6790 = EDGE_CURVE('',#6782,#6765,#6791,.T.);
#6791 = CIRCLE('',#6792,0.4445);
#6792 = AXIS2_PLACEMENT_3D('',#6793,#6794,#6795);
#6793 = CARTESIAN_POINT('',(-2.54,-1.905,9.4082));
#6794 = DIRECTION('',(-1.,0.,0.));
#6795 = DIRECTION('',(0.,1.,0.));
#6796 = PLANE('',#6797);
#6797 = AXIS2_PLACEMENT_3D('',#6798,#6799,#6800);
#6798 = CARTESIAN_POINT('',(-2.54,4.445,9.2812));
#6799 = DIRECTION('',(1.,0.,0.));
#6800 = DIRECTION('',(0.,0.,1.));
#6801 = ADVANCED_FACE('',(#6802),#6820,.T.);
#6802 = FACE_BOUND('',#6803,.T.);
#6803 = EDGE_LOOP('',(#6804,#6812,#6813,#6814));
#6804 = ORIENTED_EDGE('',*,*,#6805,.F.);
#6805 = EDGE_CURVE('',#6702,#6806,#6808,.T.);
#6806 = VERTEX_POINT('',#6807);
#6807 = CARTESIAN_POINT('',(26.952,-1.479029050286,9.5352));
#6808 = LINE('',#6809,#6810);
#6809 = CARTESIAN_POINT('',(26.952,4.445,9.5352));
#6810 = VECTOR('',#6811,1.);
#6811 = DIRECTION('',(0.,-1.,0.));
#6812 = ORIENTED_EDGE('',*,*,#6710,.T.);
#6813 = ORIENTED_EDGE('',*,*,#6773,.T.);
#6814 = ORIENTED_EDGE('',*,*,#6815,.F.);
#6815 = EDGE_CURVE('',#6806,#6774,#6816,.T.);
#6816 = LINE('',#6817,#6818);
#6817 = CARTESIAN_POINT('',(-2.794,-1.479029050286,9.5352));
#6818 = VECTOR('',#6819,1.);
#6819 = DIRECTION('',(-1.,-0.,-0.));
#6820 = PLANE('',#6821);
#6821 = AXIS2_PLACEMENT_3D('',#6822,#6823,#6824);
#6822 = CARTESIAN_POINT('',(-2.54,4.445,9.5352));
#6823 = DIRECTION('',(0.,0.,1.));
#6824 = DIRECTION('',(0.,-1.,0.));
#6825 = ADVANCED_FACE('',(#6826),#6854,.T.);
#6826 = FACE_BOUND('',#6827,.T.);
#6827 = EDGE_LOOP('',(#6828,#6836,#6837,#6838,#6847));
#6828 = ORIENTED_EDGE('',*,*,#6829,.F.);
#6829 = EDGE_CURVE('',#6694,#6830,#6832,.T.);
#6830 = VERTEX_POINT('',#6831);
#6831 = CARTESIAN_POINT('',(26.952,-1.479029050286,9.2812));
#6832 = LINE('',#6833,#6834);
#6833 = CARTESIAN_POINT('',(26.952,4.445,9.2812));
#6834 = VECTOR('',#6835,1.);
#6835 = DIRECTION('',(0.,-1.,0.));
#6836 = ORIENTED_EDGE('',*,*,#6701,.T.);
#6837 = ORIENTED_EDGE('',*,*,#6805,.T.);
#6838 = ORIENTED_EDGE('',*,*,#6839,.T.);
#6839 = EDGE_CURVE('',#6806,#6840,#6842,.T.);
#6840 = VERTEX_POINT('',#6841);
#6841 = CARTESIAN_POINT('',(26.952,-1.4605,9.4082));
#6842 = CIRCLE('',#6843,0.4445);
#6843 = AXIS2_PLACEMENT_3D('',#6844,#6845,#6846);
#6844 = CARTESIAN_POINT('',(26.952,-1.905,9.4082));
#6845 = DIRECTION('',(-1.,0.,0.));
#6846 = DIRECTION('',(0.,1.,0.));
#6847 = ORIENTED_EDGE('',*,*,#6848,.T.);
#6848 = EDGE_CURVE('',#6840,#6830,#6849,.T.);
#6849 = CIRCLE('',#6850,0.4445);
#6850 = AXIS2_PLACEMENT_3D('',#6851,#6852,#6853);
#6851 = CARTESIAN_POINT('',(26.952,-1.905,9.4082));
#6852 = DIRECTION('',(-1.,0.,0.));
#6853 = DIRECTION('',(0.,1.,0.));
#6854 = PLANE('',#6855);
#6855 = AXIS2_PLACEMENT_3D('',#6856,#6857,#6858);
#6856 = CARTESIAN_POINT('',(26.952,4.445,9.2812));
#6857 = DIRECTION('',(1.,0.,0.));
#6858 = DIRECTION('',(0.,0.,1.));
#6859 = ADVANCED_FACE('',(#6860),#6871,.F.);
#6860 = FACE_BOUND('',#6861,.F.);
#6861 = EDGE_LOOP('',(#6862,#6863,#6864,#6865));
#6862 = ORIENTED_EDGE('',*,*,#6829,.F.);
#6863 = ORIENTED_EDGE('',*,*,#6693,.T.);
#6864 = ORIENTED_EDGE('',*,*,#6764,.T.);
#6865 = ORIENTED_EDGE('',*,*,#6866,.F.);
#6866 = EDGE_CURVE('',#6830,#6765,#6867,.T.);
#6867 = LINE('',#6868,#6869);
#6868 = CARTESIAN_POINT('',(-2.794,-1.479029050286,9.2812));
#6869 = VECTOR('',#6870,1.);
#6870 = DIRECTION('',(-1.,-0.,-0.));
#6871 = PLANE('',#6872);
#6872 = AXIS2_PLACEMENT_3D('',#6873,#6874,#6875);
#6873 = CARTESIAN_POINT('',(-2.54,4.445,9.2812));
#6874 = DIRECTION('',(0.,0.,1.));
#6875 = DIRECTION('',(0.,-1.,0.));
#6876 = ADVANCED_FACE('',(#6877),#6880,.F.);
#6877 = FACE_BOUND('',#6878,.F.);
#6878 = EDGE_LOOP('',(#6879));
#6879 = ORIENTED_EDGE('',*,*,#6727,.T.);
#6880 = PLANE('',#6881);
#6881 = AXIS2_PLACEMENT_3D('',#6882,#6883,#6884);
#6882 = CARTESIAN_POINT('',(-2.794,-0.635,9.4082));
#6883 = DIRECTION('',(1.,0.,0.));
#6884 = DIRECTION('',(0.,1.,0.));
#6885 = ADVANCED_FACE('',(#6886),#6889,.T.);
#6886 = FACE_BOUND('',#6887,.T.);
#6887 = EDGE_LOOP('',(#6888));
#6888 = ORIENTED_EDGE('',*,*,#6747,.T.);
#6889 = PLANE('',#6890);
#6890 = AXIS2_PLACEMENT_3D('',#6891,#6892,#6893);
#6891 = CARTESIAN_POINT('',(27.206,-0.635,9.4082));
#6892 = DIRECTION('',(1.,0.,0.));
#6893 = DIRECTION('',(0.,1.,0.));
#6894 = ADVANCED_FACE('',(#6895,#6935),#6971,.T.);
#6895 = FACE_BOUND('',#6896,.F.);
#6896 = EDGE_LOOP('',(#6897,#6906,#6912,#6913,#6914,#6915,#6923,#6930,
    #6931,#6932,#6933,#6934));
#6897 = ORIENTED_EDGE('',*,*,#6898,.F.);
#6898 = EDGE_CURVE('',#6899,#6899,#6901,.T.);
#6899 = VERTEX_POINT('',#6900);
#6900 = CARTESIAN_POINT('',(-2.794,-1.4605,9.4082));
#6901 = CIRCLE('',#6902,0.4445);
#6902 = AXIS2_PLACEMENT_3D('',#6903,#6904,#6905);
#6903 = CARTESIAN_POINT('',(-2.794,-1.905,9.4082));
#6904 = DIRECTION('',(1.,0.,0.));
#6905 = DIRECTION('',(0.,1.,0.));
#6906 = ORIENTED_EDGE('',*,*,#6907,.T.);
#6907 = EDGE_CURVE('',#6899,#6782,#6908,.T.);
#6908 = LINE('',#6909,#6910);
#6909 = CARTESIAN_POINT('',(-2.794,-1.4605,9.4082));
#6910 = VECTOR('',#6911,1.);
#6911 = DIRECTION('',(1.,0.,0.));
#6912 = ORIENTED_EDGE('',*,*,#6781,.F.);
#6913 = ORIENTED_EDGE('',*,*,#6815,.F.);
#6914 = ORIENTED_EDGE('',*,*,#6839,.T.);
#6915 = ORIENTED_EDGE('',*,*,#6916,.T.);
#6916 = EDGE_CURVE('',#6840,#6917,#6919,.T.);
#6917 = VERTEX_POINT('',#6918);
#6918 = CARTESIAN_POINT('',(27.206,-1.4605,9.4082));
#6919 = LINE('',#6920,#6921);
#6920 = CARTESIAN_POINT('',(-2.794,-1.4605,9.4082));
#6921 = VECTOR('',#6922,1.);
#6922 = DIRECTION('',(1.,0.,0.));
#6923 = ORIENTED_EDGE('',*,*,#6924,.T.);
#6924 = EDGE_CURVE('',#6917,#6917,#6925,.T.);
#6925 = CIRCLE('',#6926,0.4445);
#6926 = AXIS2_PLACEMENT_3D('',#6927,#6928,#6929);
#6927 = CARTESIAN_POINT('',(27.206,-1.905,9.4082));
#6928 = DIRECTION('',(1.,0.,0.));
#6929 = DIRECTION('',(0.,1.,0.));
#6930 = ORIENTED_EDGE('',*,*,#6916,.F.);
#6931 = ORIENTED_EDGE('',*,*,#6848,.T.);
#6932 = ORIENTED_EDGE('',*,*,#6866,.T.);
#6933 = ORIENTED_EDGE('',*,*,#6790,.F.);
#6934 = ORIENTED_EDGE('',*,*,#6907,.F.);
#6935 = FACE_BOUND('',#6936,.F.);
#6936 = EDGE_LOOP('',(#6937,#6948,#6956,#6965));
#6937 = ORIENTED_EDGE('',*,*,#6938,.F.);
#6938 = EDGE_CURVE('',#6939,#6941,#6943,.T.);
#6939 = VERTEX_POINT('',#6940);
#6940 = CARTESIAN_POINT('',(-2.54,-2.330970949714,9.2812));
#6941 = VERTEX_POINT('',#6942);
#6942 = CARTESIAN_POINT('',(-2.54,-2.330970949714,9.5352));
#6943 = CIRCLE('',#6944,0.4445);
#6944 = AXIS2_PLACEMENT_3D('',#6945,#6946,#6947);
#6945 = CARTESIAN_POINT('',(-2.54,-1.905,9.4082));
#6946 = DIRECTION('',(-1.,0.,0.));
#6947 = DIRECTION('',(0.,1.,0.));
#6948 = ORIENTED_EDGE('',*,*,#6949,.F.);
#6949 = EDGE_CURVE('',#6950,#6939,#6952,.T.);
#6950 = VERTEX_POINT('',#6951);
#6951 = CARTESIAN_POINT('',(26.952,-2.330970949714,9.2812));
#6952 = LINE('',#6953,#6954);
#6953 = CARTESIAN_POINT('',(-2.794,-2.330970949714,9.2812));
#6954 = VECTOR('',#6955,1.);
#6955 = DIRECTION('',(-1.,-0.,-0.));
#6956 = ORIENTED_EDGE('',*,*,#6957,.T.);
#6957 = EDGE_CURVE('',#6950,#6958,#6960,.T.);
#6958 = VERTEX_POINT('',#6959);
#6959 = CARTESIAN_POINT('',(26.952,-2.330970949714,9.5352));
#6960 = CIRCLE('',#6961,0.4445);
#6961 = AXIS2_PLACEMENT_3D('',#6962,#6963,#6964);
#6962 = CARTESIAN_POINT('',(26.952,-1.905,9.4082));
#6963 = DIRECTION('',(-1.,0.,0.));
#6964 = DIRECTION('',(0.,1.,0.));
#6965 = ORIENTED_EDGE('',*,*,#6966,.T.);
#6966 = EDGE_CURVE('',#6958,#6941,#6967,.T.);
#6967 = LINE('',#6968,#6969);
#6968 = CARTESIAN_POINT('',(-2.794,-2.330970949714,9.5352));
#6969 = VECTOR('',#6970,1.);
#6970 = DIRECTION('',(-1.,-0.,-0.));
#6971 = CYLINDRICAL_SURFACE('',#6972,0.4445);
#6972 = AXIS2_PLACEMENT_3D('',#6973,#6974,#6975);
#6973 = CARTESIAN_POINT('',(-2.794,-1.905,9.4082));
#6974 = DIRECTION('',(-1.,-0.,-0.));
#6975 = DIRECTION('',(0.,1.,0.));
#6976 = ADVANCED_FACE('',(#6977,#6980),#6991,.F.);
#6977 = FACE_BOUND('',#6978,.F.);
#6978 = EDGE_LOOP('',(#6979));
#6979 = ORIENTED_EDGE('',*,*,#6898,.T.);
#6980 = FACE_BOUND('',#6981,.F.);
#6981 = EDGE_LOOP('',(#6982));
#6982 = ORIENTED_EDGE('',*,*,#6983,.F.);
#6983 = EDGE_CURVE('',#6984,#6984,#6986,.T.);
#6984 = VERTEX_POINT('',#6985);
#6985 = CARTESIAN_POINT('',(-2.794,-1.905,9.2476593));
#6986 = CIRCLE('',#6987,0.1605407);
#6987 = AXIS2_PLACEMENT_3D('',#6988,#6989,#6990);
#6988 = CARTESIAN_POINT('',(-2.794,-1.905,9.4082));
#6989 = DIRECTION('',(1.,-0.,0.));
#6990 = DIRECTION('',(0.,0.,-1.));
#6991 = PLANE('',#6992);
#6992 = AXIS2_PLACEMENT_3D('',#6993,#6994,#6995);
#6993 = CARTESIAN_POINT('',(-2.794,-1.905,9.4082));
#6994 = DIRECTION('',(1.,0.,0.));
#6995 = DIRECTION('',(0.,1.,0.));
#6996 = ADVANCED_FACE('',(#6997,#7000),#7011,.T.);
#6997 = FACE_BOUND('',#6998,.T.);
#6998 = EDGE_LOOP('',(#6999));
#6999 = ORIENTED_EDGE('',*,*,#6924,.T.);
#7000 = FACE_BOUND('',#7001,.T.);
#7001 = EDGE_LOOP('',(#7002));
#7002 = ORIENTED_EDGE('',*,*,#7003,.F.);
#7003 = EDGE_CURVE('',#7004,#7004,#7006,.T.);
#7004 = VERTEX_POINT('',#7005);
#7005 = CARTESIAN_POINT('',(27.206,-1.905,9.2476593));
#7006 = CIRCLE('',#7007,0.1605407);
#7007 = AXIS2_PLACEMENT_3D('',#7008,#7009,#7010);
#7008 = CARTESIAN_POINT('',(27.206,-1.905,9.4082));
#7009 = DIRECTION('',(1.,-0.,0.));
#7010 = DIRECTION('',(0.,0.,-1.));
#7011 = PLANE('',#7012);
#7012 = AXIS2_PLACEMENT_3D('',#7013,#7014,#7015);
#7013 = CARTESIAN_POINT('',(27.206,-1.905,9.4082));
#7014 = DIRECTION('',(1.,0.,0.));
#7015 = DIRECTION('',(0.,1.,0.));
#7016 = ADVANCED_FACE('',(#7017),#7052,.F.);
#7017 = FACE_BOUND('',#7018,.F.);
#7018 = EDGE_LOOP('',(#7019,#7027,#7028,#7036,#7045));
#7019 = ORIENTED_EDGE('',*,*,#7020,.F.);
#7020 = EDGE_CURVE('',#6939,#7021,#7023,.T.);
#7021 = VERTEX_POINT('',#7022);
#7022 = CARTESIAN_POINT('',(-2.54,-2.749029050286,9.2812));
#7023 = LINE('',#7024,#7025);
#7024 = CARTESIAN_POINT('',(-2.54,4.445,9.2812));
#7025 = VECTOR('',#7026,1.);
#7026 = DIRECTION('',(0.,-1.,0.));
#7027 = ORIENTED_EDGE('',*,*,#6938,.T.);
#7028 = ORIENTED_EDGE('',*,*,#7029,.T.);
#7029 = EDGE_CURVE('',#6941,#7030,#7032,.T.);
#7030 = VERTEX_POINT('',#7031);
#7031 = CARTESIAN_POINT('',(-2.54,-2.749029050286,9.5352));
#7032 = LINE('',#7033,#7034);
#7033 = CARTESIAN_POINT('',(-2.54,4.445,9.5352));
#7034 = VECTOR('',#7035,1.);
#7035 = DIRECTION('',(0.,-1.,0.));
#7036 = ORIENTED_EDGE('',*,*,#7037,.T.);
#7037 = EDGE_CURVE('',#7030,#7038,#7040,.T.);
#7038 = VERTEX_POINT('',#7039);
#7039 = CARTESIAN_POINT('',(-2.54,-2.7305,9.4082));
#7040 = CIRCLE('',#7041,0.4445);
#7041 = AXIS2_PLACEMENT_3D('',#7042,#7043,#7044);
#7042 = CARTESIAN_POINT('',(-2.54,-3.175,9.4082));
#7043 = DIRECTION('',(-1.,0.,0.));
#7044 = DIRECTION('',(0.,1.,0.));
#7045 = ORIENTED_EDGE('',*,*,#7046,.T.);
#7046 = EDGE_CURVE('',#7038,#7021,#7047,.T.);
#7047 = CIRCLE('',#7048,0.4445);
#7048 = AXIS2_PLACEMENT_3D('',#7049,#7050,#7051);
#7049 = CARTESIAN_POINT('',(-2.54,-3.175,9.4082));
#7050 = DIRECTION('',(-1.,0.,0.));
#7051 = DIRECTION('',(0.,1.,0.));
#7052 = PLANE('',#7053);
#7053 = AXIS2_PLACEMENT_3D('',#7054,#7055,#7056);
#7054 = CARTESIAN_POINT('',(-2.54,4.445,9.2812));
#7055 = DIRECTION('',(1.,0.,0.));
#7056 = DIRECTION('',(0.,0.,1.));
#7057 = ADVANCED_FACE('',(#7058),#7076,.T.);
#7058 = FACE_BOUND('',#7059,.T.);
#7059 = EDGE_LOOP('',(#7060,#7068,#7069,#7070));
#7060 = ORIENTED_EDGE('',*,*,#7061,.F.);
#7061 = EDGE_CURVE('',#6958,#7062,#7064,.T.);
#7062 = VERTEX_POINT('',#7063);
#7063 = CARTESIAN_POINT('',(26.952,-2.749029050286,9.5352));
#7064 = LINE('',#7065,#7066);
#7065 = CARTESIAN_POINT('',(26.952,4.445,9.5352));
#7066 = VECTOR('',#7067,1.);
#7067 = DIRECTION('',(0.,-1.,0.));
#7068 = ORIENTED_EDGE('',*,*,#6966,.T.);
#7069 = ORIENTED_EDGE('',*,*,#7029,.T.);
#7070 = ORIENTED_EDGE('',*,*,#7071,.F.);
#7071 = EDGE_CURVE('',#7062,#7030,#7072,.T.);
#7072 = LINE('',#7073,#7074);
#7073 = CARTESIAN_POINT('',(-2.794,-2.749029050286,9.5352));
#7074 = VECTOR('',#7075,1.);
#7075 = DIRECTION('',(-1.,-0.,-0.));
#7076 = PLANE('',#7077);
#7077 = AXIS2_PLACEMENT_3D('',#7078,#7079,#7080);
#7078 = CARTESIAN_POINT('',(-2.54,4.445,9.5352));
#7079 = DIRECTION('',(0.,0.,1.));
#7080 = DIRECTION('',(0.,-1.,0.));
#7081 = ADVANCED_FACE('',(#7082),#7110,.T.);
#7082 = FACE_BOUND('',#7083,.T.);
#7083 = EDGE_LOOP('',(#7084,#7092,#7093,#7094,#7103));
#7084 = ORIENTED_EDGE('',*,*,#7085,.F.);
#7085 = EDGE_CURVE('',#6950,#7086,#7088,.T.);
#7086 = VERTEX_POINT('',#7087);
#7087 = CARTESIAN_POINT('',(26.952,-2.749029050286,9.2812));
#7088 = LINE('',#7089,#7090);
#7089 = CARTESIAN_POINT('',(26.952,4.445,9.2812));
#7090 = VECTOR('',#7091,1.);
#7091 = DIRECTION('',(0.,-1.,0.));
#7092 = ORIENTED_EDGE('',*,*,#6957,.T.);
#7093 = ORIENTED_EDGE('',*,*,#7061,.T.);
#7094 = ORIENTED_EDGE('',*,*,#7095,.T.);
#7095 = EDGE_CURVE('',#7062,#7096,#7098,.T.);
#7096 = VERTEX_POINT('',#7097);
#7097 = CARTESIAN_POINT('',(26.952,-2.7305,9.4082));
#7098 = CIRCLE('',#7099,0.4445);
#7099 = AXIS2_PLACEMENT_3D('',#7100,#7101,#7102);
#7100 = CARTESIAN_POINT('',(26.952,-3.175,9.4082));
#7101 = DIRECTION('',(-1.,0.,0.));
#7102 = DIRECTION('',(0.,1.,0.));
#7103 = ORIENTED_EDGE('',*,*,#7104,.T.);
#7104 = EDGE_CURVE('',#7096,#7086,#7105,.T.);
#7105 = CIRCLE('',#7106,0.4445);
#7106 = AXIS2_PLACEMENT_3D('',#7107,#7108,#7109);
#7107 = CARTESIAN_POINT('',(26.952,-3.175,9.4082));
#7108 = DIRECTION('',(-1.,0.,0.));
#7109 = DIRECTION('',(0.,1.,0.));
#7110 = PLANE('',#7111);
#7111 = AXIS2_PLACEMENT_3D('',#7112,#7113,#7114);
#7112 = CARTESIAN_POINT('',(26.952,4.445,9.2812));
#7113 = DIRECTION('',(1.,0.,0.));
#7114 = DIRECTION('',(0.,0.,1.));
#7115 = ADVANCED_FACE('',(#7116),#7127,.F.);
#7116 = FACE_BOUND('',#7117,.F.);
#7117 = EDGE_LOOP('',(#7118,#7119,#7120,#7121));
#7118 = ORIENTED_EDGE('',*,*,#7085,.F.);
#7119 = ORIENTED_EDGE('',*,*,#6949,.T.);
#7120 = ORIENTED_EDGE('',*,*,#7020,.T.);
#7121 = ORIENTED_EDGE('',*,*,#7122,.F.);
#7122 = EDGE_CURVE('',#7086,#7021,#7123,.T.);
#7123 = LINE('',#7124,#7125);
#7124 = CARTESIAN_POINT('',(-2.794,-2.749029050286,9.2812));
#7125 = VECTOR('',#7126,1.);
#7126 = DIRECTION('',(-1.,-0.,-0.));
#7127 = PLANE('',#7128);
#7128 = AXIS2_PLACEMENT_3D('',#7129,#7130,#7131);
#7129 = CARTESIAN_POINT('',(-2.54,4.445,9.2812));
#7130 = DIRECTION('',(0.,0.,1.));
#7131 = DIRECTION('',(0.,-1.,0.));
#7132 = ADVANCED_FACE('',(#7133),#7136,.F.);
#7133 = FACE_BOUND('',#7134,.F.);
#7134 = EDGE_LOOP('',(#7135));
#7135 = ORIENTED_EDGE('',*,*,#6983,.T.);
#7136 = PLANE('',#7137);
#7137 = AXIS2_PLACEMENT_3D('',#7138,#7139,#7140);
#7138 = CARTESIAN_POINT('',(-2.794,-1.905,9.4082));
#7139 = DIRECTION('',(1.,0.,0.));
#7140 = DIRECTION('',(0.,1.,0.));
#7141 = ADVANCED_FACE('',(#7142),#7145,.T.);
#7142 = FACE_BOUND('',#7143,.T.);
#7143 = EDGE_LOOP('',(#7144));
#7144 = ORIENTED_EDGE('',*,*,#7003,.T.);
#7145 = PLANE('',#7146);
#7146 = AXIS2_PLACEMENT_3D('',#7147,#7148,#7149);
#7147 = CARTESIAN_POINT('',(27.206,-1.905,9.4082));
#7148 = DIRECTION('',(1.,0.,0.));
#7149 = DIRECTION('',(0.,1.,0.));
#7150 = ADVANCED_FACE('',(#7151,#7191),#7227,.T.);
#7151 = FACE_BOUND('',#7152,.F.);
#7152 = EDGE_LOOP('',(#7153,#7162,#7168,#7169,#7170,#7171,#7179,#7186,
    #7187,#7188,#7189,#7190));
#7153 = ORIENTED_EDGE('',*,*,#7154,.F.);
#7154 = EDGE_CURVE('',#7155,#7155,#7157,.T.);
#7155 = VERTEX_POINT('',#7156);
#7156 = CARTESIAN_POINT('',(-2.794,-2.7305,9.4082));
#7157 = CIRCLE('',#7158,0.4445);
#7158 = AXIS2_PLACEMENT_3D('',#7159,#7160,#7161);
#7159 = CARTESIAN_POINT('',(-2.794,-3.175,9.4082));
#7160 = DIRECTION('',(1.,0.,0.));
#7161 = DIRECTION('',(0.,1.,0.));
#7162 = ORIENTED_EDGE('',*,*,#7163,.T.);
#7163 = EDGE_CURVE('',#7155,#7038,#7164,.T.);
#7164 = LINE('',#7165,#7166);
#7165 = CARTESIAN_POINT('',(-2.794,-2.7305,9.4082));
#7166 = VECTOR('',#7167,1.);
#7167 = DIRECTION('',(1.,0.,0.));
#7168 = ORIENTED_EDGE('',*,*,#7037,.F.);
#7169 = ORIENTED_EDGE('',*,*,#7071,.F.);
#7170 = ORIENTED_EDGE('',*,*,#7095,.T.);
#7171 = ORIENTED_EDGE('',*,*,#7172,.T.);
#7172 = EDGE_CURVE('',#7096,#7173,#7175,.T.);
#7173 = VERTEX_POINT('',#7174);
#7174 = CARTESIAN_POINT('',(27.206,-2.7305,9.4082));
#7175 = LINE('',#7176,#7177);
#7176 = CARTESIAN_POINT('',(-2.794,-2.7305,9.4082));
#7177 = VECTOR('',#7178,1.);
#7178 = DIRECTION('',(1.,0.,0.));
#7179 = ORIENTED_EDGE('',*,*,#7180,.T.);
#7180 = EDGE_CURVE('',#7173,#7173,#7181,.T.);
#7181 = CIRCLE('',#7182,0.4445);
#7182 = AXIS2_PLACEMENT_3D('',#7183,#7184,#7185);
#7183 = CARTESIAN_POINT('',(27.206,-3.175,9.4082));
#7184 = DIRECTION('',(1.,0.,0.));
#7185 = DIRECTION('',(0.,1.,0.));
#7186 = ORIENTED_EDGE('',*,*,#7172,.F.);
#7187 = ORIENTED_EDGE('',*,*,#7104,.T.);
#7188 = ORIENTED_EDGE('',*,*,#7122,.T.);
#7189 = ORIENTED_EDGE('',*,*,#7046,.F.);
#7190 = ORIENTED_EDGE('',*,*,#7163,.F.);
#7191 = FACE_BOUND('',#7192,.F.);
#7192 = EDGE_LOOP('',(#7193,#7204,#7212,#7221));
#7193 = ORIENTED_EDGE('',*,*,#7194,.F.);
#7194 = EDGE_CURVE('',#7195,#7197,#7199,.T.);
#7195 = VERTEX_POINT('',#7196);
#7196 = CARTESIAN_POINT('',(-2.54,-3.600970949714,9.2812));
#7197 = VERTEX_POINT('',#7198);
#7198 = CARTESIAN_POINT('',(-2.54,-3.600970949714,9.5352));
#7199 = CIRCLE('',#7200,0.4445);
#7200 = AXIS2_PLACEMENT_3D('',#7201,#7202,#7203);
#7201 = CARTESIAN_POINT('',(-2.54,-3.175,9.4082));
#7202 = DIRECTION('',(-1.,0.,0.));
#7203 = DIRECTION('',(0.,1.,0.));
#7204 = ORIENTED_EDGE('',*,*,#7205,.F.);
#7205 = EDGE_CURVE('',#7206,#7195,#7208,.T.);
#7206 = VERTEX_POINT('',#7207);
#7207 = CARTESIAN_POINT('',(26.952,-3.600970949714,9.2812));
#7208 = LINE('',#7209,#7210);
#7209 = CARTESIAN_POINT('',(-2.794,-3.600970949714,9.2812));
#7210 = VECTOR('',#7211,1.);
#7211 = DIRECTION('',(-1.,-0.,-0.));
#7212 = ORIENTED_EDGE('',*,*,#7213,.T.);
#7213 = EDGE_CURVE('',#7206,#7214,#7216,.T.);
#7214 = VERTEX_POINT('',#7215);
#7215 = CARTESIAN_POINT('',(26.952,-3.600970949714,9.5352));
#7216 = CIRCLE('',#7217,0.4445);
#7217 = AXIS2_PLACEMENT_3D('',#7218,#7219,#7220);
#7218 = CARTESIAN_POINT('',(26.952,-3.175,9.4082));
#7219 = DIRECTION('',(-1.,0.,0.));
#7220 = DIRECTION('',(0.,1.,0.));
#7221 = ORIENTED_EDGE('',*,*,#7222,.T.);
#7222 = EDGE_CURVE('',#7214,#7197,#7223,.T.);
#7223 = LINE('',#7224,#7225);
#7224 = CARTESIAN_POINT('',(-2.794,-3.600970949714,9.5352));
#7225 = VECTOR('',#7226,1.);
#7226 = DIRECTION('',(-1.,-0.,-0.));
#7227 = CYLINDRICAL_SURFACE('',#7228,0.4445);
#7228 = AXIS2_PLACEMENT_3D('',#7229,#7230,#7231);
#7229 = CARTESIAN_POINT('',(-2.794,-3.175,9.4082));
#7230 = DIRECTION('',(-1.,-0.,-0.));
#7231 = DIRECTION('',(0.,1.,0.));
#7232 = ADVANCED_FACE('',(#7233,#7236),#7247,.F.);
#7233 = FACE_BOUND('',#7234,.F.);
#7234 = EDGE_LOOP('',(#7235));
#7235 = ORIENTED_EDGE('',*,*,#7154,.T.);
#7236 = FACE_BOUND('',#7237,.F.);
#7237 = EDGE_LOOP('',(#7238));
#7238 = ORIENTED_EDGE('',*,*,#7239,.F.);
#7239 = EDGE_CURVE('',#7240,#7240,#7242,.T.);
#7240 = VERTEX_POINT('',#7241);
#7241 = CARTESIAN_POINT('',(-2.794,-3.175,9.2476593));
#7242 = CIRCLE('',#7243,0.1605407);
#7243 = AXIS2_PLACEMENT_3D('',#7244,#7245,#7246);
#7244 = CARTESIAN_POINT('',(-2.794,-3.175,9.4082));
#7245 = DIRECTION('',(1.,-0.,0.));
#7246 = DIRECTION('',(0.,0.,-1.));
#7247 = PLANE('',#7248);
#7248 = AXIS2_PLACEMENT_3D('',#7249,#7250,#7251);
#7249 = CARTESIAN_POINT('',(-2.794,-3.175,9.4082));
#7250 = DIRECTION('',(1.,0.,0.));
#7251 = DIRECTION('',(0.,1.,0.));
#7252 = ADVANCED_FACE('',(#7253,#7256),#7267,.T.);
#7253 = FACE_BOUND('',#7254,.T.);
#7254 = EDGE_LOOP('',(#7255));
#7255 = ORIENTED_EDGE('',*,*,#7180,.T.);
#7256 = FACE_BOUND('',#7257,.T.);
#7257 = EDGE_LOOP('',(#7258));
#7258 = ORIENTED_EDGE('',*,*,#7259,.F.);
#7259 = EDGE_CURVE('',#7260,#7260,#7262,.T.);
#7260 = VERTEX_POINT('',#7261);
#7261 = CARTESIAN_POINT('',(27.206,-3.175,9.2476593));
#7262 = CIRCLE('',#7263,0.1605407);
#7263 = AXIS2_PLACEMENT_3D('',#7264,#7265,#7266);
#7264 = CARTESIAN_POINT('',(27.206,-3.175,9.4082));
#7265 = DIRECTION('',(1.,-0.,0.));
#7266 = DIRECTION('',(0.,0.,-1.));
#7267 = PLANE('',#7268);
#7268 = AXIS2_PLACEMENT_3D('',#7269,#7270,#7271);
#7269 = CARTESIAN_POINT('',(27.206,-3.175,9.4082));
#7270 = DIRECTION('',(1.,0.,0.));
#7271 = DIRECTION('',(0.,1.,0.));
#7272 = ADVANCED_FACE('',(#7273),#7308,.F.);
#7273 = FACE_BOUND('',#7274,.F.);
#7274 = EDGE_LOOP('',(#7275,#7283,#7284,#7292,#7301));
#7275 = ORIENTED_EDGE('',*,*,#7276,.F.);
#7276 = EDGE_CURVE('',#7195,#7277,#7279,.T.);
#7277 = VERTEX_POINT('',#7278);
#7278 = CARTESIAN_POINT('',(-2.54,-4.019029050286,9.2812));
#7279 = LINE('',#7280,#7281);
#7280 = CARTESIAN_POINT('',(-2.54,4.445,9.2812));
#7281 = VECTOR('',#7282,1.);
#7282 = DIRECTION('',(0.,-1.,0.));
#7283 = ORIENTED_EDGE('',*,*,#7194,.T.);
#7284 = ORIENTED_EDGE('',*,*,#7285,.T.);
#7285 = EDGE_CURVE('',#7197,#7286,#7288,.T.);
#7286 = VERTEX_POINT('',#7287);
#7287 = CARTESIAN_POINT('',(-2.54,-4.019029050286,9.5352));
#7288 = LINE('',#7289,#7290);
#7289 = CARTESIAN_POINT('',(-2.54,4.445,9.5352));
#7290 = VECTOR('',#7291,1.);
#7291 = DIRECTION('',(0.,-1.,0.));
#7292 = ORIENTED_EDGE('',*,*,#7293,.T.);
#7293 = EDGE_CURVE('',#7286,#7294,#7296,.T.);
#7294 = VERTEX_POINT('',#7295);
#7295 = CARTESIAN_POINT('',(-2.54,-4.0005,9.4082));
#7296 = CIRCLE('',#7297,0.4445);
#7297 = AXIS2_PLACEMENT_3D('',#7298,#7299,#7300);
#7298 = CARTESIAN_POINT('',(-2.54,-4.445,9.4082));
#7299 = DIRECTION('',(-1.,0.,0.));
#7300 = DIRECTION('',(0.,1.,0.));
#7301 = ORIENTED_EDGE('',*,*,#7302,.T.);
#7302 = EDGE_CURVE('',#7294,#7277,#7303,.T.);
#7303 = CIRCLE('',#7304,0.4445);
#7304 = AXIS2_PLACEMENT_3D('',#7305,#7306,#7307);
#7305 = CARTESIAN_POINT('',(-2.54,-4.445,9.4082));
#7306 = DIRECTION('',(-1.,0.,0.));
#7307 = DIRECTION('',(0.,1.,0.));
#7308 = PLANE('',#7309);
#7309 = AXIS2_PLACEMENT_3D('',#7310,#7311,#7312);
#7310 = CARTESIAN_POINT('',(-2.54,4.445,9.2812));
#7311 = DIRECTION('',(1.,0.,0.));
#7312 = DIRECTION('',(0.,0.,1.));
#7313 = ADVANCED_FACE('',(#7314),#7332,.T.);
#7314 = FACE_BOUND('',#7315,.T.);
#7315 = EDGE_LOOP('',(#7316,#7324,#7325,#7326));
#7316 = ORIENTED_EDGE('',*,*,#7317,.F.);
#7317 = EDGE_CURVE('',#7214,#7318,#7320,.T.);
#7318 = VERTEX_POINT('',#7319);
#7319 = CARTESIAN_POINT('',(26.952,-4.019029050286,9.5352));
#7320 = LINE('',#7321,#7322);
#7321 = CARTESIAN_POINT('',(26.952,4.445,9.5352));
#7322 = VECTOR('',#7323,1.);
#7323 = DIRECTION('',(0.,-1.,0.));
#7324 = ORIENTED_EDGE('',*,*,#7222,.T.);
#7325 = ORIENTED_EDGE('',*,*,#7285,.T.);
#7326 = ORIENTED_EDGE('',*,*,#7327,.F.);
#7327 = EDGE_CURVE('',#7318,#7286,#7328,.T.);
#7328 = LINE('',#7329,#7330);
#7329 = CARTESIAN_POINT('',(-2.794,-4.019029050286,9.5352));
#7330 = VECTOR('',#7331,1.);
#7331 = DIRECTION('',(-1.,-0.,-0.));
#7332 = PLANE('',#7333);
#7333 = AXIS2_PLACEMENT_3D('',#7334,#7335,#7336);
#7334 = CARTESIAN_POINT('',(-2.54,4.445,9.5352));
#7335 = DIRECTION('',(0.,0.,1.));
#7336 = DIRECTION('',(0.,-1.,0.));
#7337 = ADVANCED_FACE('',(#7338),#7366,.T.);
#7338 = FACE_BOUND('',#7339,.T.);
#7339 = EDGE_LOOP('',(#7340,#7348,#7349,#7350,#7359));
#7340 = ORIENTED_EDGE('',*,*,#7341,.F.);
#7341 = EDGE_CURVE('',#7206,#7342,#7344,.T.);
#7342 = VERTEX_POINT('',#7343);
#7343 = CARTESIAN_POINT('',(26.952,-4.019029050286,9.2812));
#7344 = LINE('',#7345,#7346);
#7345 = CARTESIAN_POINT('',(26.952,4.445,9.2812));
#7346 = VECTOR('',#7347,1.);
#7347 = DIRECTION('',(0.,-1.,0.));
#7348 = ORIENTED_EDGE('',*,*,#7213,.T.);
#7349 = ORIENTED_EDGE('',*,*,#7317,.T.);
#7350 = ORIENTED_EDGE('',*,*,#7351,.T.);
#7351 = EDGE_CURVE('',#7318,#7352,#7354,.T.);
#7352 = VERTEX_POINT('',#7353);
#7353 = CARTESIAN_POINT('',(26.952,-4.0005,9.4082));
#7354 = CIRCLE('',#7355,0.4445);
#7355 = AXIS2_PLACEMENT_3D('',#7356,#7357,#7358);
#7356 = CARTESIAN_POINT('',(26.952,-4.445,9.4082));
#7357 = DIRECTION('',(-1.,0.,0.));
#7358 = DIRECTION('',(0.,1.,0.));
#7359 = ORIENTED_EDGE('',*,*,#7360,.T.);
#7360 = EDGE_CURVE('',#7352,#7342,#7361,.T.);
#7361 = CIRCLE('',#7362,0.4445);
#7362 = AXIS2_PLACEMENT_3D('',#7363,#7364,#7365);
#7363 = CARTESIAN_POINT('',(26.952,-4.445,9.4082));
#7364 = DIRECTION('',(-1.,0.,0.));
#7365 = DIRECTION('',(0.,1.,0.));
#7366 = PLANE('',#7367);
#7367 = AXIS2_PLACEMENT_3D('',#7368,#7369,#7370);
#7368 = CARTESIAN_POINT('',(26.952,4.445,9.2812));
#7369 = DIRECTION('',(1.,0.,0.));
#7370 = DIRECTION('',(0.,0.,1.));
#7371 = ADVANCED_FACE('',(#7372),#7383,.F.);
#7372 = FACE_BOUND('',#7373,.F.);
#7373 = EDGE_LOOP('',(#7374,#7375,#7376,#7377));
#7374 = ORIENTED_EDGE('',*,*,#7341,.F.);
#7375 = ORIENTED_EDGE('',*,*,#7205,.T.);
#7376 = ORIENTED_EDGE('',*,*,#7276,.T.);
#7377 = ORIENTED_EDGE('',*,*,#7378,.F.);
#7378 = EDGE_CURVE('',#7342,#7277,#7379,.T.);
#7379 = LINE('',#7380,#7381);
#7380 = CARTESIAN_POINT('',(-2.794,-4.019029050286,9.2812));
#7381 = VECTOR('',#7382,1.);
#7382 = DIRECTION('',(-1.,-0.,-0.));
#7383 = PLANE('',#7384);
#7384 = AXIS2_PLACEMENT_3D('',#7385,#7386,#7387);
#7385 = CARTESIAN_POINT('',(-2.54,4.445,9.2812));
#7386 = DIRECTION('',(0.,0.,1.));
#7387 = DIRECTION('',(0.,-1.,0.));
#7388 = ADVANCED_FACE('',(#7389),#7392,.F.);
#7389 = FACE_BOUND('',#7390,.F.);
#7390 = EDGE_LOOP('',(#7391));
#7391 = ORIENTED_EDGE('',*,*,#7239,.T.);
#7392 = PLANE('',#7393);
#7393 = AXIS2_PLACEMENT_3D('',#7394,#7395,#7396);
#7394 = CARTESIAN_POINT('',(-2.794,-3.175,9.4082));
#7395 = DIRECTION('',(1.,0.,0.));
#7396 = DIRECTION('',(0.,1.,0.));
#7397 = ADVANCED_FACE('',(#7398),#7401,.T.);
#7398 = FACE_BOUND('',#7399,.T.);
#7399 = EDGE_LOOP('',(#7400));
#7400 = ORIENTED_EDGE('',*,*,#7259,.T.);
#7401 = PLANE('',#7402);
#7402 = AXIS2_PLACEMENT_3D('',#7403,#7404,#7405);
#7403 = CARTESIAN_POINT('',(27.206,-3.175,9.4082));
#7404 = DIRECTION('',(1.,0.,0.));
#7405 = DIRECTION('',(0.,1.,0.));
#7406 = ADVANCED_FACE('',(#7407),#7447,.T.);
#7407 = FACE_BOUND('',#7408,.F.);
#7408 = EDGE_LOOP('',(#7409,#7418,#7424,#7425,#7426,#7427,#7435,#7442,
    #7443,#7444,#7445,#7446));
#7409 = ORIENTED_EDGE('',*,*,#7410,.F.);
#7410 = EDGE_CURVE('',#7411,#7411,#7413,.T.);
#7411 = VERTEX_POINT('',#7412);
#7412 = CARTESIAN_POINT('',(-2.794,-4.0005,9.4082));
#7413 = CIRCLE('',#7414,0.4445);
#7414 = AXIS2_PLACEMENT_3D('',#7415,#7416,#7417);
#7415 = CARTESIAN_POINT('',(-2.794,-4.445,9.4082));
#7416 = DIRECTION('',(1.,0.,0.));
#7417 = DIRECTION('',(0.,1.,0.));
#7418 = ORIENTED_EDGE('',*,*,#7419,.T.);
#7419 = EDGE_CURVE('',#7411,#7294,#7420,.T.);
#7420 = LINE('',#7421,#7422);
#7421 = CARTESIAN_POINT('',(-2.794,-4.0005,9.4082));
#7422 = VECTOR('',#7423,1.);
#7423 = DIRECTION('',(1.,0.,0.));
#7424 = ORIENTED_EDGE('',*,*,#7293,.F.);
#7425 = ORIENTED_EDGE('',*,*,#7327,.F.);
#7426 = ORIENTED_EDGE('',*,*,#7351,.T.);
#7427 = ORIENTED_EDGE('',*,*,#7428,.T.);
#7428 = EDGE_CURVE('',#7352,#7429,#7431,.T.);
#7429 = VERTEX_POINT('',#7430);
#7430 = CARTESIAN_POINT('',(27.206,-4.0005,9.4082));
#7431 = LINE('',#7432,#7433);
#7432 = CARTESIAN_POINT('',(-2.794,-4.0005,9.4082));
#7433 = VECTOR('',#7434,1.);
#7434 = DIRECTION('',(1.,0.,0.));
#7435 = ORIENTED_EDGE('',*,*,#7436,.T.);
#7436 = EDGE_CURVE('',#7429,#7429,#7437,.T.);
#7437 = CIRCLE('',#7438,0.4445);
#7438 = AXIS2_PLACEMENT_3D('',#7439,#7440,#7441);
#7439 = CARTESIAN_POINT('',(27.206,-4.445,9.4082));
#7440 = DIRECTION('',(1.,0.,0.));
#7441 = DIRECTION('',(0.,1.,0.));
#7442 = ORIENTED_EDGE('',*,*,#7428,.F.);
#7443 = ORIENTED_EDGE('',*,*,#7360,.T.);
#7444 = ORIENTED_EDGE('',*,*,#7378,.T.);
#7445 = ORIENTED_EDGE('',*,*,#7302,.F.);
#7446 = ORIENTED_EDGE('',*,*,#7419,.F.);
#7447 = CYLINDRICAL_SURFACE('',#7448,0.4445);
#7448 = AXIS2_PLACEMENT_3D('',#7449,#7450,#7451);
#7449 = CARTESIAN_POINT('',(-2.794,-4.445,9.4082));
#7450 = DIRECTION('',(-1.,-0.,-0.));
#7451 = DIRECTION('',(0.,1.,0.));
#7452 = ADVANCED_FACE('',(#7453,#7456),#7467,.F.);
#7453 = FACE_BOUND('',#7454,.F.);
#7454 = EDGE_LOOP('',(#7455));
#7455 = ORIENTED_EDGE('',*,*,#7410,.T.);
#7456 = FACE_BOUND('',#7457,.F.);
#7457 = EDGE_LOOP('',(#7458));
#7458 = ORIENTED_EDGE('',*,*,#7459,.F.);
#7459 = EDGE_CURVE('',#7460,#7460,#7462,.T.);
#7460 = VERTEX_POINT('',#7461);
#7461 = CARTESIAN_POINT('',(-2.794,-4.445,9.2476593));
#7462 = CIRCLE('',#7463,0.1605407);
#7463 = AXIS2_PLACEMENT_3D('',#7464,#7465,#7466);
#7464 = CARTESIAN_POINT('',(-2.794,-4.445,9.4082));
#7465 = DIRECTION('',(1.,-0.,0.));
#7466 = DIRECTION('',(0.,0.,-1.));
#7467 = PLANE('',#7468);
#7468 = AXIS2_PLACEMENT_3D('',#7469,#7470,#7471);
#7469 = CARTESIAN_POINT('',(-2.794,-4.445,9.4082));
#7470 = DIRECTION('',(1.,0.,0.));
#7471 = DIRECTION('',(0.,1.,0.));
#7472 = ADVANCED_FACE('',(#7473,#7476),#7487,.T.);
#7473 = FACE_BOUND('',#7474,.T.);
#7474 = EDGE_LOOP('',(#7475));
#7475 = ORIENTED_EDGE('',*,*,#7436,.T.);
#7476 = FACE_BOUND('',#7477,.T.);
#7477 = EDGE_LOOP('',(#7478));
#7478 = ORIENTED_EDGE('',*,*,#7479,.F.);
#7479 = EDGE_CURVE('',#7480,#7480,#7482,.T.);
#7480 = VERTEX_POINT('',#7481);
#7481 = CARTESIAN_POINT('',(27.206,-4.445,9.2476593));
#7482 = CIRCLE('',#7483,0.1605407);
#7483 = AXIS2_PLACEMENT_3D('',#7484,#7485,#7486);
#7484 = CARTESIAN_POINT('',(27.206,-4.445,9.4082));
#7485 = DIRECTION('',(1.,-0.,0.));
#7486 = DIRECTION('',(0.,0.,-1.));
#7487 = PLANE('',#7488);
#7488 = AXIS2_PLACEMENT_3D('',#7489,#7490,#7491);
#7489 = CARTESIAN_POINT('',(27.206,-4.445,9.4082));
#7490 = DIRECTION('',(1.,0.,0.));
#7491 = DIRECTION('',(0.,1.,0.));
#7492 = ADVANCED_FACE('',(#7493),#7496,.F.);
#7493 = FACE_BOUND('',#7494,.F.);
#7494 = EDGE_LOOP('',(#7495));
#7495 = ORIENTED_EDGE('',*,*,#7459,.T.);
#7496 = PLANE('',#7497);
#7497 = AXIS2_PLACEMENT_3D('',#7498,#7499,#7500);
#7498 = CARTESIAN_POINT('',(-2.794,-4.445,9.4082));
#7499 = DIRECTION('',(1.,0.,0.));
#7500 = DIRECTION('',(0.,1.,0.));
#7501 = ADVANCED_FACE('',(#7502),#7505,.T.);
#7502 = FACE_BOUND('',#7503,.T.);
#7503 = EDGE_LOOP('',(#7504));
#7504 = ORIENTED_EDGE('',*,*,#7479,.T.);
#7505 = PLANE('',#7506);
#7506 = AXIS2_PLACEMENT_3D('',#7507,#7508,#7509);
#7507 = CARTESIAN_POINT('',(27.206,-4.445,9.4082));
#7508 = DIRECTION('',(1.,0.,0.));
#7509 = DIRECTION('',(0.,1.,0.));
#7510 = ( GEOMETRIC_REPRESENTATION_CONTEXT(3) 
GLOBAL_UNCERTAINTY_ASSIGNED_CONTEXT((#7514)) 
GLOBAL_UNIT_ASSIGNED_CONTEXT((#7511,#7512,#7513)) REPRESENTATION_CONTEXT
('Context #1','3D Context with UNIT and UNCERTAINTY') );
#7511 = ( LENGTH_UNIT() NAMED_UNIT(*) SI_UNIT(.MILLI.,.METRE.) );
#7512 = ( NAMED_UNIT(*) PLANE_ANGLE_UNIT() SI_UNIT($,.RADIAN.) );
#7513 = ( NAMED_UNIT(*) SI_UNIT($,.STERADIAN.) SOLID_ANGLE_UNIT() );
#7514 = UNCERTAINTY_MEASURE_WITH_UNIT(LENGTH_MEASURE(1.E-07),#7511,
  'distance_accuracy_value','confusion accuracy');
#7515 = CONTEXT_DEPENDENT_SHAPE_REPRESENTATION(#7516,#7518);
#7516 = ( REPRESENTATION_RELATIONSHIP('','',#5599,#10) 
REPRESENTATION_RELATIONSHIP_WITH_TRANSFORMATION(#7517) 
SHAPE_REPRESENTATION_RELATIONSHIP() );
#7517 = ITEM_DEFINED_TRANSFORMATION('','',#11,#23);
#7518 = PRODUCT_DEFINITION_SHAPE('Placement','Placement of an item',
  #7519);
#7519 = NEXT_ASSEMBLY_USAGE_OCCURRENCE('10','IDSD-04-D-XX.XX_Cable','',
  #5,#5594,$);
#7520 = PRODUCT_RELATED_PRODUCT_CATEGORY('part',$,(#5596));
#7521 = MECHANICAL_DESIGN_GEOMETRIC_PRESENTATION_REPRESENTATION('',(
    #7522),#5581);
#7522 = STYLED_ITEM('color',(#7523),#3320);
#7523 = PRESENTATION_STYLE_ASSIGNMENT((#7524,#7530));
#7524 = SURFACE_STYLE_USAGE(.BOTH.,#7525);
#7525 = SURFACE_SIDE_STYLE('',(#7526));
#7526 = SURFACE_STYLE_FILL_AREA(#7527);
#7527 = FILL_AREA_STYLE('',(#7528));
#7528 = FILL_AREA_STYLE_COLOUR('',#7529);
#7529 = COLOUR_RGB('',0.15294118163,0.149019617616,0.149019617616);
#7530 = CURVE_STYLE('',#7531,POSITIVE_LENGTH_MEASURE(0.1),#7532);
#7531 = DRAUGHTING_PRE_DEFINED_CURVE_FONT('continuous');
#7532 = COLOUR_RGB('',9.803921802644E-02,9.803921802644E-02,
  9.803921802644E-02);
#7533 = MECHANICAL_DESIGN_GEOMETRIC_PRESENTATION_REPRESENTATION('',(
    #7534,#7544,#7552,#7560,#7567,#7574,#7581,#7588,#7596,#7603,#7611,
    #7618,#7625,#7632,#7639,#7646,#7653,#7661,#7668,#7675,#7682,#7689,
    #7697,#7704,#7711,#7718,#7725,#7733,#7740,#7747,#7754,#7761,#7769,
    #7776,#7783,#7790,#7797,#7804),#7510);
#7534 = STYLED_ITEM('color',(#7535),#5600);
#7535 = PRESENTATION_STYLE_ASSIGNMENT((#7536,#7542));
#7536 = SURFACE_STYLE_USAGE(.BOTH.,#7537);
#7537 = SURFACE_SIDE_STYLE('',(#7538));
#7538 = SURFACE_STYLE_FILL_AREA(#7539);
#7539 = FILL_AREA_STYLE('',(#7540));
#7540 = FILL_AREA_STYLE_COLOUR('',#7541);
#7541 = COLOUR_RGB('',0.337254907675,0.337254907675,0.337254907675);
#7542 = CURVE_STYLE('',#7543,POSITIVE_LENGTH_MEASURE(0.1),#7532);
#7543 = DRAUGHTING_PRE_DEFINED_CURVE_FONT('continuous');
#7544 = OVER_RIDING_STYLED_ITEM('overriding color',(#7545),#5693,#7534);
#7545 = PRESENTATION_STYLE_ASSIGNMENT((#7546));
#7546 = SURFACE_STYLE_USAGE(.BOTH.,#7547);
#7547 = SURFACE_SIDE_STYLE('',(#7548));
#7548 = SURFACE_STYLE_FILL_AREA(#7549);
#7549 = FILL_AREA_STYLE('',(#7550));
#7550 = FILL_AREA_STYLE_COLOUR('',#7551);
#7551 = COLOUR_RGB('',0.627451011593,0.137254909518,0.137254909518);
#7552 = OVER_RIDING_STYLED_ITEM('overriding color',(#7553),#5820,#7534);
#7553 = PRESENTATION_STYLE_ASSIGNMENT((#7554));
#7554 = SURFACE_STYLE_USAGE(.BOTH.,#7555);
#7555 = SURFACE_SIDE_STYLE('',(#7556));
#7556 = SURFACE_STYLE_FILL_AREA(#7557);
#7557 = FILL_AREA_STYLE('',(#7558));
#7558 = FILL_AREA_STYLE_COLOUR('',#7559);
#7559 = COLOUR_RGB('',0.333333345507,0.215686275495,0.105882356759);
#7560 = OVER_RIDING_STYLED_ITEM('overriding color',(#7561),#5894,#7534);
#7561 = PRESENTATION_STYLE_ASSIGNMENT((#7562));
#7562 = SURFACE_STYLE_USAGE(.BOTH.,#7563);
#7563 = SURFACE_SIDE_STYLE('',(#7564));
#7564 = SURFACE_STYLE_FILL_AREA(#7565);
#7565 = FILL_AREA_STYLE('',(#7566));
#7566 = FILL_AREA_STYLE_COLOUR('',#7551);
#7567 = OVER_RIDING_STYLED_ITEM('overriding color',(#7568),#5914,#7534);
#7568 = PRESENTATION_STYLE_ASSIGNMENT((#7569));
#7569 = SURFACE_STYLE_USAGE(.BOTH.,#7570);
#7570 = SURFACE_SIDE_STYLE('',(#7571));
#7571 = SURFACE_STYLE_FILL_AREA(#7572);
#7572 = FILL_AREA_STYLE('',(#7573));
#7573 = FILL_AREA_STYLE_COLOUR('',#7551);
#7574 = OVER_RIDING_STYLED_ITEM('overriding color',(#7575),#6050,#7534);
#7575 = PRESENTATION_STYLE_ASSIGNMENT((#7576));
#7576 = SURFACE_STYLE_USAGE(.BOTH.,#7577);
#7577 = SURFACE_SIDE_STYLE('',(#7578));
#7578 = SURFACE_STYLE_FILL_AREA(#7579);
#7579 = FILL_AREA_STYLE('',(#7580));
#7580 = FILL_AREA_STYLE_COLOUR('',#7559);
#7581 = OVER_RIDING_STYLED_ITEM('overriding color',(#7582),#6070,#7534);
#7582 = PRESENTATION_STYLE_ASSIGNMENT((#7583));
#7583 = SURFACE_STYLE_USAGE(.BOTH.,#7584);
#7584 = SURFACE_SIDE_STYLE('',(#7585));
#7585 = SURFACE_STYLE_FILL_AREA(#7586);
#7586 = FILL_AREA_STYLE('',(#7587));
#7587 = FILL_AREA_STYLE_COLOUR('',#7559);
#7588 = OVER_RIDING_STYLED_ITEM('overriding color',(#7589),#6090,#7534);
#7589 = PRESENTATION_STYLE_ASSIGNMENT((#7590));
#7590 = SURFACE_STYLE_USAGE(.BOTH.,#7591);
#7591 = SURFACE_SIDE_STYLE('',(#7592));
#7592 = SURFACE_STYLE_FILL_AREA(#7593);
#7593 = FILL_AREA_STYLE('',(#7594));
#7594 = FILL_AREA_STYLE_COLOUR('',#7595);
#7595 = COLOUR_RGB('',0.564705921009,0.274509816483,0.223529416636);
#7596 = OVER_RIDING_STYLED_ITEM('overriding color',(#7597),#6099,#7534);
#7597 = PRESENTATION_STYLE_ASSIGNMENT((#7598));
#7598 = SURFACE_STYLE_USAGE(.BOTH.,#7599);
#7599 = SURFACE_SIDE_STYLE('',(#7600));
#7600 = SURFACE_STYLE_FILL_AREA(#7601);
#7601 = FILL_AREA_STYLE('',(#7602));
#7602 = FILL_AREA_STYLE_COLOUR('',#7595);
#7603 = OVER_RIDING_STYLED_ITEM('overriding color',(#7604),#6108,#7534);
#7604 = PRESENTATION_STYLE_ASSIGNMENT((#7605));
#7605 = SURFACE_STYLE_USAGE(.BOTH.,#7606);
#7606 = SURFACE_SIDE_STYLE('',(#7607));
#7607 = SURFACE_STYLE_FILL_AREA(#7608);
#7608 = FILL_AREA_STYLE('',(#7609));
#7609 = FILL_AREA_STYLE_COLOUR('',#7610);
#7610 = COLOUR_RGB('',0.807843143701,0.388235295535,0.176470590079);
#7611 = OVER_RIDING_STYLED_ITEM('overriding color',(#7612),#6190,#7534);
#7612 = PRESENTATION_STYLE_ASSIGNMENT((#7613));
#7613 = SURFACE_STYLE_USAGE(.BOTH.,#7614);
#7614 = SURFACE_SIDE_STYLE('',(#7615));
#7615 = SURFACE_STYLE_FILL_AREA(#7616);
#7616 = FILL_AREA_STYLE('',(#7617));
#7617 = FILL_AREA_STYLE_COLOUR('',#7595);
#7618 = OVER_RIDING_STYLED_ITEM('overriding color',(#7619),#6199,#7534);
#7619 = PRESENTATION_STYLE_ASSIGNMENT((#7620));
#7620 = SURFACE_STYLE_USAGE(.BOTH.,#7621);
#7621 = SURFACE_SIDE_STYLE('',(#7622));
#7622 = SURFACE_STYLE_FILL_AREA(#7623);
#7623 = FILL_AREA_STYLE('',(#7624));
#7624 = FILL_AREA_STYLE_COLOUR('',#7595);
#7625 = OVER_RIDING_STYLED_ITEM('overriding color',(#7626),#6208,#7534);
#7626 = PRESENTATION_STYLE_ASSIGNMENT((#7627));
#7627 = SURFACE_STYLE_USAGE(.BOTH.,#7628);
#7628 = SURFACE_SIDE_STYLE('',(#7629));
#7629 = SURFACE_STYLE_FILL_AREA(#7630);
#7630 = FILL_AREA_STYLE('',(#7631));
#7631 = FILL_AREA_STYLE_COLOUR('',#7610);
#7632 = OVER_RIDING_STYLED_ITEM('overriding color',(#7633),#6228,#7534);
#7633 = PRESENTATION_STYLE_ASSIGNMENT((#7634));
#7634 = SURFACE_STYLE_USAGE(.BOTH.,#7635);
#7635 = SURFACE_SIDE_STYLE('',(#7636));
#7636 = SURFACE_STYLE_FILL_AREA(#7637);
#7637 = FILL_AREA_STYLE('',(#7638));
#7638 = FILL_AREA_STYLE_COLOUR('',#7610);
#7639 = OVER_RIDING_STYLED_ITEM('overriding color',(#7640),#6364,#7534);
#7640 = PRESENTATION_STYLE_ASSIGNMENT((#7641));
#7641 = SURFACE_STYLE_USAGE(.BOTH.,#7642);
#7642 = SURFACE_SIDE_STYLE('',(#7643));
#7643 = SURFACE_STYLE_FILL_AREA(#7644);
#7644 = FILL_AREA_STYLE('',(#7645));
#7645 = FILL_AREA_STYLE_COLOUR('',#7595);
#7646 = OVER_RIDING_STYLED_ITEM('overriding color',(#7647),#6373,#7534);
#7647 = PRESENTATION_STYLE_ASSIGNMENT((#7648));
#7648 = SURFACE_STYLE_USAGE(.BOTH.,#7649);
#7649 = SURFACE_SIDE_STYLE('',(#7650));
#7650 = SURFACE_STYLE_FILL_AREA(#7651);
#7651 = FILL_AREA_STYLE('',(#7652));
#7652 = FILL_AREA_STYLE_COLOUR('',#7595);
#7653 = OVER_RIDING_STYLED_ITEM('overriding color',(#7654),#6382,#7534);
#7654 = PRESENTATION_STYLE_ASSIGNMENT((#7655));
#7655 = SURFACE_STYLE_USAGE(.BOTH.,#7656);
#7656 = SURFACE_SIDE_STYLE('',(#7657));
#7657 = SURFACE_STYLE_FILL_AREA(#7658);
#7658 = FILL_AREA_STYLE('',(#7659));
#7659 = FILL_AREA_STYLE_COLOUR('',#7660);
#7660 = COLOUR_RGB('',0.890196087049,0.890196087049,0.333333345507);
#7661 = OVER_RIDING_STYLED_ITEM('overriding color',(#7662),#6464,#7534);
#7662 = PRESENTATION_STYLE_ASSIGNMENT((#7663));
#7663 = SURFACE_STYLE_USAGE(.BOTH.,#7664);
#7664 = SURFACE_SIDE_STYLE('',(#7665));
#7665 = SURFACE_STYLE_FILL_AREA(#7666);
#7666 = FILL_AREA_STYLE('',(#7667));
#7667 = FILL_AREA_STYLE_COLOUR('',#7660);
#7668 = OVER_RIDING_STYLED_ITEM('overriding color',(#7669),#6484,#7534);
#7669 = PRESENTATION_STYLE_ASSIGNMENT((#7670));
#7670 = SURFACE_STYLE_USAGE(.BOTH.,#7671);
#7671 = SURFACE_SIDE_STYLE('',(#7672));
#7672 = SURFACE_STYLE_FILL_AREA(#7673);
#7673 = FILL_AREA_STYLE('',(#7674));
#7674 = FILL_AREA_STYLE_COLOUR('',#7660);
#7675 = OVER_RIDING_STYLED_ITEM('overriding color',(#7676),#6620,#7534);
#7676 = PRESENTATION_STYLE_ASSIGNMENT((#7677));
#7677 = SURFACE_STYLE_USAGE(.BOTH.,#7678);
#7678 = SURFACE_SIDE_STYLE('',(#7679));
#7679 = SURFACE_STYLE_FILL_AREA(#7680);
#7680 = FILL_AREA_STYLE('',(#7681));
#7681 = FILL_AREA_STYLE_COLOUR('',#7595);
#7682 = OVER_RIDING_STYLED_ITEM('overriding color',(#7683),#6629,#7534);
#7683 = PRESENTATION_STYLE_ASSIGNMENT((#7684));
#7684 = SURFACE_STYLE_USAGE(.BOTH.,#7685);
#7685 = SURFACE_SIDE_STYLE('',(#7686));
#7686 = SURFACE_STYLE_FILL_AREA(#7687);
#7687 = FILL_AREA_STYLE('',(#7688));
#7688 = FILL_AREA_STYLE_COLOUR('',#7595);
#7689 = OVER_RIDING_STYLED_ITEM('overriding color',(#7690),#6638,#7534);
#7690 = PRESENTATION_STYLE_ASSIGNMENT((#7691));
#7691 = SURFACE_STYLE_USAGE(.BOTH.,#7692);
#7692 = SURFACE_SIDE_STYLE('',(#7693));
#7693 = SURFACE_STYLE_FILL_AREA(#7694);
#7694 = FILL_AREA_STYLE('',(#7695));
#7695 = FILL_AREA_STYLE_COLOUR('',#7696);
#7696 = COLOUR_RGB('',0.266666683833,0.525490220889,0.301960791261);
#7697 = OVER_RIDING_STYLED_ITEM('overriding color',(#7698),#6720,#7534);
#7698 = PRESENTATION_STYLE_ASSIGNMENT((#7699));
#7699 = SURFACE_STYLE_USAGE(.BOTH.,#7700);
#7700 = SURFACE_SIDE_STYLE('',(#7701));
#7701 = SURFACE_STYLE_FILL_AREA(#7702);
#7702 = FILL_AREA_STYLE('',(#7703));
#7703 = FILL_AREA_STYLE_COLOUR('',#7696);
#7704 = OVER_RIDING_STYLED_ITEM('overriding color',(#7705),#6740,#7534);
#7705 = PRESENTATION_STYLE_ASSIGNMENT((#7706));
#7706 = SURFACE_STYLE_USAGE(.BOTH.,#7707);
#7707 = SURFACE_SIDE_STYLE('',(#7708));
#7708 = SURFACE_STYLE_FILL_AREA(#7709);
#7709 = FILL_AREA_STYLE('',(#7710));
#7710 = FILL_AREA_STYLE_COLOUR('',#7696);
#7711 = OVER_RIDING_STYLED_ITEM('overriding color',(#7712),#6876,#7534);
#7712 = PRESENTATION_STYLE_ASSIGNMENT((#7713));
#7713 = SURFACE_STYLE_USAGE(.BOTH.,#7714);
#7714 = SURFACE_SIDE_STYLE('',(#7715));
#7715 = SURFACE_STYLE_FILL_AREA(#7716);
#7716 = FILL_AREA_STYLE('',(#7717));
#7717 = FILL_AREA_STYLE_COLOUR('',#7595);
#7718 = OVER_RIDING_STYLED_ITEM('overriding color',(#7719),#6885,#7534);
#7719 = PRESENTATION_STYLE_ASSIGNMENT((#7720));
#7720 = SURFACE_STYLE_USAGE(.BOTH.,#7721);
#7721 = SURFACE_SIDE_STYLE('',(#7722));
#7722 = SURFACE_STYLE_FILL_AREA(#7723);
#7723 = FILL_AREA_STYLE('',(#7724));
#7724 = FILL_AREA_STYLE_COLOUR('',#7595);
#7725 = OVER_RIDING_STYLED_ITEM('overriding color',(#7726),#6894,#7534);
#7726 = PRESENTATION_STYLE_ASSIGNMENT((#7727));
#7727 = SURFACE_STYLE_USAGE(.BOTH.,#7728);
#7728 = SURFACE_SIDE_STYLE('',(#7729));
#7729 = SURFACE_STYLE_FILL_AREA(#7730);
#7730 = FILL_AREA_STYLE('',(#7731));
#7731 = FILL_AREA_STYLE_COLOUR('',#7732);
#7732 = COLOUR_RGB('',0.168627456984,0.250980406631,0.443137255223);
#7733 = OVER_RIDING_STYLED_ITEM('overriding color',(#7734),#6976,#7534);
#7734 = PRESENTATION_STYLE_ASSIGNMENT((#7735));
#7735 = SURFACE_STYLE_USAGE(.BOTH.,#7736);
#7736 = SURFACE_SIDE_STYLE('',(#7737));
#7737 = SURFACE_STYLE_FILL_AREA(#7738);
#7738 = FILL_AREA_STYLE('',(#7739));
#7739 = FILL_AREA_STYLE_COLOUR('',#7732);
#7740 = OVER_RIDING_STYLED_ITEM('overriding color',(#7741),#6996,#7534);
#7741 = PRESENTATION_STYLE_ASSIGNMENT((#7742));
#7742 = SURFACE_STYLE_USAGE(.BOTH.,#7743);
#7743 = SURFACE_SIDE_STYLE('',(#7744));
#7744 = SURFACE_STYLE_FILL_AREA(#7745);
#7745 = FILL_AREA_STYLE('',(#7746));
#7746 = FILL_AREA_STYLE_COLOUR('',#7732);
#7747 = OVER_RIDING_STYLED_ITEM('overriding color',(#7748),#7132,#7534);
#7748 = PRESENTATION_STYLE_ASSIGNMENT((#7749));
#7749 = SURFACE_STYLE_USAGE(.BOTH.,#7750);
#7750 = SURFACE_SIDE_STYLE('',(#7751));
#7751 = SURFACE_STYLE_FILL_AREA(#7752);
#7752 = FILL_AREA_STYLE('',(#7753));
#7753 = FILL_AREA_STYLE_COLOUR('',#7595);
#7754 = OVER_RIDING_STYLED_ITEM('overriding color',(#7755),#7141,#7534);
#7755 = PRESENTATION_STYLE_ASSIGNMENT((#7756));
#7756 = SURFACE_STYLE_USAGE(.BOTH.,#7757);
#7757 = SURFACE_SIDE_STYLE('',(#7758));
#7758 = SURFACE_STYLE_FILL_AREA(#7759);
#7759 = FILL_AREA_STYLE('',(#7760));
#7760 = FILL_AREA_STYLE_COLOUR('',#7595);
#7761 = OVER_RIDING_STYLED_ITEM('overriding color',(#7762),#7150,#7534);
#7762 = PRESENTATION_STYLE_ASSIGNMENT((#7763));
#7763 = SURFACE_STYLE_USAGE(.BOTH.,#7764);
#7764 = SURFACE_SIDE_STYLE('',(#7765));
#7765 = SURFACE_STYLE_FILL_AREA(#7766);
#7766 = FILL_AREA_STYLE('',(#7767));
#7767 = FILL_AREA_STYLE_COLOUR('',#7768);
#7768 = COLOUR_RGB('',0.270588249277,0.176470590079,0.317647072818);
#7769 = OVER_RIDING_STYLED_ITEM('overriding color',(#7770),#7232,#7534);
#7770 = PRESENTATION_STYLE_ASSIGNMENT((#7771));
#7771 = SURFACE_STYLE_USAGE(.BOTH.,#7772);
#7772 = SURFACE_SIDE_STYLE('',(#7773));
#7773 = SURFACE_STYLE_FILL_AREA(#7774);
#7774 = FILL_AREA_STYLE('',(#7775));
#7775 = FILL_AREA_STYLE_COLOUR('',#7768);
#7776 = OVER_RIDING_STYLED_ITEM('overriding color',(#7777),#7252,#7534);
#7777 = PRESENTATION_STYLE_ASSIGNMENT((#7778));
#7778 = SURFACE_STYLE_USAGE(.BOTH.,#7779);
#7779 = SURFACE_SIDE_STYLE('',(#7780));
#7780 = SURFACE_STYLE_FILL_AREA(#7781);
#7781 = FILL_AREA_STYLE('',(#7782));
#7782 = FILL_AREA_STYLE_COLOUR('',#7768);
#7783 = OVER_RIDING_STYLED_ITEM('overriding color',(#7784),#7388,#7534);
#7784 = PRESENTATION_STYLE_ASSIGNMENT((#7785));
#7785 = SURFACE_STYLE_USAGE(.BOTH.,#7786);
#7786 = SURFACE_SIDE_STYLE('',(#7787));
#7787 = SURFACE_STYLE_FILL_AREA(#7788);
#7788 = FILL_AREA_STYLE('',(#7789));
#7789 = FILL_AREA_STYLE_COLOUR('',#7595);
#7790 = OVER_RIDING_STYLED_ITEM('overriding color',(#7791),#7397,#7534);
#7791 = PRESENTATION_STYLE_ASSIGNMENT((#7792));
#7792 = SURFACE_STYLE_USAGE(.BOTH.,#7793);
#7793 = SURFACE_SIDE_STYLE('',(#7794));
#7794 = SURFACE_STYLE_FILL_AREA(#7795);
#7795 = FILL_AREA_STYLE('',(#7796));
#7796 = FILL_AREA_STYLE_COLOUR('',#7595);
#7797 = OVER_RIDING_STYLED_ITEM('overriding color',(#7798),#7492,#7534);
#7798 = PRESENTATION_STYLE_ASSIGNMENT((#7799));
#7799 = SURFACE_STYLE_USAGE(.BOTH.,#7800);
#7800 = SURFACE_SIDE_STYLE('',(#7801));
#7801 = SURFACE_STYLE_FILL_AREA(#7802);
#7802 = FILL_AREA_STYLE('',(#7803));
#7803 = FILL_AREA_STYLE_COLOUR('',#7595);
#7804 = OVER_RIDING_STYLED_ITEM('overriding color',(#7805),#7501,#7534);
#7805 = PRESENTATION_STYLE_ASSIGNMENT((#7806));
#7806 = SURFACE_STYLE_USAGE(.BOTH.,#7807);
#7807 = SURFACE_SIDE_STYLE('',(#7808));
#7808 = SURFACE_STYLE_FILL_AREA(#7809);
#7809 = FILL_AREA_STYLE('',(#7810));
#7810 = FILL_AREA_STYLE_COLOUR('',#7595);
#7811 = MECHANICAL_DESIGN_GEOMETRIC_PRESENTATION_REPRESENTATION('',(
    #7812),#3301);
#7812 = STYLED_ITEM('color',(#7813),#41);
#7813 = PRESENTATION_STYLE_ASSIGNMENT((#7814,#7819));
#7814 = SURFACE_STYLE_USAGE(.BOTH.,#7815);
#7815 = SURFACE_SIDE_STYLE('',(#7816));
#7816 = SURFACE_STYLE_FILL_AREA(#7817);
#7817 = FILL_AREA_STYLE('',(#7818));
#7818 = FILL_AREA_STYLE_COLOUR('',#7529);
#7819 = CURVE_STYLE('',#7820,POSITIVE_LENGTH_MEASURE(0.1),#7532);
#7820 = DRAUGHTING_PRE_DEFINED_CURVE_FONT('continuous');
ENDSEC;
END-ISO-10303-21;
