ISO-10303-21;
HEADER;
FILE_DESCRIPTION(('FreeCAD Model'),'2;1');
FILE_NAME('Open CASCADE Shape Model','2025-07-25T08:24:37',(
    'Peter S. Hollander'),('https://gitlab.com/recursivenomad/'),
  'Open CASCADE STEP processor 7.8','FreeCAD','Unknown');
FILE_SCHEMA(('AUTOMOTIVE_DESIGN { 1 0 10303 214 1 1 1 1 }'));
ENDSEC;
DATA;
#1 = APPLICATION_PROTOCOL_DEFINITION('international standard',
  'automotive_design',2000,#2);
#2 = APPLICATION_CONTEXT(
  'core data for automotive mechanical design processes');
#3 = SHAPE_DEFINITION_REPRESENTATION(#4,#10);
#4 = PRODUCT_DEFINITION_SHAPE('','',#5);
#5 = PRODUCT_DEFINITION('design','',#6,#9);
#6 = PRODUCT_DEFINITION_FORMATION('','',#7);
#7 = PRODUCT('PinHeader_2x04_P2.54mm_Vertical_Pin5Removed_Source',
  'PinHeader_2x04_P2.54mm_Vertical_Pin5Removed_Source','',(#8));
#8 = PRODUCT_CONTEXT('',#2,'mechanical');
#9 = PRODUCT_DEFINITION_CONTEXT('part definition',#2,'design');
#10 = SHAPE_REPRESENTATION('',(#11,#15,#19),#23);
#11 = AXIS2_PLACEMENT_3D('',#12,#13,#14);
#12 = CARTESIAN_POINT('',(0.,0.,0.));
#13 = DIRECTION('',(0.,0.,1.));
#14 = DIRECTION('',(1.,0.,-0.));
#15 = AXIS2_PLACEMENT_3D('',#16,#17,#18);
#16 = CARTESIAN_POINT('',(0.,0.,0.));
#17 = DIRECTION('',(0.,0.,1.));
#18 = DIRECTION('',(1.,0.,0.));
#19 = AXIS2_PLACEMENT_3D('',#20,#21,#22);
#20 = CARTESIAN_POINT('',(0.,0.,0.));
#21 = DIRECTION('',(0.,0.,1.));
#22 = DIRECTION('',(1.,0.,0.));
#23 = ( GEOMETRIC_REPRESENTATION_CONTEXT(3) 
GLOBAL_UNCERTAINTY_ASSIGNED_CONTEXT((#27)) GLOBAL_UNIT_ASSIGNED_CONTEXT(
(#24,#25,#26)) REPRESENTATION_CONTEXT('Context #1',
  '3D Context with UNIT and UNCERTAINTY') );
#24 = ( LENGTH_UNIT() NAMED_UNIT(*) SI_UNIT(.MILLI.,.METRE.) );
#25 = ( NAMED_UNIT(*) PLANE_ANGLE_UNIT() SI_UNIT($,.RADIAN.) );
#26 = ( NAMED_UNIT(*) SI_UNIT($,.STERADIAN.) SOLID_ANGLE_UNIT() );
#27 = UNCERTAINTY_MEASURE_WITH_UNIT(LENGTH_MEASURE(5.E-06),#24,
  'distance_accuracy_value','confusion accuracy');
#28 = PRODUCT_RELATED_PRODUCT_CATEGORY('part',$,(#7));
#29 = SHAPE_DEFINITION_REPRESENTATION(#30,#36);
#30 = PRODUCT_DEFINITION_SHAPE('','',#31);
#31 = PRODUCT_DEFINITION('design','',#32,#35);
#32 = PRODUCT_DEFINITION_FORMATION('','',#33);
#33 = PRODUCT('PinHeader_2x04_Body','PinHeader_2x04_Body','',(#34));
#34 = PRODUCT_CONTEXT('',#2,'mechanical');
#35 = PRODUCT_DEFINITION_CONTEXT('part definition',#2,'design');
#36 = ADVANCED_BREP_SHAPE_REPRESENTATION('',(#11,#37),#2001);
#37 = MANIFOLD_SOLID_BREP('',#38);
#38 = CLOSED_SHELL('',(#39,#79,#558,#582,#1054,#1071,#1088,#1105,#1122,
    #1139,#1156,#1173,#1190,#1207,#1224,#1241,#1258,#1275,#1292,#1309,
    #1326,#1343,#1360,#1377,#1394,#1411,#1428,#1445,#1457,#1479,#1496,
    #1513,#1525,#1547,#1564,#1581,#1593,#1615,#1632,#1649,#1661,#1683,
    #1700,#1717,#1729,#1751,#1768,#1785,#1797,#1819,#1836,#1853,#1865,
    #1887,#1904,#1921,#1933,#1955,#1972,#1989));
#39 = ADVANCED_FACE('',(#40),#74,.F.);
#40 = FACE_BOUND('',#41,.F.);
#41 = EDGE_LOOP('',(#42,#52,#60,#68));
#42 = ORIENTED_EDGE('',*,*,#43,.F.);
#43 = EDGE_CURVE('',#44,#46,#48,.T.);
#44 = VERTEX_POINT('',#45);
#45 = CARTESIAN_POINT('',(-2.54,4.92,0.));
#46 = VERTEX_POINT('',#47);
#47 = CARTESIAN_POINT('',(-2.54,2.7,0.));
#48 = LINE('',#49,#50);
#49 = CARTESIAN_POINT('',(-2.54,5.07999999998,0.));
#50 = VECTOR('',#51,1.);
#51 = DIRECTION('',(0.,-1.,0.));
#52 = ORIENTED_EDGE('',*,*,#53,.F.);
#53 = EDGE_CURVE('',#54,#44,#56,.T.);
#54 = VERTEX_POINT('',#55);
#55 = CARTESIAN_POINT('',(-2.54,4.92,2.54));
#56 = LINE('',#57,#58);
#57 = CARTESIAN_POINT('',(-2.54,4.92,11.897457040915));
#58 = VECTOR('',#59,1.);
#59 = DIRECTION('',(-0.,-0.,-1.));
#60 = ORIENTED_EDGE('',*,*,#61,.T.);
#61 = EDGE_CURVE('',#54,#62,#64,.T.);
#62 = VERTEX_POINT('',#63);
#63 = CARTESIAN_POINT('',(-2.54,2.7,2.54));
#64 = LINE('',#65,#66);
#65 = CARTESIAN_POINT('',(-2.54,5.07999999998,2.54));
#66 = VECTOR('',#67,1.);
#67 = DIRECTION('',(0.,-1.,0.));
#68 = ORIENTED_EDGE('',*,*,#69,.T.);
#69 = EDGE_CURVE('',#62,#46,#70,.T.);
#70 = LINE('',#71,#72);
#71 = CARTESIAN_POINT('',(-2.54,2.7,11.897457040915));
#72 = VECTOR('',#73,1.);
#73 = DIRECTION('',(-0.,-0.,-1.));
#74 = PLANE('',#75);
#75 = AXIS2_PLACEMENT_3D('',#76,#77,#78);
#76 = CARTESIAN_POINT('',(-2.54,5.07999999998,0.));
#77 = DIRECTION('',(1.,0.,0.));
#78 = DIRECTION('',(0.,-1.,0.));
#79 = ADVANCED_FACE('',(#80,#281,#315,#349,#383,#417,#451,#485,#519),
  #553,.F.);
#80 = FACE_BOUND('',#81,.F.);
#81 = EDGE_LOOP('',(#82,#92,#98,#99,#107,#115,#123,#131,#139,#147,#155,
    #163,#171,#179,#187,#195,#203,#211,#219,#227,#235,#243,#251,#259,
    #267,#275));
#82 = ORIENTED_EDGE('',*,*,#83,.T.);
#83 = EDGE_CURVE('',#84,#86,#88,.T.);
#84 = VERTEX_POINT('',#85);
#85 = CARTESIAN_POINT('',(2.38,5.080000000009,0.));
#86 = VERTEX_POINT('',#87);
#87 = CARTESIAN_POINT('',(-2.38,5.079999999991,0.));
#88 = LINE('',#89,#90);
#89 = CARTESIAN_POINT('',(2.54,5.08000000002,0.));
#90 = VECTOR('',#91,1.);
#91 = DIRECTION('',(-1.,-7.96808E-12,0.));
#92 = ORIENTED_EDGE('',*,*,#93,.T.);
#93 = EDGE_CURVE('',#86,#44,#94,.T.);
#94 = LINE('',#95,#96);
#95 = CARTESIAN_POINT('',(-3.055000000002,4.404999999998,-8.9E-16));
#96 = VECTOR('',#97,1.);
#97 = DIRECTION('',(-0.707106781187,-0.707106781187,0.));
#98 = ORIENTED_EDGE('',*,*,#43,.T.);
#99 = ORIENTED_EDGE('',*,*,#100,.T.);
#100 = EDGE_CURVE('',#46,#101,#103,.T.);
#101 = VERTEX_POINT('',#102);
#102 = CARTESIAN_POINT('',(-2.38,2.54,0.));
#103 = LINE('',#104,#105);
#104 = CARTESIAN_POINT('',(-1.229999999997,1.389999999997,-8.9E-16));
#105 = VECTOR('',#106,1.);
#106 = DIRECTION('',(0.707106781187,-0.707106781187,0.));
#107 = ORIENTED_EDGE('',*,*,#108,.T.);
#108 = EDGE_CURVE('',#101,#109,#111,.T.);
#109 = VERTEX_POINT('',#110);
#110 = CARTESIAN_POINT('',(-2.54,2.38,0.));
#111 = LINE('',#112,#113);
#112 = CARTESIAN_POINT('',(-2.420000000002,2.499999999998,-8.9E-16));
#113 = VECTOR('',#114,1.);
#114 = DIRECTION('',(-0.707106781187,-0.707106781187,0.));
#115 = ORIENTED_EDGE('',*,*,#116,.T.);
#116 = EDGE_CURVE('',#109,#117,#119,.T.);
#117 = VERTEX_POINT('',#118);
#118 = CARTESIAN_POINT('',(-2.54,0.16,0.));
#119 = LINE('',#120,#121);
#120 = CARTESIAN_POINT('',(-2.54,5.07999999998,0.));
#121 = VECTOR('',#122,1.);
#122 = DIRECTION('',(0.,-1.,0.));
#123 = ORIENTED_EDGE('',*,*,#124,.T.);
#124 = EDGE_CURVE('',#117,#125,#127,.T.);
#125 = VERTEX_POINT('',#126);
#126 = CARTESIAN_POINT('',(-2.38,0.,0.));
#127 = LINE('',#128,#129);
#128 = CARTESIAN_POINT('',(-1.864999999997,-0.515000000003,-8.9E-16));
#129 = VECTOR('',#130,1.);
#130 = DIRECTION('',(0.707106781187,-0.707106781187,0.));
#131 = ORIENTED_EDGE('',*,*,#132,.T.);
#132 = EDGE_CURVE('',#125,#133,#135,.T.);
#133 = VERTEX_POINT('',#134);
#134 = CARTESIAN_POINT('',(-2.54,-0.16,0.));
#135 = LINE('',#136,#137);
#136 = CARTESIAN_POINT('',(-1.785000000002,0.594999999998,-8.9E-16));
#137 = VECTOR('',#138,1.);
#138 = DIRECTION('',(-0.707106781187,-0.707106781187,0.));
#139 = ORIENTED_EDGE('',*,*,#140,.T.);
#140 = EDGE_CURVE('',#133,#141,#143,.T.);
#141 = VERTEX_POINT('',#142);
#142 = CARTESIAN_POINT('',(-2.54,-2.38,0.));
#143 = LINE('',#144,#145);
#144 = CARTESIAN_POINT('',(-2.54,5.07999999998,0.));
#145 = VECTOR('',#146,1.);
#146 = DIRECTION('',(0.,-1.,0.));
#147 = ORIENTED_EDGE('',*,*,#148,.T.);
#148 = EDGE_CURVE('',#141,#149,#151,.T.);
#149 = VERTEX_POINT('',#150);
#150 = CARTESIAN_POINT('',(-2.38,-2.54,0.));
#151 = LINE('',#152,#153);
#152 = CARTESIAN_POINT('',(-2.499999999997,-2.420000000003,-8.9E-16));
#153 = VECTOR('',#154,1.);
#154 = DIRECTION('',(0.707106781187,-0.707106781187,0.));
#155 = ORIENTED_EDGE('',*,*,#156,.T.);
#156 = EDGE_CURVE('',#149,#157,#159,.T.);
#157 = VERTEX_POINT('',#158);
#158 = CARTESIAN_POINT('',(-2.54,-2.7,0.));
#159 = LINE('',#160,#161);
#160 = CARTESIAN_POINT('',(-1.150000000002,-1.310000000002,-8.9E-16));
#161 = VECTOR('',#162,1.);
#162 = DIRECTION('',(-0.707106781187,-0.707106781187,0.));
#163 = ORIENTED_EDGE('',*,*,#164,.T.);
#164 = EDGE_CURVE('',#157,#165,#167,.T.);
#165 = VERTEX_POINT('',#166);
#166 = CARTESIAN_POINT('',(-2.54,-4.92,0.));
#167 = LINE('',#168,#169);
#168 = CARTESIAN_POINT('',(-2.54,5.07999999998,0.));
#169 = VECTOR('',#170,1.);
#170 = DIRECTION('',(0.,-1.,0.));
#171 = ORIENTED_EDGE('',*,*,#172,.T.);
#172 = EDGE_CURVE('',#165,#173,#175,.T.);
#173 = VERTEX_POINT('',#174);
#174 = CARTESIAN_POINT('',(-2.38,-5.08000000001,0.));
#175 = LINE('',#176,#177);
#176 = CARTESIAN_POINT('',(-3.134999999997,-4.325000000003,-8.9E-16));
#177 = VECTOR('',#178,1.);
#178 = DIRECTION('',(0.707106781187,-0.707106781187,0.));
#179 = ORIENTED_EDGE('',*,*,#180,.T.);
#180 = EDGE_CURVE('',#173,#181,#183,.T.);
#181 = VERTEX_POINT('',#182);
#182 = CARTESIAN_POINT('',(2.38,-5.08000000001,0.));
#183 = LINE('',#184,#185);
#184 = CARTESIAN_POINT('',(-2.54,-5.08000000002,0.));
#185 = VECTOR('',#186,1.);
#186 = DIRECTION('',(1.,0.,0.));
#187 = ORIENTED_EDGE('',*,*,#188,.F.);
#188 = EDGE_CURVE('',#189,#181,#191,.T.);
#189 = VERTEX_POINT('',#190);
#190 = CARTESIAN_POINT('',(2.54,-4.92,0.));
#191 = LINE('',#192,#193);
#192 = CARTESIAN_POINT('',(3.134999999998,-4.325000000002,-8.9E-16));
#193 = VECTOR('',#194,1.);
#194 = DIRECTION('',(-0.707106781187,-0.707106781187,0.));
#195 = ORIENTED_EDGE('',*,*,#196,.T.);
#196 = EDGE_CURVE('',#189,#197,#199,.T.);
#197 = VERTEX_POINT('',#198);
#198 = CARTESIAN_POINT('',(2.54,-2.7,0.));
#199 = LINE('',#200,#201);
#200 = CARTESIAN_POINT('',(2.54,-5.08000000002,0.));
#201 = VECTOR('',#202,1.);
#202 = DIRECTION('',(0.,1.,0.));
#203 = ORIENTED_EDGE('',*,*,#204,.F.);
#204 = EDGE_CURVE('',#205,#197,#207,.T.);
#205 = VERTEX_POINT('',#206);
#206 = CARTESIAN_POINT('',(2.38,-2.54,0.));
#207 = LINE('',#208,#209);
#208 = CARTESIAN_POINT('',(1.150000000003,-1.310000000003,-8.9E-16));
#209 = VECTOR('',#210,1.);
#210 = DIRECTION('',(0.707106781187,-0.707106781187,0.));
#211 = ORIENTED_EDGE('',*,*,#212,.F.);
#212 = EDGE_CURVE('',#213,#205,#215,.T.);
#213 = VERTEX_POINT('',#214);
#214 = CARTESIAN_POINT('',(2.54,-2.38,0.));
#215 = LINE('',#216,#217);
#216 = CARTESIAN_POINT('',(2.499999999998,-2.420000000002,-8.9E-16));
#217 = VECTOR('',#218,1.);
#218 = DIRECTION('',(-0.707106781187,-0.707106781187,0.));
#219 = ORIENTED_EDGE('',*,*,#220,.T.);
#220 = EDGE_CURVE('',#213,#221,#223,.T.);
#221 = VERTEX_POINT('',#222);
#222 = CARTESIAN_POINT('',(2.54,-0.16,0.));
#223 = LINE('',#224,#225);
#224 = CARTESIAN_POINT('',(2.54,-5.08000000002,0.));
#225 = VECTOR('',#226,1.);
#226 = DIRECTION('',(0.,1.,0.));
#227 = ORIENTED_EDGE('',*,*,#228,.F.);
#228 = EDGE_CURVE('',#229,#221,#231,.T.);
#229 = VERTEX_POINT('',#230);
#230 = CARTESIAN_POINT('',(2.38,0.,0.));
#231 = LINE('',#232,#233);
#232 = CARTESIAN_POINT('',(1.785000000003,0.594999999997,-8.9E-16));
#233 = VECTOR('',#234,1.);
#234 = DIRECTION('',(0.707106781187,-0.707106781187,0.));
#235 = ORIENTED_EDGE('',*,*,#236,.F.);
#236 = EDGE_CURVE('',#237,#229,#239,.T.);
#237 = VERTEX_POINT('',#238);
#238 = CARTESIAN_POINT('',(2.54,0.16,0.));
#239 = LINE('',#240,#241);
#240 = CARTESIAN_POINT('',(1.864999999998,-0.515000000002,-8.9E-16));
#241 = VECTOR('',#242,1.);
#242 = DIRECTION('',(-0.707106781187,-0.707106781187,0.));
#243 = ORIENTED_EDGE('',*,*,#244,.T.);
#244 = EDGE_CURVE('',#237,#245,#247,.T.);
#245 = VERTEX_POINT('',#246);
#246 = CARTESIAN_POINT('',(2.54,2.38,0.));
#247 = LINE('',#248,#249);
#248 = CARTESIAN_POINT('',(2.54,-5.08000000002,0.));
#249 = VECTOR('',#250,1.);
#250 = DIRECTION('',(0.,1.,0.));
#251 = ORIENTED_EDGE('',*,*,#252,.F.);
#252 = EDGE_CURVE('',#253,#245,#255,.T.);
#253 = VERTEX_POINT('',#254);
#254 = CARTESIAN_POINT('',(2.38,2.54,0.));
#255 = LINE('',#256,#257);
#256 = CARTESIAN_POINT('',(2.420000000003,2.499999999997,-8.9E-16));
#257 = VECTOR('',#258,1.);
#258 = DIRECTION('',(0.707106781187,-0.707106781187,0.));
#259 = ORIENTED_EDGE('',*,*,#260,.F.);
#260 = EDGE_CURVE('',#261,#253,#263,.T.);
#261 = VERTEX_POINT('',#262);
#262 = CARTESIAN_POINT('',(2.54,2.7,0.));
#263 = LINE('',#264,#265);
#264 = CARTESIAN_POINT('',(1.229999999998,1.389999999998,-8.9E-16));
#265 = VECTOR('',#266,1.);
#266 = DIRECTION('',(-0.707106781187,-0.707106781187,0.));
#267 = ORIENTED_EDGE('',*,*,#268,.T.);
#268 = EDGE_CURVE('',#261,#269,#271,.T.);
#269 = VERTEX_POINT('',#270);
#270 = CARTESIAN_POINT('',(2.54,4.92,0.));
#271 = LINE('',#272,#273);
#272 = CARTESIAN_POINT('',(2.54,-5.08000000002,0.));
#273 = VECTOR('',#274,1.);
#274 = DIRECTION('',(0.,1.,0.));
#275 = ORIENTED_EDGE('',*,*,#276,.F.);
#276 = EDGE_CURVE('',#84,#269,#277,.T.);
#277 = LINE('',#278,#279);
#278 = CARTESIAN_POINT('',(3.055000000003,4.404999999997,-8.9E-16));
#279 = VECTOR('',#280,1.);
#280 = DIRECTION('',(0.707106781187,-0.707106781187,0.));
#281 = FACE_BOUND('',#282,.F.);
#282 = EDGE_LOOP('',(#283,#293,#301,#309));
#283 = ORIENTED_EDGE('',*,*,#284,.F.);
#284 = EDGE_CURVE('',#285,#287,#289,.T.);
#285 = VERTEX_POINT('',#286);
#286 = CARTESIAN_POINT('',(-1.59,-3.49,0.));
#287 = VERTEX_POINT('',#288);
#288 = CARTESIAN_POINT('',(-1.59,-4.13,0.));
#289 = LINE('',#290,#291);
#290 = CARTESIAN_POINT('',(-1.59,-1.745000000005,0.));
#291 = VECTOR('',#292,1.);
#292 = DIRECTION('',(0.,-1.,0.));
#293 = ORIENTED_EDGE('',*,*,#294,.F.);
#294 = EDGE_CURVE('',#295,#285,#297,.T.);
#295 = VERTEX_POINT('',#296);
#296 = CARTESIAN_POINT('',(-0.95,-3.49,0.));
#297 = LINE('',#298,#299);
#298 = CARTESIAN_POINT('',(-0.474999999998,-3.49,0.));
#299 = VECTOR('',#300,1.);
#300 = DIRECTION('',(-1.,0.,0.));
#301 = ORIENTED_EDGE('',*,*,#302,.F.);
#302 = EDGE_CURVE('',#303,#295,#305,.T.);
#303 = VERTEX_POINT('',#304);
#304 = CARTESIAN_POINT('',(-0.95,-4.13,0.));
#305 = LINE('',#306,#307);
#306 = CARTESIAN_POINT('',(-0.95,-2.065000000005,0.));
#307 = VECTOR('',#308,1.);
#308 = DIRECTION('',(5.724587470723E-15,1.,0.));
#309 = ORIENTED_EDGE('',*,*,#310,.F.);
#310 = EDGE_CURVE('',#287,#303,#311,.T.);
#311 = LINE('',#312,#313);
#312 = CARTESIAN_POINT('',(-0.794999999998,-4.13,0.));
#313 = VECTOR('',#314,1.);
#314 = DIRECTION('',(1.,0.,0.));
#315 = FACE_BOUND('',#316,.F.);
#316 = EDGE_LOOP('',(#317,#327,#335,#343));
#317 = ORIENTED_EDGE('',*,*,#318,.F.);
#318 = EDGE_CURVE('',#319,#321,#323,.T.);
#319 = VERTEX_POINT('',#320);
#320 = CARTESIAN_POINT('',(-1.59,-0.95,0.));
#321 = VERTEX_POINT('',#322);
#322 = CARTESIAN_POINT('',(-1.59,-1.59,0.));
#323 = LINE('',#324,#325);
#324 = CARTESIAN_POINT('',(-1.59,-0.475000000005,0.));
#325 = VECTOR('',#326,1.);
#326 = DIRECTION('',(0.,-1.,0.));
#327 = ORIENTED_EDGE('',*,*,#328,.F.);
#328 = EDGE_CURVE('',#329,#319,#331,.T.);
#329 = VERTEX_POINT('',#330);
#330 = CARTESIAN_POINT('',(-0.95,-0.95,0.));
#331 = LINE('',#332,#333);
#332 = CARTESIAN_POINT('',(-0.474999999998,-0.95,0.));
#333 = VECTOR('',#334,1.);
#334 = DIRECTION('',(-1.,0.,0.));
#335 = ORIENTED_EDGE('',*,*,#336,.F.);
#336 = EDGE_CURVE('',#337,#329,#339,.T.);
#337 = VERTEX_POINT('',#338);
#338 = CARTESIAN_POINT('',(-0.95,-1.59,0.));
#339 = LINE('',#340,#341);
#340 = CARTESIAN_POINT('',(-0.95,-0.795000000005,0.));
#341 = VECTOR('',#342,1.);
#342 = DIRECTION('',(5.724587470723E-15,1.,0.));
#343 = ORIENTED_EDGE('',*,*,#344,.F.);
#344 = EDGE_CURVE('',#321,#337,#345,.T.);
#345 = LINE('',#346,#347);
#346 = CARTESIAN_POINT('',(-0.794999999998,-1.59,0.));
#347 = VECTOR('',#348,1.);
#348 = DIRECTION('',(1.,0.,0.));
#349 = FACE_BOUND('',#350,.F.);
#350 = EDGE_LOOP('',(#351,#361,#369,#377));
#351 = ORIENTED_EDGE('',*,*,#352,.F.);
#352 = EDGE_CURVE('',#353,#355,#357,.T.);
#353 = VERTEX_POINT('',#354);
#354 = CARTESIAN_POINT('',(0.95,-3.49,0.));
#355 = VERTEX_POINT('',#356);
#356 = CARTESIAN_POINT('',(0.95,-4.13,0.));
#357 = LINE('',#358,#359);
#358 = CARTESIAN_POINT('',(0.95,-1.745000000005,0.));
#359 = VECTOR('',#360,1.);
#360 = DIRECTION('',(0.,-1.,0.));
#361 = ORIENTED_EDGE('',*,*,#362,.F.);
#362 = EDGE_CURVE('',#363,#353,#365,.T.);
#363 = VERTEX_POINT('',#364);
#364 = CARTESIAN_POINT('',(1.59,-3.49,0.));
#365 = LINE('',#366,#367);
#366 = CARTESIAN_POINT('',(0.795000000002,-3.49,0.));
#367 = VECTOR('',#368,1.);
#368 = DIRECTION('',(-1.,0.,0.));
#369 = ORIENTED_EDGE('',*,*,#370,.F.);
#370 = EDGE_CURVE('',#371,#363,#373,.T.);
#371 = VERTEX_POINT('',#372);
#372 = CARTESIAN_POINT('',(1.59,-4.13,0.));
#373 = LINE('',#374,#375);
#374 = CARTESIAN_POINT('',(1.59,-2.065000000005,0.));
#375 = VECTOR('',#376,1.);
#376 = DIRECTION('',(5.724587470723E-15,1.,0.));
#377 = ORIENTED_EDGE('',*,*,#378,.F.);
#378 = EDGE_CURVE('',#355,#371,#379,.T.);
#379 = LINE('',#380,#381);
#380 = CARTESIAN_POINT('',(0.475000000002,-4.13,0.));
#381 = VECTOR('',#382,1.);
#382 = DIRECTION('',(1.,0.,0.));
#383 = FACE_BOUND('',#384,.F.);
#384 = EDGE_LOOP('',(#385,#395,#403,#411));
#385 = ORIENTED_EDGE('',*,*,#386,.F.);
#386 = EDGE_CURVE('',#387,#389,#391,.T.);
#387 = VERTEX_POINT('',#388);
#388 = CARTESIAN_POINT('',(0.95,-0.95,0.));
#389 = VERTEX_POINT('',#390);
#390 = CARTESIAN_POINT('',(0.95,-1.59,0.));
#391 = LINE('',#392,#393);
#392 = CARTESIAN_POINT('',(0.95,-0.475000000005,0.));
#393 = VECTOR('',#394,1.);
#394 = DIRECTION('',(0.,-1.,0.));
#395 = ORIENTED_EDGE('',*,*,#396,.F.);
#396 = EDGE_CURVE('',#397,#387,#399,.T.);
#397 = VERTEX_POINT('',#398);
#398 = CARTESIAN_POINT('',(1.59,-0.95,0.));
#399 = LINE('',#400,#401);
#400 = CARTESIAN_POINT('',(0.795000000002,-0.95,0.));
#401 = VECTOR('',#402,1.);
#402 = DIRECTION('',(-1.,0.,0.));
#403 = ORIENTED_EDGE('',*,*,#404,.F.);
#404 = EDGE_CURVE('',#405,#397,#407,.T.);
#405 = VERTEX_POINT('',#406);
#406 = CARTESIAN_POINT('',(1.59,-1.59,0.));
#407 = LINE('',#408,#409);
#408 = CARTESIAN_POINT('',(1.59,-0.795000000005,0.));
#409 = VECTOR('',#410,1.);
#410 = DIRECTION('',(5.724587470723E-15,1.,0.));
#411 = ORIENTED_EDGE('',*,*,#412,.F.);
#412 = EDGE_CURVE('',#389,#405,#413,.T.);
#413 = LINE('',#414,#415);
#414 = CARTESIAN_POINT('',(0.475000000002,-1.59,0.));
#415 = VECTOR('',#416,1.);
#416 = DIRECTION('',(1.,0.,0.));
#417 = FACE_BOUND('',#418,.F.);
#418 = EDGE_LOOP('',(#419,#429,#437,#445));
#419 = ORIENTED_EDGE('',*,*,#420,.F.);
#420 = EDGE_CURVE('',#421,#423,#425,.T.);
#421 = VERTEX_POINT('',#422);
#422 = CARTESIAN_POINT('',(-1.59,1.59,0.));
#423 = VERTEX_POINT('',#424);
#424 = CARTESIAN_POINT('',(-1.59,0.95,0.));
#425 = LINE('',#426,#427);
#426 = CARTESIAN_POINT('',(-1.59,0.794999999995,0.));
#427 = VECTOR('',#428,1.);
#428 = DIRECTION('',(0.,-1.,0.));
#429 = ORIENTED_EDGE('',*,*,#430,.F.);
#430 = EDGE_CURVE('',#431,#421,#433,.T.);
#431 = VERTEX_POINT('',#432);
#432 = CARTESIAN_POINT('',(-0.95,1.59,0.));
#433 = LINE('',#434,#435);
#434 = CARTESIAN_POINT('',(-0.474999999998,1.59,0.));
#435 = VECTOR('',#436,1.);
#436 = DIRECTION('',(-1.,0.,0.));
#437 = ORIENTED_EDGE('',*,*,#438,.F.);
#438 = EDGE_CURVE('',#439,#431,#441,.T.);
#439 = VERTEX_POINT('',#440);
#440 = CARTESIAN_POINT('',(-0.95,0.95,0.));
#441 = LINE('',#442,#443);
#442 = CARTESIAN_POINT('',(-0.95,0.474999999995,0.));
#443 = VECTOR('',#444,1.);
#444 = DIRECTION('',(5.724587470723E-15,1.,0.));
#445 = ORIENTED_EDGE('',*,*,#446,.F.);
#446 = EDGE_CURVE('',#423,#439,#447,.T.);
#447 = LINE('',#448,#449);
#448 = CARTESIAN_POINT('',(-0.794999999998,0.95,0.));
#449 = VECTOR('',#450,1.);
#450 = DIRECTION('',(1.,0.,0.));
#451 = FACE_BOUND('',#452,.F.);
#452 = EDGE_LOOP('',(#453,#463,#471,#479));
#453 = ORIENTED_EDGE('',*,*,#454,.F.);
#454 = EDGE_CURVE('',#455,#457,#459,.T.);
#455 = VERTEX_POINT('',#456);
#456 = CARTESIAN_POINT('',(-1.59,4.13,0.));
#457 = VERTEX_POINT('',#458);
#458 = CARTESIAN_POINT('',(-1.59,3.49,0.));
#459 = LINE('',#460,#461);
#460 = CARTESIAN_POINT('',(-1.59,2.064999999995,0.));
#461 = VECTOR('',#462,1.);
#462 = DIRECTION('',(0.,-1.,0.));
#463 = ORIENTED_EDGE('',*,*,#464,.F.);
#464 = EDGE_CURVE('',#465,#455,#467,.T.);
#465 = VERTEX_POINT('',#466);
#466 = CARTESIAN_POINT('',(-0.95,4.13,0.));
#467 = LINE('',#468,#469);
#468 = CARTESIAN_POINT('',(-0.474999999998,4.13,0.));
#469 = VECTOR('',#470,1.);
#470 = DIRECTION('',(-1.,0.,0.));
#471 = ORIENTED_EDGE('',*,*,#472,.F.);
#472 = EDGE_CURVE('',#473,#465,#475,.T.);
#473 = VERTEX_POINT('',#474);
#474 = CARTESIAN_POINT('',(-0.95,3.49,0.));
#475 = LINE('',#476,#477);
#476 = CARTESIAN_POINT('',(-0.95,1.744999999995,0.));
#477 = VECTOR('',#478,1.);
#478 = DIRECTION('',(5.724587470723E-15,1.,0.));
#479 = ORIENTED_EDGE('',*,*,#480,.F.);
#480 = EDGE_CURVE('',#457,#473,#481,.T.);
#481 = LINE('',#482,#483);
#482 = CARTESIAN_POINT('',(-0.794999999998,3.49,0.));
#483 = VECTOR('',#484,1.);
#484 = DIRECTION('',(1.,0.,0.));
#485 = FACE_BOUND('',#486,.F.);
#486 = EDGE_LOOP('',(#487,#497,#505,#513));
#487 = ORIENTED_EDGE('',*,*,#488,.F.);
#488 = EDGE_CURVE('',#489,#491,#493,.T.);
#489 = VERTEX_POINT('',#490);
#490 = CARTESIAN_POINT('',(0.95,1.59,0.));
#491 = VERTEX_POINT('',#492);
#492 = CARTESIAN_POINT('',(0.95,0.95,0.));
#493 = LINE('',#494,#495);
#494 = CARTESIAN_POINT('',(0.95,0.794999999995,0.));
#495 = VECTOR('',#496,1.);
#496 = DIRECTION('',(0.,-1.,0.));
#497 = ORIENTED_EDGE('',*,*,#498,.F.);
#498 = EDGE_CURVE('',#499,#489,#501,.T.);
#499 = VERTEX_POINT('',#500);
#500 = CARTESIAN_POINT('',(1.59,1.59,0.));
#501 = LINE('',#502,#503);
#502 = CARTESIAN_POINT('',(0.795000000002,1.59,0.));
#503 = VECTOR('',#504,1.);
#504 = DIRECTION('',(-1.,0.,0.));
#505 = ORIENTED_EDGE('',*,*,#506,.F.);
#506 = EDGE_CURVE('',#507,#499,#509,.T.);
#507 = VERTEX_POINT('',#508);
#508 = CARTESIAN_POINT('',(1.59,0.95,0.));
#509 = LINE('',#510,#511);
#510 = CARTESIAN_POINT('',(1.59,0.474999999995,0.));
#511 = VECTOR('',#512,1.);
#512 = DIRECTION('',(5.724587470723E-15,1.,0.));
#513 = ORIENTED_EDGE('',*,*,#514,.F.);
#514 = EDGE_CURVE('',#491,#507,#515,.T.);
#515 = LINE('',#516,#517);
#516 = CARTESIAN_POINT('',(0.475000000002,0.95,0.));
#517 = VECTOR('',#518,1.);
#518 = DIRECTION('',(1.,0.,0.));
#519 = FACE_BOUND('',#520,.F.);
#520 = EDGE_LOOP('',(#521,#531,#539,#547));
#521 = ORIENTED_EDGE('',*,*,#522,.F.);
#522 = EDGE_CURVE('',#523,#525,#527,.T.);
#523 = VERTEX_POINT('',#524);
#524 = CARTESIAN_POINT('',(0.95,4.13,0.));
#525 = VERTEX_POINT('',#526);
#526 = CARTESIAN_POINT('',(0.95,3.49,0.));
#527 = LINE('',#528,#529);
#528 = CARTESIAN_POINT('',(0.95,2.064999999995,0.));
#529 = VECTOR('',#530,1.);
#530 = DIRECTION('',(0.,-1.,0.));
#531 = ORIENTED_EDGE('',*,*,#532,.F.);
#532 = EDGE_CURVE('',#533,#523,#535,.T.);
#533 = VERTEX_POINT('',#534);
#534 = CARTESIAN_POINT('',(1.59,4.13,0.));
#535 = LINE('',#536,#537);
#536 = CARTESIAN_POINT('',(0.795000000002,4.13,0.));
#537 = VECTOR('',#538,1.);
#538 = DIRECTION('',(-1.,0.,0.));
#539 = ORIENTED_EDGE('',*,*,#540,.F.);
#540 = EDGE_CURVE('',#541,#533,#543,.T.);
#541 = VERTEX_POINT('',#542);
#542 = CARTESIAN_POINT('',(1.59,3.49,0.));
#543 = LINE('',#544,#545);
#544 = CARTESIAN_POINT('',(1.59,1.744999999995,0.));
#545 = VECTOR('',#546,1.);
#546 = DIRECTION('',(5.724587470723E-15,1.,0.));
#547 = ORIENTED_EDGE('',*,*,#548,.F.);
#548 = EDGE_CURVE('',#525,#541,#549,.T.);
#549 = LINE('',#550,#551);
#550 = CARTESIAN_POINT('',(0.475000000002,3.49,0.));
#551 = VECTOR('',#552,1.);
#552 = DIRECTION('',(1.,0.,0.));
#553 = PLANE('',#554);
#554 = AXIS2_PLACEMENT_3D('',#555,#556,#557);
#555 = CARTESIAN_POINT('',(3.3731E-12,-1.011946E-11,0.));
#556 = DIRECTION('',(0.,0.,1.));
#557 = DIRECTION('',(1.,0.,0.));
#558 = ADVANCED_FACE('',(#559),#577,.T.);
#559 = FACE_BOUND('',#560,.T.);
#560 = EDGE_LOOP('',(#561,#569,#570,#571));
#561 = ORIENTED_EDGE('',*,*,#562,.F.);
#562 = EDGE_CURVE('',#62,#563,#565,.T.);
#563 = VERTEX_POINT('',#564);
#564 = CARTESIAN_POINT('',(-2.38,2.54,2.54));
#565 = LINE('',#566,#567);
#566 = CARTESIAN_POINT('',(-1.229999999997,1.389999999997,2.54));
#567 = VECTOR('',#568,1.);
#568 = DIRECTION('',(0.707106781187,-0.707106781187,0.));
#569 = ORIENTED_EDGE('',*,*,#69,.T.);
#570 = ORIENTED_EDGE('',*,*,#100,.T.);
#571 = ORIENTED_EDGE('',*,*,#572,.F.);
#572 = EDGE_CURVE('',#563,#101,#573,.T.);
#573 = LINE('',#574,#575);
#574 = CARTESIAN_POINT('',(-2.38,2.54,11.897457040915));
#575 = VECTOR('',#576,1.);
#576 = DIRECTION('',(-0.,-0.,-1.));
#577 = PLANE('',#578);
#578 = AXIS2_PLACEMENT_3D('',#579,#580,#581);
#579 = CARTESIAN_POINT('',(-2.54,2.7,11.897457040915));
#580 = DIRECTION('',(-0.707106781187,-0.707106781187,0.));
#581 = DIRECTION('',(0.707106781187,-0.707106781187,0.));
#582 = ADVANCED_FACE('',(#583,#777,#811,#845,#879,#913,#947,#981,#1015),
  #1049,.T.);
#583 = FACE_BOUND('',#584,.T.);
#584 = EDGE_LOOP('',(#585,#595,#601,#602,#603,#611,#619,#627,#635,#643,
    #651,#659,#667,#675,#683,#691,#699,#707,#715,#723,#731,#739,#747,
    #755,#763,#771));
#585 = ORIENTED_EDGE('',*,*,#586,.T.);
#586 = EDGE_CURVE('',#587,#589,#591,.T.);
#587 = VERTEX_POINT('',#588);
#588 = CARTESIAN_POINT('',(2.38,5.080000000009,2.54));
#589 = VERTEX_POINT('',#590);
#590 = CARTESIAN_POINT('',(-2.38,5.079999999991,2.54));
#591 = LINE('',#592,#593);
#592 = CARTESIAN_POINT('',(2.54,5.08000000002,2.54));
#593 = VECTOR('',#594,1.);
#594 = DIRECTION('',(-1.,-7.96808E-12,0.));
#595 = ORIENTED_EDGE('',*,*,#596,.T.);
#596 = EDGE_CURVE('',#589,#54,#597,.T.);
#597 = LINE('',#598,#599);
#598 = CARTESIAN_POINT('',(-3.055000000002,4.404999999998,2.54));
#599 = VECTOR('',#600,1.);
#600 = DIRECTION('',(-0.707106781187,-0.707106781187,0.));
#601 = ORIENTED_EDGE('',*,*,#61,.T.);
#602 = ORIENTED_EDGE('',*,*,#562,.T.);
#603 = ORIENTED_EDGE('',*,*,#604,.T.);
#604 = EDGE_CURVE('',#563,#605,#607,.T.);
#605 = VERTEX_POINT('',#606);
#606 = CARTESIAN_POINT('',(-2.54,2.38,2.54));
#607 = LINE('',#608,#609);
#608 = CARTESIAN_POINT('',(-2.420000000002,2.499999999998,2.54));
#609 = VECTOR('',#610,1.);
#610 = DIRECTION('',(-0.707106781187,-0.707106781187,0.));
#611 = ORIENTED_EDGE('',*,*,#612,.T.);
#612 = EDGE_CURVE('',#605,#613,#615,.T.);
#613 = VERTEX_POINT('',#614);
#614 = CARTESIAN_POINT('',(-2.54,0.16,2.54));
#615 = LINE('',#616,#617);
#616 = CARTESIAN_POINT('',(-2.54,5.07999999998,2.54));
#617 = VECTOR('',#618,1.);
#618 = DIRECTION('',(0.,-1.,0.));
#619 = ORIENTED_EDGE('',*,*,#620,.T.);
#620 = EDGE_CURVE('',#613,#621,#623,.T.);
#621 = VERTEX_POINT('',#622);
#622 = CARTESIAN_POINT('',(-2.38,0.,2.54));
#623 = LINE('',#624,#625);
#624 = CARTESIAN_POINT('',(-1.864999999997,-0.515000000003,2.54));
#625 = VECTOR('',#626,1.);
#626 = DIRECTION('',(0.707106781187,-0.707106781187,0.));
#627 = ORIENTED_EDGE('',*,*,#628,.T.);
#628 = EDGE_CURVE('',#621,#629,#631,.T.);
#629 = VERTEX_POINT('',#630);
#630 = CARTESIAN_POINT('',(-2.54,-0.16,2.54));
#631 = LINE('',#632,#633);
#632 = CARTESIAN_POINT('',(-1.785000000002,0.594999999998,2.54));
#633 = VECTOR('',#634,1.);
#634 = DIRECTION('',(-0.707106781187,-0.707106781187,0.));
#635 = ORIENTED_EDGE('',*,*,#636,.T.);
#636 = EDGE_CURVE('',#629,#637,#639,.T.);
#637 = VERTEX_POINT('',#638);
#638 = CARTESIAN_POINT('',(-2.54,-2.38,2.54));
#639 = LINE('',#640,#641);
#640 = CARTESIAN_POINT('',(-2.54,5.07999999998,2.54));
#641 = VECTOR('',#642,1.);
#642 = DIRECTION('',(0.,-1.,0.));
#643 = ORIENTED_EDGE('',*,*,#644,.T.);
#644 = EDGE_CURVE('',#637,#645,#647,.T.);
#645 = VERTEX_POINT('',#646);
#646 = CARTESIAN_POINT('',(-2.38,-2.54,2.54));
#647 = LINE('',#648,#649);
#648 = CARTESIAN_POINT('',(-2.499999999997,-2.420000000003,2.54));
#649 = VECTOR('',#650,1.);
#650 = DIRECTION('',(0.707106781187,-0.707106781187,0.));
#651 = ORIENTED_EDGE('',*,*,#652,.T.);
#652 = EDGE_CURVE('',#645,#653,#655,.T.);
#653 = VERTEX_POINT('',#654);
#654 = CARTESIAN_POINT('',(-2.54,-2.7,2.54));
#655 = LINE('',#656,#657);
#656 = CARTESIAN_POINT('',(-1.150000000002,-1.310000000002,2.54));
#657 = VECTOR('',#658,1.);
#658 = DIRECTION('',(-0.707106781187,-0.707106781187,0.));
#659 = ORIENTED_EDGE('',*,*,#660,.T.);
#660 = EDGE_CURVE('',#653,#661,#663,.T.);
#661 = VERTEX_POINT('',#662);
#662 = CARTESIAN_POINT('',(-2.54,-4.92,2.54));
#663 = LINE('',#664,#665);
#664 = CARTESIAN_POINT('',(-2.54,5.07999999998,2.54));
#665 = VECTOR('',#666,1.);
#666 = DIRECTION('',(0.,-1.,0.));
#667 = ORIENTED_EDGE('',*,*,#668,.T.);
#668 = EDGE_CURVE('',#661,#669,#671,.T.);
#669 = VERTEX_POINT('',#670);
#670 = CARTESIAN_POINT('',(-2.38,-5.08000000001,2.54));
#671 = LINE('',#672,#673);
#672 = CARTESIAN_POINT('',(-3.134999999997,-4.325000000003,2.54));
#673 = VECTOR('',#674,1.);
#674 = DIRECTION('',(0.707106781187,-0.707106781187,0.));
#675 = ORIENTED_EDGE('',*,*,#676,.T.);
#676 = EDGE_CURVE('',#669,#677,#679,.T.);
#677 = VERTEX_POINT('',#678);
#678 = CARTESIAN_POINT('',(2.38,-5.08000000001,2.54));
#679 = LINE('',#680,#681);
#680 = CARTESIAN_POINT('',(-2.54,-5.08000000002,2.54));
#681 = VECTOR('',#682,1.);
#682 = DIRECTION('',(1.,0.,0.));
#683 = ORIENTED_EDGE('',*,*,#684,.F.);
#684 = EDGE_CURVE('',#685,#677,#687,.T.);
#685 = VERTEX_POINT('',#686);
#686 = CARTESIAN_POINT('',(2.54,-4.92,2.54));
#687 = LINE('',#688,#689);
#688 = CARTESIAN_POINT('',(3.134999999998,-4.325000000002,2.54));
#689 = VECTOR('',#690,1.);
#690 = DIRECTION('',(-0.707106781187,-0.707106781187,0.));
#691 = ORIENTED_EDGE('',*,*,#692,.T.);
#692 = EDGE_CURVE('',#685,#693,#695,.T.);
#693 = VERTEX_POINT('',#694);
#694 = CARTESIAN_POINT('',(2.54,-2.7,2.54));
#695 = LINE('',#696,#697);
#696 = CARTESIAN_POINT('',(2.54,-5.08000000002,2.54));
#697 = VECTOR('',#698,1.);
#698 = DIRECTION('',(0.,1.,0.));
#699 = ORIENTED_EDGE('',*,*,#700,.F.);
#700 = EDGE_CURVE('',#701,#693,#703,.T.);
#701 = VERTEX_POINT('',#702);
#702 = CARTESIAN_POINT('',(2.38,-2.54,2.54));
#703 = LINE('',#704,#705);
#704 = CARTESIAN_POINT('',(1.150000000003,-1.310000000003,2.54));
#705 = VECTOR('',#706,1.);
#706 = DIRECTION('',(0.707106781187,-0.707106781187,0.));
#707 = ORIENTED_EDGE('',*,*,#708,.F.);
#708 = EDGE_CURVE('',#709,#701,#711,.T.);
#709 = VERTEX_POINT('',#710);
#710 = CARTESIAN_POINT('',(2.54,-2.38,2.54));
#711 = LINE('',#712,#713);
#712 = CARTESIAN_POINT('',(2.499999999998,-2.420000000002,2.54));
#713 = VECTOR('',#714,1.);
#714 = DIRECTION('',(-0.707106781187,-0.707106781187,0.));
#715 = ORIENTED_EDGE('',*,*,#716,.T.);
#716 = EDGE_CURVE('',#709,#717,#719,.T.);
#717 = VERTEX_POINT('',#718);
#718 = CARTESIAN_POINT('',(2.54,-0.16,2.54));
#719 = LINE('',#720,#721);
#720 = CARTESIAN_POINT('',(2.54,-5.08000000002,2.54));
#721 = VECTOR('',#722,1.);
#722 = DIRECTION('',(0.,1.,0.));
#723 = ORIENTED_EDGE('',*,*,#724,.F.);
#724 = EDGE_CURVE('',#725,#717,#727,.T.);
#725 = VERTEX_POINT('',#726);
#726 = CARTESIAN_POINT('',(2.38,0.,2.54));
#727 = LINE('',#728,#729);
#728 = CARTESIAN_POINT('',(1.785000000003,0.594999999997,2.54));
#729 = VECTOR('',#730,1.);
#730 = DIRECTION('',(0.707106781187,-0.707106781187,0.));
#731 = ORIENTED_EDGE('',*,*,#732,.F.);
#732 = EDGE_CURVE('',#733,#725,#735,.T.);
#733 = VERTEX_POINT('',#734);
#734 = CARTESIAN_POINT('',(2.54,0.16,2.54));
#735 = LINE('',#736,#737);
#736 = CARTESIAN_POINT('',(1.864999999998,-0.515000000002,2.54));
#737 = VECTOR('',#738,1.);
#738 = DIRECTION('',(-0.707106781187,-0.707106781187,0.));
#739 = ORIENTED_EDGE('',*,*,#740,.T.);
#740 = EDGE_CURVE('',#733,#741,#743,.T.);
#741 = VERTEX_POINT('',#742);
#742 = CARTESIAN_POINT('',(2.54,2.38,2.54));
#743 = LINE('',#744,#745);
#744 = CARTESIAN_POINT('',(2.54,-5.08000000002,2.54));
#745 = VECTOR('',#746,1.);
#746 = DIRECTION('',(0.,1.,0.));
#747 = ORIENTED_EDGE('',*,*,#748,.F.);
#748 = EDGE_CURVE('',#749,#741,#751,.T.);
#749 = VERTEX_POINT('',#750);
#750 = CARTESIAN_POINT('',(2.38,2.54,2.54));
#751 = LINE('',#752,#753);
#752 = CARTESIAN_POINT('',(2.420000000003,2.499999999997,2.54));
#753 = VECTOR('',#754,1.);
#754 = DIRECTION('',(0.707106781187,-0.707106781187,0.));
#755 = ORIENTED_EDGE('',*,*,#756,.F.);
#756 = EDGE_CURVE('',#757,#749,#759,.T.);
#757 = VERTEX_POINT('',#758);
#758 = CARTESIAN_POINT('',(2.54,2.7,2.54));
#759 = LINE('',#760,#761);
#760 = CARTESIAN_POINT('',(1.229999999998,1.389999999998,2.54));
#761 = VECTOR('',#762,1.);
#762 = DIRECTION('',(-0.707106781187,-0.707106781187,0.));
#763 = ORIENTED_EDGE('',*,*,#764,.T.);
#764 = EDGE_CURVE('',#757,#765,#767,.T.);
#765 = VERTEX_POINT('',#766);
#766 = CARTESIAN_POINT('',(2.54,4.92,2.54));
#767 = LINE('',#768,#769);
#768 = CARTESIAN_POINT('',(2.54,-5.08000000002,2.54));
#769 = VECTOR('',#770,1.);
#770 = DIRECTION('',(0.,1.,0.));
#771 = ORIENTED_EDGE('',*,*,#772,.F.);
#772 = EDGE_CURVE('',#587,#765,#773,.T.);
#773 = LINE('',#774,#775);
#774 = CARTESIAN_POINT('',(3.055000000003,4.404999999997,2.54));
#775 = VECTOR('',#776,1.);
#776 = DIRECTION('',(0.707106781187,-0.707106781187,0.));
#777 = FACE_BOUND('',#778,.T.);
#778 = EDGE_LOOP('',(#779,#789,#797,#805));
#779 = ORIENTED_EDGE('',*,*,#780,.F.);
#780 = EDGE_CURVE('',#781,#783,#785,.T.);
#781 = VERTEX_POINT('',#782);
#782 = CARTESIAN_POINT('',(-1.59,-3.49,2.54));
#783 = VERTEX_POINT('',#784);
#784 = CARTESIAN_POINT('',(-1.59,-4.13,2.54));
#785 = LINE('',#786,#787);
#786 = CARTESIAN_POINT('',(-1.59,-1.745000000005,2.54));
#787 = VECTOR('',#788,1.);
#788 = DIRECTION('',(0.,-1.,0.));
#789 = ORIENTED_EDGE('',*,*,#790,.F.);
#790 = EDGE_CURVE('',#791,#781,#793,.T.);
#791 = VERTEX_POINT('',#792);
#792 = CARTESIAN_POINT('',(-0.95,-3.49,2.54));
#793 = LINE('',#794,#795);
#794 = CARTESIAN_POINT('',(-0.474999999998,-3.49,2.54));
#795 = VECTOR('',#796,1.);
#796 = DIRECTION('',(-1.,0.,0.));
#797 = ORIENTED_EDGE('',*,*,#798,.F.);
#798 = EDGE_CURVE('',#799,#791,#801,.T.);
#799 = VERTEX_POINT('',#800);
#800 = CARTESIAN_POINT('',(-0.95,-4.13,2.54));
#801 = LINE('',#802,#803);
#802 = CARTESIAN_POINT('',(-0.95,-2.065000000005,2.54));
#803 = VECTOR('',#804,1.);
#804 = DIRECTION('',(5.724587470723E-15,1.,0.));
#805 = ORIENTED_EDGE('',*,*,#806,.F.);
#806 = EDGE_CURVE('',#783,#799,#807,.T.);
#807 = LINE('',#808,#809);
#808 = CARTESIAN_POINT('',(-0.794999999998,-4.13,2.54));
#809 = VECTOR('',#810,1.);
#810 = DIRECTION('',(1.,0.,0.));
#811 = FACE_BOUND('',#812,.T.);
#812 = EDGE_LOOP('',(#813,#823,#831,#839));
#813 = ORIENTED_EDGE('',*,*,#814,.F.);
#814 = EDGE_CURVE('',#815,#817,#819,.T.);
#815 = VERTEX_POINT('',#816);
#816 = CARTESIAN_POINT('',(-1.59,-0.95,2.54));
#817 = VERTEX_POINT('',#818);
#818 = CARTESIAN_POINT('',(-1.59,-1.59,2.54));
#819 = LINE('',#820,#821);
#820 = CARTESIAN_POINT('',(-1.59,-0.475000000005,2.54));
#821 = VECTOR('',#822,1.);
#822 = DIRECTION('',(0.,-1.,0.));
#823 = ORIENTED_EDGE('',*,*,#824,.F.);
#824 = EDGE_CURVE('',#825,#815,#827,.T.);
#825 = VERTEX_POINT('',#826);
#826 = CARTESIAN_POINT('',(-0.95,-0.95,2.54));
#827 = LINE('',#828,#829);
#828 = CARTESIAN_POINT('',(-0.474999999998,-0.95,2.54));
#829 = VECTOR('',#830,1.);
#830 = DIRECTION('',(-1.,0.,0.));
#831 = ORIENTED_EDGE('',*,*,#832,.F.);
#832 = EDGE_CURVE('',#833,#825,#835,.T.);
#833 = VERTEX_POINT('',#834);
#834 = CARTESIAN_POINT('',(-0.95,-1.59,2.54));
#835 = LINE('',#836,#837);
#836 = CARTESIAN_POINT('',(-0.95,-0.795000000005,2.54));
#837 = VECTOR('',#838,1.);
#838 = DIRECTION('',(5.724587470723E-15,1.,0.));
#839 = ORIENTED_EDGE('',*,*,#840,.F.);
#840 = EDGE_CURVE('',#817,#833,#841,.T.);
#841 = LINE('',#842,#843);
#842 = CARTESIAN_POINT('',(-0.794999999998,-1.59,2.54));
#843 = VECTOR('',#844,1.);
#844 = DIRECTION('',(1.,0.,0.));
#845 = FACE_BOUND('',#846,.T.);
#846 = EDGE_LOOP('',(#847,#857,#865,#873));
#847 = ORIENTED_EDGE('',*,*,#848,.F.);
#848 = EDGE_CURVE('',#849,#851,#853,.T.);
#849 = VERTEX_POINT('',#850);
#850 = CARTESIAN_POINT('',(0.95,-3.49,2.54));
#851 = VERTEX_POINT('',#852);
#852 = CARTESIAN_POINT('',(0.95,-4.13,2.54));
#853 = LINE('',#854,#855);
#854 = CARTESIAN_POINT('',(0.95,-1.745000000005,2.54));
#855 = VECTOR('',#856,1.);
#856 = DIRECTION('',(0.,-1.,0.));
#857 = ORIENTED_EDGE('',*,*,#858,.F.);
#858 = EDGE_CURVE('',#859,#849,#861,.T.);
#859 = VERTEX_POINT('',#860);
#860 = CARTESIAN_POINT('',(1.59,-3.49,2.54));
#861 = LINE('',#862,#863);
#862 = CARTESIAN_POINT('',(0.795000000002,-3.49,2.54));
#863 = VECTOR('',#864,1.);
#864 = DIRECTION('',(-1.,0.,0.));
#865 = ORIENTED_EDGE('',*,*,#866,.F.);
#866 = EDGE_CURVE('',#867,#859,#869,.T.);
#867 = VERTEX_POINT('',#868);
#868 = CARTESIAN_POINT('',(1.59,-4.13,2.54));
#869 = LINE('',#870,#871);
#870 = CARTESIAN_POINT('',(1.59,-2.065000000005,2.54));
#871 = VECTOR('',#872,1.);
#872 = DIRECTION('',(5.724587470723E-15,1.,0.));
#873 = ORIENTED_EDGE('',*,*,#874,.F.);
#874 = EDGE_CURVE('',#851,#867,#875,.T.);
#875 = LINE('',#876,#877);
#876 = CARTESIAN_POINT('',(0.475000000002,-4.13,2.54));
#877 = VECTOR('',#878,1.);
#878 = DIRECTION('',(1.,0.,0.));
#879 = FACE_BOUND('',#880,.T.);
#880 = EDGE_LOOP('',(#881,#891,#899,#907));
#881 = ORIENTED_EDGE('',*,*,#882,.F.);
#882 = EDGE_CURVE('',#883,#885,#887,.T.);
#883 = VERTEX_POINT('',#884);
#884 = CARTESIAN_POINT('',(0.95,-0.95,2.54));
#885 = VERTEX_POINT('',#886);
#886 = CARTESIAN_POINT('',(0.95,-1.59,2.54));
#887 = LINE('',#888,#889);
#888 = CARTESIAN_POINT('',(0.95,-0.475000000005,2.54));
#889 = VECTOR('',#890,1.);
#890 = DIRECTION('',(0.,-1.,0.));
#891 = ORIENTED_EDGE('',*,*,#892,.F.);
#892 = EDGE_CURVE('',#893,#883,#895,.T.);
#893 = VERTEX_POINT('',#894);
#894 = CARTESIAN_POINT('',(1.59,-0.95,2.54));
#895 = LINE('',#896,#897);
#896 = CARTESIAN_POINT('',(0.795000000002,-0.95,2.54));
#897 = VECTOR('',#898,1.);
#898 = DIRECTION('',(-1.,0.,0.));
#899 = ORIENTED_EDGE('',*,*,#900,.F.);
#900 = EDGE_CURVE('',#901,#893,#903,.T.);
#901 = VERTEX_POINT('',#902);
#902 = CARTESIAN_POINT('',(1.59,-1.59,2.54));
#903 = LINE('',#904,#905);
#904 = CARTESIAN_POINT('',(1.59,-0.795000000005,2.54));
#905 = VECTOR('',#906,1.);
#906 = DIRECTION('',(5.724587470723E-15,1.,0.));
#907 = ORIENTED_EDGE('',*,*,#908,.F.);
#908 = EDGE_CURVE('',#885,#901,#909,.T.);
#909 = LINE('',#910,#911);
#910 = CARTESIAN_POINT('',(0.475000000002,-1.59,2.54));
#911 = VECTOR('',#912,1.);
#912 = DIRECTION('',(1.,0.,0.));
#913 = FACE_BOUND('',#914,.T.);
#914 = EDGE_LOOP('',(#915,#925,#933,#941));
#915 = ORIENTED_EDGE('',*,*,#916,.F.);
#916 = EDGE_CURVE('',#917,#919,#921,.T.);
#917 = VERTEX_POINT('',#918);
#918 = CARTESIAN_POINT('',(-1.59,1.59,2.54));
#919 = VERTEX_POINT('',#920);
#920 = CARTESIAN_POINT('',(-1.59,0.95,2.54));
#921 = LINE('',#922,#923);
#922 = CARTESIAN_POINT('',(-1.59,0.794999999995,2.54));
#923 = VECTOR('',#924,1.);
#924 = DIRECTION('',(0.,-1.,0.));
#925 = ORIENTED_EDGE('',*,*,#926,.F.);
#926 = EDGE_CURVE('',#927,#917,#929,.T.);
#927 = VERTEX_POINT('',#928);
#928 = CARTESIAN_POINT('',(-0.95,1.59,2.54));
#929 = LINE('',#930,#931);
#930 = CARTESIAN_POINT('',(-0.474999999998,1.59,2.54));
#931 = VECTOR('',#932,1.);
#932 = DIRECTION('',(-1.,0.,0.));
#933 = ORIENTED_EDGE('',*,*,#934,.F.);
#934 = EDGE_CURVE('',#935,#927,#937,.T.);
#935 = VERTEX_POINT('',#936);
#936 = CARTESIAN_POINT('',(-0.95,0.95,2.54));
#937 = LINE('',#938,#939);
#938 = CARTESIAN_POINT('',(-0.95,0.474999999995,2.54));
#939 = VECTOR('',#940,1.);
#940 = DIRECTION('',(5.724587470723E-15,1.,0.));
#941 = ORIENTED_EDGE('',*,*,#942,.F.);
#942 = EDGE_CURVE('',#919,#935,#943,.T.);
#943 = LINE('',#944,#945);
#944 = CARTESIAN_POINT('',(-0.794999999998,0.95,2.54));
#945 = VECTOR('',#946,1.);
#946 = DIRECTION('',(1.,0.,0.));
#947 = FACE_BOUND('',#948,.T.);
#948 = EDGE_LOOP('',(#949,#959,#967,#975));
#949 = ORIENTED_EDGE('',*,*,#950,.F.);
#950 = EDGE_CURVE('',#951,#953,#955,.T.);
#951 = VERTEX_POINT('',#952);
#952 = CARTESIAN_POINT('',(-1.59,4.13,2.54));
#953 = VERTEX_POINT('',#954);
#954 = CARTESIAN_POINT('',(-1.59,3.49,2.54));
#955 = LINE('',#956,#957);
#956 = CARTESIAN_POINT('',(-1.59,2.064999999995,2.54));
#957 = VECTOR('',#958,1.);
#958 = DIRECTION('',(0.,-1.,0.));
#959 = ORIENTED_EDGE('',*,*,#960,.F.);
#960 = EDGE_CURVE('',#961,#951,#963,.T.);
#961 = VERTEX_POINT('',#962);
#962 = CARTESIAN_POINT('',(-0.95,4.13,2.54));
#963 = LINE('',#964,#965);
#964 = CARTESIAN_POINT('',(-0.474999999998,4.13,2.54));
#965 = VECTOR('',#966,1.);
#966 = DIRECTION('',(-1.,0.,0.));
#967 = ORIENTED_EDGE('',*,*,#968,.F.);
#968 = EDGE_CURVE('',#969,#961,#971,.T.);
#969 = VERTEX_POINT('',#970);
#970 = CARTESIAN_POINT('',(-0.95,3.49,2.54));
#971 = LINE('',#972,#973);
#972 = CARTESIAN_POINT('',(-0.95,1.744999999995,2.54));
#973 = VECTOR('',#974,1.);
#974 = DIRECTION('',(5.724587470723E-15,1.,0.));
#975 = ORIENTED_EDGE('',*,*,#976,.F.);
#976 = EDGE_CURVE('',#953,#969,#977,.T.);
#977 = LINE('',#978,#979);
#978 = CARTESIAN_POINT('',(-0.794999999998,3.49,2.54));
#979 = VECTOR('',#980,1.);
#980 = DIRECTION('',(1.,0.,0.));
#981 = FACE_BOUND('',#982,.T.);
#982 = EDGE_LOOP('',(#983,#993,#1001,#1009));
#983 = ORIENTED_EDGE('',*,*,#984,.F.);
#984 = EDGE_CURVE('',#985,#987,#989,.T.);
#985 = VERTEX_POINT('',#986);
#986 = CARTESIAN_POINT('',(0.95,1.59,2.54));
#987 = VERTEX_POINT('',#988);
#988 = CARTESIAN_POINT('',(0.95,0.95,2.54));
#989 = LINE('',#990,#991);
#990 = CARTESIAN_POINT('',(0.95,0.794999999995,2.54));
#991 = VECTOR('',#992,1.);
#992 = DIRECTION('',(0.,-1.,0.));
#993 = ORIENTED_EDGE('',*,*,#994,.F.);
#994 = EDGE_CURVE('',#995,#985,#997,.T.);
#995 = VERTEX_POINT('',#996);
#996 = CARTESIAN_POINT('',(1.59,1.59,2.54));
#997 = LINE('',#998,#999);
#998 = CARTESIAN_POINT('',(0.795000000002,1.59,2.54));
#999 = VECTOR('',#1000,1.);
#1000 = DIRECTION('',(-1.,0.,0.));
#1001 = ORIENTED_EDGE('',*,*,#1002,.F.);
#1002 = EDGE_CURVE('',#1003,#995,#1005,.T.);
#1003 = VERTEX_POINT('',#1004);
#1004 = CARTESIAN_POINT('',(1.59,0.95,2.54));
#1005 = LINE('',#1006,#1007);
#1006 = CARTESIAN_POINT('',(1.59,0.474999999995,2.54));
#1007 = VECTOR('',#1008,1.);
#1008 = DIRECTION('',(5.724587470723E-15,1.,0.));
#1009 = ORIENTED_EDGE('',*,*,#1010,.F.);
#1010 = EDGE_CURVE('',#987,#1003,#1011,.T.);
#1011 = LINE('',#1012,#1013);
#1012 = CARTESIAN_POINT('',(0.475000000002,0.95,2.54));
#1013 = VECTOR('',#1014,1.);
#1014 = DIRECTION('',(1.,0.,0.));
#1015 = FACE_BOUND('',#1016,.T.);
#1016 = EDGE_LOOP('',(#1017,#1027,#1035,#1043));
#1017 = ORIENTED_EDGE('',*,*,#1018,.F.);
#1018 = EDGE_CURVE('',#1019,#1021,#1023,.T.);
#1019 = VERTEX_POINT('',#1020);
#1020 = CARTESIAN_POINT('',(0.95,4.13,2.54));
#1021 = VERTEX_POINT('',#1022);
#1022 = CARTESIAN_POINT('',(0.95,3.49,2.54));
#1023 = LINE('',#1024,#1025);
#1024 = CARTESIAN_POINT('',(0.95,2.064999999995,2.54));
#1025 = VECTOR('',#1026,1.);
#1026 = DIRECTION('',(0.,-1.,0.));
#1027 = ORIENTED_EDGE('',*,*,#1028,.F.);
#1028 = EDGE_CURVE('',#1029,#1019,#1031,.T.);
#1029 = VERTEX_POINT('',#1030);
#1030 = CARTESIAN_POINT('',(1.59,4.13,2.54));
#1031 = LINE('',#1032,#1033);
#1032 = CARTESIAN_POINT('',(0.795000000002,4.13,2.54));
#1033 = VECTOR('',#1034,1.);
#1034 = DIRECTION('',(-1.,0.,0.));
#1035 = ORIENTED_EDGE('',*,*,#1036,.F.);
#1036 = EDGE_CURVE('',#1037,#1029,#1039,.T.);
#1037 = VERTEX_POINT('',#1038);
#1038 = CARTESIAN_POINT('',(1.59,3.49,2.54));
#1039 = LINE('',#1040,#1041);
#1040 = CARTESIAN_POINT('',(1.59,1.744999999995,2.54));
#1041 = VECTOR('',#1042,1.);
#1042 = DIRECTION('',(5.724587470723E-15,1.,0.));
#1043 = ORIENTED_EDGE('',*,*,#1044,.F.);
#1044 = EDGE_CURVE('',#1021,#1037,#1045,.T.);
#1045 = LINE('',#1046,#1047);
#1046 = CARTESIAN_POINT('',(0.475000000002,3.49,2.54));
#1047 = VECTOR('',#1048,1.);
#1048 = DIRECTION('',(1.,0.,0.));
#1049 = PLANE('',#1050);
#1050 = AXIS2_PLACEMENT_3D('',#1051,#1052,#1053);
#1051 = CARTESIAN_POINT('',(3.3731E-12,-1.011946E-11,2.54));
#1052 = DIRECTION('',(0.,0.,1.));
#1053 = DIRECTION('',(1.,0.,0.));
#1054 = ADVANCED_FACE('',(#1055),#1066,.T.);
#1055 = FACE_BOUND('',#1056,.T.);
#1056 = EDGE_LOOP('',(#1057,#1058,#1064,#1065));
#1057 = ORIENTED_EDGE('',*,*,#596,.F.);
#1058 = ORIENTED_EDGE('',*,*,#1059,.T.);
#1059 = EDGE_CURVE('',#589,#86,#1060,.T.);
#1060 = LINE('',#1061,#1062);
#1061 = CARTESIAN_POINT('',(-2.38,5.08,11.897457040915));
#1062 = VECTOR('',#1063,1.);
#1063 = DIRECTION('',(-0.,-0.,-1.));
#1064 = ORIENTED_EDGE('',*,*,#93,.T.);
#1065 = ORIENTED_EDGE('',*,*,#53,.F.);
#1066 = PLANE('',#1067);
#1067 = AXIS2_PLACEMENT_3D('',#1068,#1069,#1070);
#1068 = CARTESIAN_POINT('',(-2.38,5.08,11.897457040915));
#1069 = DIRECTION('',(-0.707106781187,0.707106781187,0.));
#1070 = DIRECTION('',(-0.707106781187,-0.707106781187,0.));
#1071 = ADVANCED_FACE('',(#1072),#1083,.F.);
#1072 = FACE_BOUND('',#1073,.F.);
#1073 = EDGE_LOOP('',(#1074,#1075,#1081,#1082));
#1074 = ORIENTED_EDGE('',*,*,#83,.F.);
#1075 = ORIENTED_EDGE('',*,*,#1076,.F.);
#1076 = EDGE_CURVE('',#587,#84,#1077,.T.);
#1077 = LINE('',#1078,#1079);
#1078 = CARTESIAN_POINT('',(2.38,5.08,11.897457040915));
#1079 = VECTOR('',#1080,1.);
#1080 = DIRECTION('',(0.,0.,-1.));
#1081 = ORIENTED_EDGE('',*,*,#586,.T.);
#1082 = ORIENTED_EDGE('',*,*,#1059,.T.);
#1083 = PLANE('',#1084);
#1084 = AXIS2_PLACEMENT_3D('',#1085,#1086,#1087);
#1085 = CARTESIAN_POINT('',(2.54,5.08000000002,0.));
#1086 = DIRECTION('',(7.96808E-12,-1.,0.));
#1087 = DIRECTION('',(-1.,-7.96808E-12,0.));
#1088 = ADVANCED_FACE('',(#1089),#1100,.T.);
#1089 = FACE_BOUND('',#1090,.F.);
#1090 = EDGE_LOOP('',(#1091,#1092,#1093,#1094));
#1091 = ORIENTED_EDGE('',*,*,#772,.F.);
#1092 = ORIENTED_EDGE('',*,*,#1076,.T.);
#1093 = ORIENTED_EDGE('',*,*,#276,.T.);
#1094 = ORIENTED_EDGE('',*,*,#1095,.F.);
#1095 = EDGE_CURVE('',#765,#269,#1096,.T.);
#1096 = LINE('',#1097,#1098);
#1097 = CARTESIAN_POINT('',(2.54,4.92,11.897457040915));
#1098 = VECTOR('',#1099,1.);
#1099 = DIRECTION('',(0.,0.,-1.));
#1100 = PLANE('',#1101);
#1101 = AXIS2_PLACEMENT_3D('',#1102,#1103,#1104);
#1102 = CARTESIAN_POINT('',(2.38,5.08,11.897457040915));
#1103 = DIRECTION('',(0.707106781187,0.707106781187,0.));
#1104 = DIRECTION('',(-0.707106781187,0.707106781187,0.));
#1105 = ADVANCED_FACE('',(#1106),#1117,.F.);
#1106 = FACE_BOUND('',#1107,.F.);
#1107 = EDGE_LOOP('',(#1108,#1109,#1115,#1116));
#1108 = ORIENTED_EDGE('',*,*,#268,.F.);
#1109 = ORIENTED_EDGE('',*,*,#1110,.F.);
#1110 = EDGE_CURVE('',#757,#261,#1111,.T.);
#1111 = LINE('',#1112,#1113);
#1112 = CARTESIAN_POINT('',(2.54,2.7,11.897457040915));
#1113 = VECTOR('',#1114,1.);
#1114 = DIRECTION('',(0.,0.,-1.));
#1115 = ORIENTED_EDGE('',*,*,#764,.T.);
#1116 = ORIENTED_EDGE('',*,*,#1095,.T.);
#1117 = PLANE('',#1118);
#1118 = AXIS2_PLACEMENT_3D('',#1119,#1120,#1121);
#1119 = CARTESIAN_POINT('',(2.54,-5.08000000002,0.));
#1120 = DIRECTION('',(-1.,0.,0.));
#1121 = DIRECTION('',(0.,1.,0.));
#1122 = ADVANCED_FACE('',(#1123),#1134,.T.);
#1123 = FACE_BOUND('',#1124,.F.);
#1124 = EDGE_LOOP('',(#1125,#1126,#1127,#1128));
#1125 = ORIENTED_EDGE('',*,*,#756,.F.);
#1126 = ORIENTED_EDGE('',*,*,#1110,.T.);
#1127 = ORIENTED_EDGE('',*,*,#260,.T.);
#1128 = ORIENTED_EDGE('',*,*,#1129,.F.);
#1129 = EDGE_CURVE('',#749,#253,#1130,.T.);
#1130 = LINE('',#1131,#1132);
#1131 = CARTESIAN_POINT('',(2.38,2.54,11.897457040915));
#1132 = VECTOR('',#1133,1.);
#1133 = DIRECTION('',(0.,0.,-1.));
#1134 = PLANE('',#1135);
#1135 = AXIS2_PLACEMENT_3D('',#1136,#1137,#1138);
#1136 = CARTESIAN_POINT('',(2.54,2.7,11.897457040915));
#1137 = DIRECTION('',(0.707106781187,-0.707106781187,0.));
#1138 = DIRECTION('',(0.707106781187,0.707106781187,0.));
#1139 = ADVANCED_FACE('',(#1140),#1151,.T.);
#1140 = FACE_BOUND('',#1141,.F.);
#1141 = EDGE_LOOP('',(#1142,#1143,#1144,#1145));
#1142 = ORIENTED_EDGE('',*,*,#748,.F.);
#1143 = ORIENTED_EDGE('',*,*,#1129,.T.);
#1144 = ORIENTED_EDGE('',*,*,#252,.T.);
#1145 = ORIENTED_EDGE('',*,*,#1146,.F.);
#1146 = EDGE_CURVE('',#741,#245,#1147,.T.);
#1147 = LINE('',#1148,#1149);
#1148 = CARTESIAN_POINT('',(2.54,2.38,11.897457040915));
#1149 = VECTOR('',#1150,1.);
#1150 = DIRECTION('',(0.,0.,-1.));
#1151 = PLANE('',#1152);
#1152 = AXIS2_PLACEMENT_3D('',#1153,#1154,#1155);
#1153 = CARTESIAN_POINT('',(2.38,2.54,11.897457040915));
#1154 = DIRECTION('',(0.707106781187,0.707106781187,0.));
#1155 = DIRECTION('',(-0.707106781187,0.707106781187,0.));
#1156 = ADVANCED_FACE('',(#1157),#1168,.T.);
#1157 = FACE_BOUND('',#1158,.T.);
#1158 = EDGE_LOOP('',(#1159,#1160,#1161,#1162));
#1159 = ORIENTED_EDGE('',*,*,#604,.F.);
#1160 = ORIENTED_EDGE('',*,*,#572,.T.);
#1161 = ORIENTED_EDGE('',*,*,#108,.T.);
#1162 = ORIENTED_EDGE('',*,*,#1163,.F.);
#1163 = EDGE_CURVE('',#605,#109,#1164,.T.);
#1164 = LINE('',#1165,#1166);
#1165 = CARTESIAN_POINT('',(-2.54,2.38,11.897457040915));
#1166 = VECTOR('',#1167,1.);
#1167 = DIRECTION('',(-0.,-0.,-1.));
#1168 = PLANE('',#1169);
#1169 = AXIS2_PLACEMENT_3D('',#1170,#1171,#1172);
#1170 = CARTESIAN_POINT('',(-2.38,2.54,11.897457040915));
#1171 = DIRECTION('',(-0.707106781187,0.707106781187,0.));
#1172 = DIRECTION('',(-0.707106781187,-0.707106781187,0.));
#1173 = ADVANCED_FACE('',(#1174),#1185,.F.);
#1174 = FACE_BOUND('',#1175,.F.);
#1175 = EDGE_LOOP('',(#1176,#1177,#1183,#1184));
#1176 = ORIENTED_EDGE('',*,*,#244,.F.);
#1177 = ORIENTED_EDGE('',*,*,#1178,.F.);
#1178 = EDGE_CURVE('',#733,#237,#1179,.T.);
#1179 = LINE('',#1180,#1181);
#1180 = CARTESIAN_POINT('',(2.54,0.16,11.897457040915));
#1181 = VECTOR('',#1182,1.);
#1182 = DIRECTION('',(0.,0.,-1.));
#1183 = ORIENTED_EDGE('',*,*,#740,.T.);
#1184 = ORIENTED_EDGE('',*,*,#1146,.T.);
#1185 = PLANE('',#1186);
#1186 = AXIS2_PLACEMENT_3D('',#1187,#1188,#1189);
#1187 = CARTESIAN_POINT('',(2.54,-5.08000000002,0.));
#1188 = DIRECTION('',(-1.,0.,0.));
#1189 = DIRECTION('',(0.,1.,0.));
#1190 = ADVANCED_FACE('',(#1191),#1202,.F.);
#1191 = FACE_BOUND('',#1192,.F.);
#1192 = EDGE_LOOP('',(#1193,#1194,#1195,#1196));
#1193 = ORIENTED_EDGE('',*,*,#116,.F.);
#1194 = ORIENTED_EDGE('',*,*,#1163,.F.);
#1195 = ORIENTED_EDGE('',*,*,#612,.T.);
#1196 = ORIENTED_EDGE('',*,*,#1197,.T.);
#1197 = EDGE_CURVE('',#613,#117,#1198,.T.);
#1198 = LINE('',#1199,#1200);
#1199 = CARTESIAN_POINT('',(-2.54,0.16,11.897457040915));
#1200 = VECTOR('',#1201,1.);
#1201 = DIRECTION('',(-0.,-0.,-1.));
#1202 = PLANE('',#1203);
#1203 = AXIS2_PLACEMENT_3D('',#1204,#1205,#1206);
#1204 = CARTESIAN_POINT('',(-2.54,5.07999999998,0.));
#1205 = DIRECTION('',(1.,0.,0.));
#1206 = DIRECTION('',(0.,-1.,0.));
#1207 = ADVANCED_FACE('',(#1208),#1219,.T.);
#1208 = FACE_BOUND('',#1209,.F.);
#1209 = EDGE_LOOP('',(#1210,#1211,#1212,#1213));
#1210 = ORIENTED_EDGE('',*,*,#732,.F.);
#1211 = ORIENTED_EDGE('',*,*,#1178,.T.);
#1212 = ORIENTED_EDGE('',*,*,#236,.T.);
#1213 = ORIENTED_EDGE('',*,*,#1214,.F.);
#1214 = EDGE_CURVE('',#725,#229,#1215,.T.);
#1215 = LINE('',#1216,#1217);
#1216 = CARTESIAN_POINT('',(2.38,0.,11.897457040915));
#1217 = VECTOR('',#1218,1.);
#1218 = DIRECTION('',(0.,0.,-1.));
#1219 = PLANE('',#1220);
#1220 = AXIS2_PLACEMENT_3D('',#1221,#1222,#1223);
#1221 = CARTESIAN_POINT('',(2.54,0.16,11.897457040915));
#1222 = DIRECTION('',(0.707106781187,-0.707106781187,0.));
#1223 = DIRECTION('',(0.707106781187,0.707106781187,0.));
#1224 = ADVANCED_FACE('',(#1225),#1236,.T.);
#1225 = FACE_BOUND('',#1226,.T.);
#1226 = EDGE_LOOP('',(#1227,#1228,#1229,#1230));
#1227 = ORIENTED_EDGE('',*,*,#620,.F.);
#1228 = ORIENTED_EDGE('',*,*,#1197,.T.);
#1229 = ORIENTED_EDGE('',*,*,#124,.T.);
#1230 = ORIENTED_EDGE('',*,*,#1231,.F.);
#1231 = EDGE_CURVE('',#621,#125,#1232,.T.);
#1232 = LINE('',#1233,#1234);
#1233 = CARTESIAN_POINT('',(-2.38,0.,11.897457040915));
#1234 = VECTOR('',#1235,1.);
#1235 = DIRECTION('',(-0.,-0.,-1.));
#1236 = PLANE('',#1237);
#1237 = AXIS2_PLACEMENT_3D('',#1238,#1239,#1240);
#1238 = CARTESIAN_POINT('',(-2.54,0.16,11.897457040915));
#1239 = DIRECTION('',(-0.707106781187,-0.707106781187,0.));
#1240 = DIRECTION('',(0.707106781187,-0.707106781187,0.));
#1241 = ADVANCED_FACE('',(#1242),#1253,.T.);
#1242 = FACE_BOUND('',#1243,.F.);
#1243 = EDGE_LOOP('',(#1244,#1245,#1246,#1247));
#1244 = ORIENTED_EDGE('',*,*,#724,.F.);
#1245 = ORIENTED_EDGE('',*,*,#1214,.T.);
#1246 = ORIENTED_EDGE('',*,*,#228,.T.);
#1247 = ORIENTED_EDGE('',*,*,#1248,.F.);
#1248 = EDGE_CURVE('',#717,#221,#1249,.T.);
#1249 = LINE('',#1250,#1251);
#1250 = CARTESIAN_POINT('',(2.54,-0.16,11.897457040915));
#1251 = VECTOR('',#1252,1.);
#1252 = DIRECTION('',(0.,0.,-1.));
#1253 = PLANE('',#1254);
#1254 = AXIS2_PLACEMENT_3D('',#1255,#1256,#1257);
#1255 = CARTESIAN_POINT('',(2.38,0.,11.897457040915));
#1256 = DIRECTION('',(0.707106781187,0.707106781187,0.));
#1257 = DIRECTION('',(-0.707106781187,0.707106781187,0.));
#1258 = ADVANCED_FACE('',(#1259),#1270,.T.);
#1259 = FACE_BOUND('',#1260,.T.);
#1260 = EDGE_LOOP('',(#1261,#1262,#1263,#1264));
#1261 = ORIENTED_EDGE('',*,*,#628,.F.);
#1262 = ORIENTED_EDGE('',*,*,#1231,.T.);
#1263 = ORIENTED_EDGE('',*,*,#132,.T.);
#1264 = ORIENTED_EDGE('',*,*,#1265,.F.);
#1265 = EDGE_CURVE('',#629,#133,#1266,.T.);
#1266 = LINE('',#1267,#1268);
#1267 = CARTESIAN_POINT('',(-2.54,-0.16,11.897457040915));
#1268 = VECTOR('',#1269,1.);
#1269 = DIRECTION('',(-0.,-0.,-1.));
#1270 = PLANE('',#1271);
#1271 = AXIS2_PLACEMENT_3D('',#1272,#1273,#1274);
#1272 = CARTESIAN_POINT('',(-2.38,0.,11.897457040915));
#1273 = DIRECTION('',(-0.707106781187,0.707106781187,0.));
#1274 = DIRECTION('',(-0.707106781187,-0.707106781187,0.));
#1275 = ADVANCED_FACE('',(#1276),#1287,.F.);
#1276 = FACE_BOUND('',#1277,.F.);
#1277 = EDGE_LOOP('',(#1278,#1279,#1285,#1286));
#1278 = ORIENTED_EDGE('',*,*,#220,.F.);
#1279 = ORIENTED_EDGE('',*,*,#1280,.F.);
#1280 = EDGE_CURVE('',#709,#213,#1281,.T.);
#1281 = LINE('',#1282,#1283);
#1282 = CARTESIAN_POINT('',(2.54,-2.38,11.897457040915));
#1283 = VECTOR('',#1284,1.);
#1284 = DIRECTION('',(0.,0.,-1.));
#1285 = ORIENTED_EDGE('',*,*,#716,.T.);
#1286 = ORIENTED_EDGE('',*,*,#1248,.T.);
#1287 = PLANE('',#1288);
#1288 = AXIS2_PLACEMENT_3D('',#1289,#1290,#1291);
#1289 = CARTESIAN_POINT('',(2.54,-5.08000000002,0.));
#1290 = DIRECTION('',(-1.,0.,0.));
#1291 = DIRECTION('',(0.,1.,0.));
#1292 = ADVANCED_FACE('',(#1293),#1304,.F.);
#1293 = FACE_BOUND('',#1294,.F.);
#1294 = EDGE_LOOP('',(#1295,#1296,#1297,#1298));
#1295 = ORIENTED_EDGE('',*,*,#140,.F.);
#1296 = ORIENTED_EDGE('',*,*,#1265,.F.);
#1297 = ORIENTED_EDGE('',*,*,#636,.T.);
#1298 = ORIENTED_EDGE('',*,*,#1299,.T.);
#1299 = EDGE_CURVE('',#637,#141,#1300,.T.);
#1300 = LINE('',#1301,#1302);
#1301 = CARTESIAN_POINT('',(-2.54,-2.38,11.897457040915));
#1302 = VECTOR('',#1303,1.);
#1303 = DIRECTION('',(-0.,-0.,-1.));
#1304 = PLANE('',#1305);
#1305 = AXIS2_PLACEMENT_3D('',#1306,#1307,#1308);
#1306 = CARTESIAN_POINT('',(-2.54,5.07999999998,0.));
#1307 = DIRECTION('',(1.,0.,0.));
#1308 = DIRECTION('',(0.,-1.,0.));
#1309 = ADVANCED_FACE('',(#1310),#1321,.T.);
#1310 = FACE_BOUND('',#1311,.F.);
#1311 = EDGE_LOOP('',(#1312,#1313,#1314,#1315));
#1312 = ORIENTED_EDGE('',*,*,#708,.F.);
#1313 = ORIENTED_EDGE('',*,*,#1280,.T.);
#1314 = ORIENTED_EDGE('',*,*,#212,.T.);
#1315 = ORIENTED_EDGE('',*,*,#1316,.F.);
#1316 = EDGE_CURVE('',#701,#205,#1317,.T.);
#1317 = LINE('',#1318,#1319);
#1318 = CARTESIAN_POINT('',(2.38,-2.54,11.897457040915));
#1319 = VECTOR('',#1320,1.);
#1320 = DIRECTION('',(0.,0.,-1.));
#1321 = PLANE('',#1322);
#1322 = AXIS2_PLACEMENT_3D('',#1323,#1324,#1325);
#1323 = CARTESIAN_POINT('',(2.54,-2.38,11.897457040915));
#1324 = DIRECTION('',(0.707106781187,-0.707106781187,0.));
#1325 = DIRECTION('',(0.707106781187,0.707106781187,0.));
#1326 = ADVANCED_FACE('',(#1327),#1338,.T.);
#1327 = FACE_BOUND('',#1328,.T.);
#1328 = EDGE_LOOP('',(#1329,#1330,#1331,#1332));
#1329 = ORIENTED_EDGE('',*,*,#644,.F.);
#1330 = ORIENTED_EDGE('',*,*,#1299,.T.);
#1331 = ORIENTED_EDGE('',*,*,#148,.T.);
#1332 = ORIENTED_EDGE('',*,*,#1333,.F.);
#1333 = EDGE_CURVE('',#645,#149,#1334,.T.);
#1334 = LINE('',#1335,#1336);
#1335 = CARTESIAN_POINT('',(-2.38,-2.54,11.897457040915));
#1336 = VECTOR('',#1337,1.);
#1337 = DIRECTION('',(-0.,-0.,-1.));
#1338 = PLANE('',#1339);
#1339 = AXIS2_PLACEMENT_3D('',#1340,#1341,#1342);
#1340 = CARTESIAN_POINT('',(-2.54,-2.38,11.897457040915));
#1341 = DIRECTION('',(-0.707106781187,-0.707106781187,0.));
#1342 = DIRECTION('',(0.707106781187,-0.707106781187,0.));
#1343 = ADVANCED_FACE('',(#1344),#1355,.T.);
#1344 = FACE_BOUND('',#1345,.F.);
#1345 = EDGE_LOOP('',(#1346,#1347,#1348,#1349));
#1346 = ORIENTED_EDGE('',*,*,#700,.F.);
#1347 = ORIENTED_EDGE('',*,*,#1316,.T.);
#1348 = ORIENTED_EDGE('',*,*,#204,.T.);
#1349 = ORIENTED_EDGE('',*,*,#1350,.F.);
#1350 = EDGE_CURVE('',#693,#197,#1351,.T.);
#1351 = LINE('',#1352,#1353);
#1352 = CARTESIAN_POINT('',(2.54,-2.7,11.897457040915));
#1353 = VECTOR('',#1354,1.);
#1354 = DIRECTION('',(0.,0.,-1.));
#1355 = PLANE('',#1356);
#1356 = AXIS2_PLACEMENT_3D('',#1357,#1358,#1359);
#1357 = CARTESIAN_POINT('',(2.38,-2.54,11.897457040915));
#1358 = DIRECTION('',(0.707106781187,0.707106781187,0.));
#1359 = DIRECTION('',(-0.707106781187,0.707106781187,0.));
#1360 = ADVANCED_FACE('',(#1361),#1372,.T.);
#1361 = FACE_BOUND('',#1362,.T.);
#1362 = EDGE_LOOP('',(#1363,#1364,#1365,#1366));
#1363 = ORIENTED_EDGE('',*,*,#652,.F.);
#1364 = ORIENTED_EDGE('',*,*,#1333,.T.);
#1365 = ORIENTED_EDGE('',*,*,#156,.T.);
#1366 = ORIENTED_EDGE('',*,*,#1367,.F.);
#1367 = EDGE_CURVE('',#653,#157,#1368,.T.);
#1368 = LINE('',#1369,#1370);
#1369 = CARTESIAN_POINT('',(-2.54,-2.7,11.897457040915));
#1370 = VECTOR('',#1371,1.);
#1371 = DIRECTION('',(-0.,-0.,-1.));
#1372 = PLANE('',#1373);
#1373 = AXIS2_PLACEMENT_3D('',#1374,#1375,#1376);
#1374 = CARTESIAN_POINT('',(-2.38,-2.54,11.897457040915));
#1375 = DIRECTION('',(-0.707106781187,0.707106781187,0.));
#1376 = DIRECTION('',(-0.707106781187,-0.707106781187,0.));
#1377 = ADVANCED_FACE('',(#1378),#1389,.F.);
#1378 = FACE_BOUND('',#1379,.F.);
#1379 = EDGE_LOOP('',(#1380,#1381,#1387,#1388));
#1380 = ORIENTED_EDGE('',*,*,#196,.F.);
#1381 = ORIENTED_EDGE('',*,*,#1382,.F.);
#1382 = EDGE_CURVE('',#685,#189,#1383,.T.);
#1383 = LINE('',#1384,#1385);
#1384 = CARTESIAN_POINT('',(2.54,-4.92,11.897457040915));
#1385 = VECTOR('',#1386,1.);
#1386 = DIRECTION('',(0.,0.,-1.));
#1387 = ORIENTED_EDGE('',*,*,#692,.T.);
#1388 = ORIENTED_EDGE('',*,*,#1350,.T.);
#1389 = PLANE('',#1390);
#1390 = AXIS2_PLACEMENT_3D('',#1391,#1392,#1393);
#1391 = CARTESIAN_POINT('',(2.54,-5.08000000002,0.));
#1392 = DIRECTION('',(-1.,0.,0.));
#1393 = DIRECTION('',(0.,1.,0.));
#1394 = ADVANCED_FACE('',(#1395),#1406,.F.);
#1395 = FACE_BOUND('',#1396,.F.);
#1396 = EDGE_LOOP('',(#1397,#1398,#1399,#1400));
#1397 = ORIENTED_EDGE('',*,*,#164,.F.);
#1398 = ORIENTED_EDGE('',*,*,#1367,.F.);
#1399 = ORIENTED_EDGE('',*,*,#660,.T.);
#1400 = ORIENTED_EDGE('',*,*,#1401,.T.);
#1401 = EDGE_CURVE('',#661,#165,#1402,.T.);
#1402 = LINE('',#1403,#1404);
#1403 = CARTESIAN_POINT('',(-2.54,-4.92,11.897457040915));
#1404 = VECTOR('',#1405,1.);
#1405 = DIRECTION('',(-0.,-0.,-1.));
#1406 = PLANE('',#1407);
#1407 = AXIS2_PLACEMENT_3D('',#1408,#1409,#1410);
#1408 = CARTESIAN_POINT('',(-2.54,5.07999999998,0.));
#1409 = DIRECTION('',(1.,0.,0.));
#1410 = DIRECTION('',(0.,-1.,0.));
#1411 = ADVANCED_FACE('',(#1412),#1423,.T.);
#1412 = FACE_BOUND('',#1413,.F.);
#1413 = EDGE_LOOP('',(#1414,#1415,#1416,#1417));
#1414 = ORIENTED_EDGE('',*,*,#684,.F.);
#1415 = ORIENTED_EDGE('',*,*,#1382,.T.);
#1416 = ORIENTED_EDGE('',*,*,#188,.T.);
#1417 = ORIENTED_EDGE('',*,*,#1418,.F.);
#1418 = EDGE_CURVE('',#677,#181,#1419,.T.);
#1419 = LINE('',#1420,#1421);
#1420 = CARTESIAN_POINT('',(2.38,-5.08,11.897457040915));
#1421 = VECTOR('',#1422,1.);
#1422 = DIRECTION('',(0.,0.,-1.));
#1423 = PLANE('',#1424);
#1424 = AXIS2_PLACEMENT_3D('',#1425,#1426,#1427);
#1425 = CARTESIAN_POINT('',(2.54,-4.92,11.897457040915));
#1426 = DIRECTION('',(0.707106781187,-0.707106781187,0.));
#1427 = DIRECTION('',(0.707106781187,0.707106781187,0.));
#1428 = ADVANCED_FACE('',(#1429),#1440,.T.);
#1429 = FACE_BOUND('',#1430,.T.);
#1430 = EDGE_LOOP('',(#1431,#1432,#1433,#1434));
#1431 = ORIENTED_EDGE('',*,*,#668,.F.);
#1432 = ORIENTED_EDGE('',*,*,#1401,.T.);
#1433 = ORIENTED_EDGE('',*,*,#172,.T.);
#1434 = ORIENTED_EDGE('',*,*,#1435,.F.);
#1435 = EDGE_CURVE('',#669,#173,#1436,.T.);
#1436 = LINE('',#1437,#1438);
#1437 = CARTESIAN_POINT('',(-2.38,-5.08,11.897457040915));
#1438 = VECTOR('',#1439,1.);
#1439 = DIRECTION('',(-0.,-0.,-1.));
#1440 = PLANE('',#1441);
#1441 = AXIS2_PLACEMENT_3D('',#1442,#1443,#1444);
#1442 = CARTESIAN_POINT('',(-2.54,-4.92,11.897457040915));
#1443 = DIRECTION('',(-0.707106781187,-0.707106781187,0.));
#1444 = DIRECTION('',(0.707106781187,-0.707106781187,0.));
#1445 = ADVANCED_FACE('',(#1446),#1452,.F.);
#1446 = FACE_BOUND('',#1447,.F.);
#1447 = EDGE_LOOP('',(#1448,#1449,#1450,#1451));
#1448 = ORIENTED_EDGE('',*,*,#180,.F.);
#1449 = ORIENTED_EDGE('',*,*,#1435,.F.);
#1450 = ORIENTED_EDGE('',*,*,#676,.T.);
#1451 = ORIENTED_EDGE('',*,*,#1418,.T.);
#1452 = PLANE('',#1453);
#1453 = AXIS2_PLACEMENT_3D('',#1454,#1455,#1456);
#1454 = CARTESIAN_POINT('',(-2.54,-5.08000000002,0.));
#1455 = DIRECTION('',(0.,1.,0.));
#1456 = DIRECTION('',(1.,0.,0.));
#1457 = ADVANCED_FACE('',(#1458),#1474,.F.);
#1458 = FACE_BOUND('',#1459,.F.);
#1459 = EDGE_LOOP('',(#1460,#1461,#1467,#1468));
#1460 = ORIENTED_EDGE('',*,*,#780,.F.);
#1461 = ORIENTED_EDGE('',*,*,#1462,.T.);
#1462 = EDGE_CURVE('',#781,#285,#1463,.T.);
#1463 = LINE('',#1464,#1465);
#1464 = CARTESIAN_POINT('',(-1.59,-3.49,11.756139687857));
#1465 = VECTOR('',#1466,1.);
#1466 = DIRECTION('',(-0.,-0.,-1.));
#1467 = ORIENTED_EDGE('',*,*,#284,.T.);
#1468 = ORIENTED_EDGE('',*,*,#1469,.F.);
#1469 = EDGE_CURVE('',#783,#287,#1470,.T.);
#1470 = LINE('',#1471,#1472);
#1471 = CARTESIAN_POINT('',(-1.59,-4.13,11.756139687857));
#1472 = VECTOR('',#1473,1.);
#1473 = DIRECTION('',(-0.,-0.,-1.));
#1474 = PLANE('',#1475);
#1475 = AXIS2_PLACEMENT_3D('',#1476,#1477,#1478);
#1476 = CARTESIAN_POINT('',(-1.59,-3.49,11.756139687857));
#1477 = DIRECTION('',(-1.,0.,0.));
#1478 = DIRECTION('',(0.,-1.,0.));
#1479 = ADVANCED_FACE('',(#1480),#1491,.F.);
#1480 = FACE_BOUND('',#1481,.F.);
#1481 = EDGE_LOOP('',(#1482,#1483,#1484,#1485));
#1482 = ORIENTED_EDGE('',*,*,#806,.F.);
#1483 = ORIENTED_EDGE('',*,*,#1469,.T.);
#1484 = ORIENTED_EDGE('',*,*,#310,.T.);
#1485 = ORIENTED_EDGE('',*,*,#1486,.F.);
#1486 = EDGE_CURVE('',#799,#303,#1487,.T.);
#1487 = LINE('',#1488,#1489);
#1488 = CARTESIAN_POINT('',(-0.95,-4.13,11.756139687857));
#1489 = VECTOR('',#1490,1.);
#1490 = DIRECTION('',(-0.,-0.,-1.));
#1491 = PLANE('',#1492);
#1492 = AXIS2_PLACEMENT_3D('',#1493,#1494,#1495);
#1493 = CARTESIAN_POINT('',(-1.59,-4.13,11.756139687857));
#1494 = DIRECTION('',(0.,-1.,0.));
#1495 = DIRECTION('',(1.,0.,0.));
#1496 = ADVANCED_FACE('',(#1497),#1508,.F.);
#1497 = FACE_BOUND('',#1498,.F.);
#1498 = EDGE_LOOP('',(#1499,#1500,#1501,#1502));
#1499 = ORIENTED_EDGE('',*,*,#798,.F.);
#1500 = ORIENTED_EDGE('',*,*,#1486,.T.);
#1501 = ORIENTED_EDGE('',*,*,#302,.T.);
#1502 = ORIENTED_EDGE('',*,*,#1503,.F.);
#1503 = EDGE_CURVE('',#791,#295,#1504,.T.);
#1504 = LINE('',#1505,#1506);
#1505 = CARTESIAN_POINT('',(-0.95,-3.49,11.756139687857));
#1506 = VECTOR('',#1507,1.);
#1507 = DIRECTION('',(-0.,-0.,-1.));
#1508 = PLANE('',#1509);
#1509 = AXIS2_PLACEMENT_3D('',#1510,#1511,#1512);
#1510 = CARTESIAN_POINT('',(-0.95,-4.13,11.756139687857));
#1511 = DIRECTION('',(1.,-5.724587470723E-15,0.));
#1512 = DIRECTION('',(5.724587470723E-15,1.,0.));
#1513 = ADVANCED_FACE('',(#1514),#1520,.F.);
#1514 = FACE_BOUND('',#1515,.F.);
#1515 = EDGE_LOOP('',(#1516,#1517,#1518,#1519));
#1516 = ORIENTED_EDGE('',*,*,#790,.F.);
#1517 = ORIENTED_EDGE('',*,*,#1503,.T.);
#1518 = ORIENTED_EDGE('',*,*,#294,.T.);
#1519 = ORIENTED_EDGE('',*,*,#1462,.F.);
#1520 = PLANE('',#1521);
#1521 = AXIS2_PLACEMENT_3D('',#1522,#1523,#1524);
#1522 = CARTESIAN_POINT('',(-0.95,-3.49,11.756139687857));
#1523 = DIRECTION('',(0.,1.,0.));
#1524 = DIRECTION('',(-1.,0.,0.));
#1525 = ADVANCED_FACE('',(#1526),#1542,.F.);
#1526 = FACE_BOUND('',#1527,.F.);
#1527 = EDGE_LOOP('',(#1528,#1529,#1535,#1536));
#1528 = ORIENTED_EDGE('',*,*,#814,.F.);
#1529 = ORIENTED_EDGE('',*,*,#1530,.T.);
#1530 = EDGE_CURVE('',#815,#319,#1531,.T.);
#1531 = LINE('',#1532,#1533);
#1532 = CARTESIAN_POINT('',(-1.59,-0.95,11.756139687857));
#1533 = VECTOR('',#1534,1.);
#1534 = DIRECTION('',(-0.,-0.,-1.));
#1535 = ORIENTED_EDGE('',*,*,#318,.T.);
#1536 = ORIENTED_EDGE('',*,*,#1537,.F.);
#1537 = EDGE_CURVE('',#817,#321,#1538,.T.);
#1538 = LINE('',#1539,#1540);
#1539 = CARTESIAN_POINT('',(-1.59,-1.59,11.756139687857));
#1540 = VECTOR('',#1541,1.);
#1541 = DIRECTION('',(-0.,-0.,-1.));
#1542 = PLANE('',#1543);
#1543 = AXIS2_PLACEMENT_3D('',#1544,#1545,#1546);
#1544 = CARTESIAN_POINT('',(-1.59,-0.95,11.756139687857));
#1545 = DIRECTION('',(-1.,0.,0.));
#1546 = DIRECTION('',(0.,-1.,0.));
#1547 = ADVANCED_FACE('',(#1548),#1559,.F.);
#1548 = FACE_BOUND('',#1549,.F.);
#1549 = EDGE_LOOP('',(#1550,#1551,#1552,#1553));
#1550 = ORIENTED_EDGE('',*,*,#840,.F.);
#1551 = ORIENTED_EDGE('',*,*,#1537,.T.);
#1552 = ORIENTED_EDGE('',*,*,#344,.T.);
#1553 = ORIENTED_EDGE('',*,*,#1554,.F.);
#1554 = EDGE_CURVE('',#833,#337,#1555,.T.);
#1555 = LINE('',#1556,#1557);
#1556 = CARTESIAN_POINT('',(-0.95,-1.59,11.756139687857));
#1557 = VECTOR('',#1558,1.);
#1558 = DIRECTION('',(-0.,-0.,-1.));
#1559 = PLANE('',#1560);
#1560 = AXIS2_PLACEMENT_3D('',#1561,#1562,#1563);
#1561 = CARTESIAN_POINT('',(-1.59,-1.59,11.756139687857));
#1562 = DIRECTION('',(0.,-1.,0.));
#1563 = DIRECTION('',(1.,0.,0.));
#1564 = ADVANCED_FACE('',(#1565),#1576,.F.);
#1565 = FACE_BOUND('',#1566,.F.);
#1566 = EDGE_LOOP('',(#1567,#1568,#1569,#1570));
#1567 = ORIENTED_EDGE('',*,*,#832,.F.);
#1568 = ORIENTED_EDGE('',*,*,#1554,.T.);
#1569 = ORIENTED_EDGE('',*,*,#336,.T.);
#1570 = ORIENTED_EDGE('',*,*,#1571,.F.);
#1571 = EDGE_CURVE('',#825,#329,#1572,.T.);
#1572 = LINE('',#1573,#1574);
#1573 = CARTESIAN_POINT('',(-0.95,-0.95,11.756139687857));
#1574 = VECTOR('',#1575,1.);
#1575 = DIRECTION('',(-0.,-0.,-1.));
#1576 = PLANE('',#1577);
#1577 = AXIS2_PLACEMENT_3D('',#1578,#1579,#1580);
#1578 = CARTESIAN_POINT('',(-0.95,-1.59,11.756139687857));
#1579 = DIRECTION('',(1.,-5.724587470723E-15,0.));
#1580 = DIRECTION('',(5.724587470723E-15,1.,0.));
#1581 = ADVANCED_FACE('',(#1582),#1588,.F.);
#1582 = FACE_BOUND('',#1583,.F.);
#1583 = EDGE_LOOP('',(#1584,#1585,#1586,#1587));
#1584 = ORIENTED_EDGE('',*,*,#824,.F.);
#1585 = ORIENTED_EDGE('',*,*,#1571,.T.);
#1586 = ORIENTED_EDGE('',*,*,#328,.T.);
#1587 = ORIENTED_EDGE('',*,*,#1530,.F.);
#1588 = PLANE('',#1589);
#1589 = AXIS2_PLACEMENT_3D('',#1590,#1591,#1592);
#1590 = CARTESIAN_POINT('',(-0.95,-0.95,11.756139687857));
#1591 = DIRECTION('',(0.,1.,0.));
#1592 = DIRECTION('',(-1.,0.,0.));
#1593 = ADVANCED_FACE('',(#1594),#1610,.F.);
#1594 = FACE_BOUND('',#1595,.F.);
#1595 = EDGE_LOOP('',(#1596,#1597,#1603,#1604));
#1596 = ORIENTED_EDGE('',*,*,#848,.F.);
#1597 = ORIENTED_EDGE('',*,*,#1598,.T.);
#1598 = EDGE_CURVE('',#849,#353,#1599,.T.);
#1599 = LINE('',#1600,#1601);
#1600 = CARTESIAN_POINT('',(0.95,-3.49,11.756139687857));
#1601 = VECTOR('',#1602,1.);
#1602 = DIRECTION('',(-0.,-0.,-1.));
#1603 = ORIENTED_EDGE('',*,*,#352,.T.);
#1604 = ORIENTED_EDGE('',*,*,#1605,.F.);
#1605 = EDGE_CURVE('',#851,#355,#1606,.T.);
#1606 = LINE('',#1607,#1608);
#1607 = CARTESIAN_POINT('',(0.95,-4.13,11.756139687857));
#1608 = VECTOR('',#1609,1.);
#1609 = DIRECTION('',(-0.,-0.,-1.));
#1610 = PLANE('',#1611);
#1611 = AXIS2_PLACEMENT_3D('',#1612,#1613,#1614);
#1612 = CARTESIAN_POINT('',(0.95,-3.49,11.756139687857));
#1613 = DIRECTION('',(-1.,0.,0.));
#1614 = DIRECTION('',(0.,-1.,0.));
#1615 = ADVANCED_FACE('',(#1616),#1627,.F.);
#1616 = FACE_BOUND('',#1617,.F.);
#1617 = EDGE_LOOP('',(#1618,#1619,#1620,#1621));
#1618 = ORIENTED_EDGE('',*,*,#874,.F.);
#1619 = ORIENTED_EDGE('',*,*,#1605,.T.);
#1620 = ORIENTED_EDGE('',*,*,#378,.T.);
#1621 = ORIENTED_EDGE('',*,*,#1622,.F.);
#1622 = EDGE_CURVE('',#867,#371,#1623,.T.);
#1623 = LINE('',#1624,#1625);
#1624 = CARTESIAN_POINT('',(1.59,-4.13,11.756139687857));
#1625 = VECTOR('',#1626,1.);
#1626 = DIRECTION('',(-0.,-0.,-1.));
#1627 = PLANE('',#1628);
#1628 = AXIS2_PLACEMENT_3D('',#1629,#1630,#1631);
#1629 = CARTESIAN_POINT('',(0.95,-4.13,11.756139687857));
#1630 = DIRECTION('',(0.,-1.,0.));
#1631 = DIRECTION('',(1.,0.,0.));
#1632 = ADVANCED_FACE('',(#1633),#1644,.F.);
#1633 = FACE_BOUND('',#1634,.F.);
#1634 = EDGE_LOOP('',(#1635,#1636,#1637,#1638));
#1635 = ORIENTED_EDGE('',*,*,#866,.F.);
#1636 = ORIENTED_EDGE('',*,*,#1622,.T.);
#1637 = ORIENTED_EDGE('',*,*,#370,.T.);
#1638 = ORIENTED_EDGE('',*,*,#1639,.F.);
#1639 = EDGE_CURVE('',#859,#363,#1640,.T.);
#1640 = LINE('',#1641,#1642);
#1641 = CARTESIAN_POINT('',(1.59,-3.49,11.756139687857));
#1642 = VECTOR('',#1643,1.);
#1643 = DIRECTION('',(-0.,-0.,-1.));
#1644 = PLANE('',#1645);
#1645 = AXIS2_PLACEMENT_3D('',#1646,#1647,#1648);
#1646 = CARTESIAN_POINT('',(1.59,-4.13,11.756139687857));
#1647 = DIRECTION('',(1.,-5.724587470723E-15,0.));
#1648 = DIRECTION('',(5.724587470723E-15,1.,0.));
#1649 = ADVANCED_FACE('',(#1650),#1656,.F.);
#1650 = FACE_BOUND('',#1651,.F.);
#1651 = EDGE_LOOP('',(#1652,#1653,#1654,#1655));
#1652 = ORIENTED_EDGE('',*,*,#858,.F.);
#1653 = ORIENTED_EDGE('',*,*,#1639,.T.);
#1654 = ORIENTED_EDGE('',*,*,#362,.T.);
#1655 = ORIENTED_EDGE('',*,*,#1598,.F.);
#1656 = PLANE('',#1657);
#1657 = AXIS2_PLACEMENT_3D('',#1658,#1659,#1660);
#1658 = CARTESIAN_POINT('',(1.59,-3.49,11.756139687857));
#1659 = DIRECTION('',(0.,1.,0.));
#1660 = DIRECTION('',(-1.,0.,0.));
#1661 = ADVANCED_FACE('',(#1662),#1678,.F.);
#1662 = FACE_BOUND('',#1663,.F.);
#1663 = EDGE_LOOP('',(#1664,#1665,#1671,#1672));
#1664 = ORIENTED_EDGE('',*,*,#882,.F.);
#1665 = ORIENTED_EDGE('',*,*,#1666,.T.);
#1666 = EDGE_CURVE('',#883,#387,#1667,.T.);
#1667 = LINE('',#1668,#1669);
#1668 = CARTESIAN_POINT('',(0.95,-0.95,11.756139687857));
#1669 = VECTOR('',#1670,1.);
#1670 = DIRECTION('',(-0.,-0.,-1.));
#1671 = ORIENTED_EDGE('',*,*,#386,.T.);
#1672 = ORIENTED_EDGE('',*,*,#1673,.F.);
#1673 = EDGE_CURVE('',#885,#389,#1674,.T.);
#1674 = LINE('',#1675,#1676);
#1675 = CARTESIAN_POINT('',(0.95,-1.59,11.756139687857));
#1676 = VECTOR('',#1677,1.);
#1677 = DIRECTION('',(-0.,-0.,-1.));
#1678 = PLANE('',#1679);
#1679 = AXIS2_PLACEMENT_3D('',#1680,#1681,#1682);
#1680 = CARTESIAN_POINT('',(0.95,-0.95,11.756139687857));
#1681 = DIRECTION('',(-1.,0.,0.));
#1682 = DIRECTION('',(0.,-1.,0.));
#1683 = ADVANCED_FACE('',(#1684),#1695,.F.);
#1684 = FACE_BOUND('',#1685,.F.);
#1685 = EDGE_LOOP('',(#1686,#1687,#1688,#1689));
#1686 = ORIENTED_EDGE('',*,*,#908,.F.);
#1687 = ORIENTED_EDGE('',*,*,#1673,.T.);
#1688 = ORIENTED_EDGE('',*,*,#412,.T.);
#1689 = ORIENTED_EDGE('',*,*,#1690,.F.);
#1690 = EDGE_CURVE('',#901,#405,#1691,.T.);
#1691 = LINE('',#1692,#1693);
#1692 = CARTESIAN_POINT('',(1.59,-1.59,11.756139687857));
#1693 = VECTOR('',#1694,1.);
#1694 = DIRECTION('',(-0.,-0.,-1.));
#1695 = PLANE('',#1696);
#1696 = AXIS2_PLACEMENT_3D('',#1697,#1698,#1699);
#1697 = CARTESIAN_POINT('',(0.95,-1.59,11.756139687857));
#1698 = DIRECTION('',(0.,-1.,0.));
#1699 = DIRECTION('',(1.,0.,0.));
#1700 = ADVANCED_FACE('',(#1701),#1712,.F.);
#1701 = FACE_BOUND('',#1702,.F.);
#1702 = EDGE_LOOP('',(#1703,#1704,#1705,#1706));
#1703 = ORIENTED_EDGE('',*,*,#900,.F.);
#1704 = ORIENTED_EDGE('',*,*,#1690,.T.);
#1705 = ORIENTED_EDGE('',*,*,#404,.T.);
#1706 = ORIENTED_EDGE('',*,*,#1707,.F.);
#1707 = EDGE_CURVE('',#893,#397,#1708,.T.);
#1708 = LINE('',#1709,#1710);
#1709 = CARTESIAN_POINT('',(1.59,-0.95,11.756139687857));
#1710 = VECTOR('',#1711,1.);
#1711 = DIRECTION('',(-0.,-0.,-1.));
#1712 = PLANE('',#1713);
#1713 = AXIS2_PLACEMENT_3D('',#1714,#1715,#1716);
#1714 = CARTESIAN_POINT('',(1.59,-1.59,11.756139687857));
#1715 = DIRECTION('',(1.,-5.724587470723E-15,0.));
#1716 = DIRECTION('',(5.724587470723E-15,1.,0.));
#1717 = ADVANCED_FACE('',(#1718),#1724,.F.);
#1718 = FACE_BOUND('',#1719,.F.);
#1719 = EDGE_LOOP('',(#1720,#1721,#1722,#1723));
#1720 = ORIENTED_EDGE('',*,*,#892,.F.);
#1721 = ORIENTED_EDGE('',*,*,#1707,.T.);
#1722 = ORIENTED_EDGE('',*,*,#396,.T.);
#1723 = ORIENTED_EDGE('',*,*,#1666,.F.);
#1724 = PLANE('',#1725);
#1725 = AXIS2_PLACEMENT_3D('',#1726,#1727,#1728);
#1726 = CARTESIAN_POINT('',(1.59,-0.95,11.756139687857));
#1727 = DIRECTION('',(0.,1.,0.));
#1728 = DIRECTION('',(-1.,0.,0.));
#1729 = ADVANCED_FACE('',(#1730),#1746,.F.);
#1730 = FACE_BOUND('',#1731,.F.);
#1731 = EDGE_LOOP('',(#1732,#1733,#1739,#1740));
#1732 = ORIENTED_EDGE('',*,*,#916,.F.);
#1733 = ORIENTED_EDGE('',*,*,#1734,.T.);
#1734 = EDGE_CURVE('',#917,#421,#1735,.T.);
#1735 = LINE('',#1736,#1737);
#1736 = CARTESIAN_POINT('',(-1.59,1.59,11.756139687857));
#1737 = VECTOR('',#1738,1.);
#1738 = DIRECTION('',(-0.,-0.,-1.));
#1739 = ORIENTED_EDGE('',*,*,#420,.T.);
#1740 = ORIENTED_EDGE('',*,*,#1741,.F.);
#1741 = EDGE_CURVE('',#919,#423,#1742,.T.);
#1742 = LINE('',#1743,#1744);
#1743 = CARTESIAN_POINT('',(-1.59,0.95,11.756139687857));
#1744 = VECTOR('',#1745,1.);
#1745 = DIRECTION('',(-0.,-0.,-1.));
#1746 = PLANE('',#1747);
#1747 = AXIS2_PLACEMENT_3D('',#1748,#1749,#1750);
#1748 = CARTESIAN_POINT('',(-1.59,1.59,11.756139687857));
#1749 = DIRECTION('',(-1.,0.,0.));
#1750 = DIRECTION('',(0.,-1.,0.));
#1751 = ADVANCED_FACE('',(#1752),#1763,.F.);
#1752 = FACE_BOUND('',#1753,.F.);
#1753 = EDGE_LOOP('',(#1754,#1755,#1756,#1757));
#1754 = ORIENTED_EDGE('',*,*,#942,.F.);
#1755 = ORIENTED_EDGE('',*,*,#1741,.T.);
#1756 = ORIENTED_EDGE('',*,*,#446,.T.);
#1757 = ORIENTED_EDGE('',*,*,#1758,.F.);
#1758 = EDGE_CURVE('',#935,#439,#1759,.T.);
#1759 = LINE('',#1760,#1761);
#1760 = CARTESIAN_POINT('',(-0.95,0.95,11.756139687857));
#1761 = VECTOR('',#1762,1.);
#1762 = DIRECTION('',(-0.,-0.,-1.));
#1763 = PLANE('',#1764);
#1764 = AXIS2_PLACEMENT_3D('',#1765,#1766,#1767);
#1765 = CARTESIAN_POINT('',(-1.59,0.95,11.756139687857));
#1766 = DIRECTION('',(0.,-1.,0.));
#1767 = DIRECTION('',(1.,0.,0.));
#1768 = ADVANCED_FACE('',(#1769),#1780,.F.);
#1769 = FACE_BOUND('',#1770,.F.);
#1770 = EDGE_LOOP('',(#1771,#1772,#1773,#1774));
#1771 = ORIENTED_EDGE('',*,*,#934,.F.);
#1772 = ORIENTED_EDGE('',*,*,#1758,.T.);
#1773 = ORIENTED_EDGE('',*,*,#438,.T.);
#1774 = ORIENTED_EDGE('',*,*,#1775,.F.);
#1775 = EDGE_CURVE('',#927,#431,#1776,.T.);
#1776 = LINE('',#1777,#1778);
#1777 = CARTESIAN_POINT('',(-0.95,1.59,11.756139687857));
#1778 = VECTOR('',#1779,1.);
#1779 = DIRECTION('',(-0.,-0.,-1.));
#1780 = PLANE('',#1781);
#1781 = AXIS2_PLACEMENT_3D('',#1782,#1783,#1784);
#1782 = CARTESIAN_POINT('',(-0.95,0.95,11.756139687857));
#1783 = DIRECTION('',(1.,-5.724587470723E-15,0.));
#1784 = DIRECTION('',(5.724587470723E-15,1.,0.));
#1785 = ADVANCED_FACE('',(#1786),#1792,.F.);
#1786 = FACE_BOUND('',#1787,.F.);
#1787 = EDGE_LOOP('',(#1788,#1789,#1790,#1791));
#1788 = ORIENTED_EDGE('',*,*,#926,.F.);
#1789 = ORIENTED_EDGE('',*,*,#1775,.T.);
#1790 = ORIENTED_EDGE('',*,*,#430,.T.);
#1791 = ORIENTED_EDGE('',*,*,#1734,.F.);
#1792 = PLANE('',#1793);
#1793 = AXIS2_PLACEMENT_3D('',#1794,#1795,#1796);
#1794 = CARTESIAN_POINT('',(-0.95,1.59,11.756139687857));
#1795 = DIRECTION('',(0.,1.,0.));
#1796 = DIRECTION('',(-1.,0.,0.));
#1797 = ADVANCED_FACE('',(#1798),#1814,.F.);
#1798 = FACE_BOUND('',#1799,.F.);
#1799 = EDGE_LOOP('',(#1800,#1801,#1807,#1808));
#1800 = ORIENTED_EDGE('',*,*,#950,.F.);
#1801 = ORIENTED_EDGE('',*,*,#1802,.T.);
#1802 = EDGE_CURVE('',#951,#455,#1803,.T.);
#1803 = LINE('',#1804,#1805);
#1804 = CARTESIAN_POINT('',(-1.59,4.13,11.756139687857));
#1805 = VECTOR('',#1806,1.);
#1806 = DIRECTION('',(-0.,-0.,-1.));
#1807 = ORIENTED_EDGE('',*,*,#454,.T.);
#1808 = ORIENTED_EDGE('',*,*,#1809,.F.);
#1809 = EDGE_CURVE('',#953,#457,#1810,.T.);
#1810 = LINE('',#1811,#1812);
#1811 = CARTESIAN_POINT('',(-1.59,3.49,11.756139687857));
#1812 = VECTOR('',#1813,1.);
#1813 = DIRECTION('',(-0.,-0.,-1.));
#1814 = PLANE('',#1815);
#1815 = AXIS2_PLACEMENT_3D('',#1816,#1817,#1818);
#1816 = CARTESIAN_POINT('',(-1.59,4.13,11.756139687857));
#1817 = DIRECTION('',(-1.,0.,0.));
#1818 = DIRECTION('',(0.,-1.,0.));
#1819 = ADVANCED_FACE('',(#1820),#1831,.F.);
#1820 = FACE_BOUND('',#1821,.F.);
#1821 = EDGE_LOOP('',(#1822,#1823,#1829,#1830));
#1822 = ORIENTED_EDGE('',*,*,#960,.F.);
#1823 = ORIENTED_EDGE('',*,*,#1824,.T.);
#1824 = EDGE_CURVE('',#961,#465,#1825,.T.);
#1825 = LINE('',#1826,#1827);
#1826 = CARTESIAN_POINT('',(-0.95,4.13,11.756139687857));
#1827 = VECTOR('',#1828,1.);
#1828 = DIRECTION('',(-0.,-0.,-1.));
#1829 = ORIENTED_EDGE('',*,*,#464,.T.);
#1830 = ORIENTED_EDGE('',*,*,#1802,.F.);
#1831 = PLANE('',#1832);
#1832 = AXIS2_PLACEMENT_3D('',#1833,#1834,#1835);
#1833 = CARTESIAN_POINT('',(-0.95,4.13,11.756139687857));
#1834 = DIRECTION('',(0.,1.,0.));
#1835 = DIRECTION('',(-1.,0.,0.));
#1836 = ADVANCED_FACE('',(#1837),#1848,.F.);
#1837 = FACE_BOUND('',#1838,.F.);
#1838 = EDGE_LOOP('',(#1839,#1840,#1841,#1842));
#1839 = ORIENTED_EDGE('',*,*,#976,.F.);
#1840 = ORIENTED_EDGE('',*,*,#1809,.T.);
#1841 = ORIENTED_EDGE('',*,*,#480,.T.);
#1842 = ORIENTED_EDGE('',*,*,#1843,.F.);
#1843 = EDGE_CURVE('',#969,#473,#1844,.T.);
#1844 = LINE('',#1845,#1846);
#1845 = CARTESIAN_POINT('',(-0.95,3.49,11.756139687857));
#1846 = VECTOR('',#1847,1.);
#1847 = DIRECTION('',(-0.,-0.,-1.));
#1848 = PLANE('',#1849);
#1849 = AXIS2_PLACEMENT_3D('',#1850,#1851,#1852);
#1850 = CARTESIAN_POINT('',(-1.59,3.49,11.756139687857));
#1851 = DIRECTION('',(0.,-1.,0.));
#1852 = DIRECTION('',(1.,0.,0.));
#1853 = ADVANCED_FACE('',(#1854),#1860,.F.);
#1854 = FACE_BOUND('',#1855,.F.);
#1855 = EDGE_LOOP('',(#1856,#1857,#1858,#1859));
#1856 = ORIENTED_EDGE('',*,*,#968,.F.);
#1857 = ORIENTED_EDGE('',*,*,#1843,.T.);
#1858 = ORIENTED_EDGE('',*,*,#472,.T.);
#1859 = ORIENTED_EDGE('',*,*,#1824,.F.);
#1860 = PLANE('',#1861);
#1861 = AXIS2_PLACEMENT_3D('',#1862,#1863,#1864);
#1862 = CARTESIAN_POINT('',(-0.95,3.49,11.756139687857));
#1863 = DIRECTION('',(1.,-5.724587470723E-15,0.));
#1864 = DIRECTION('',(5.724587470723E-15,1.,0.));
#1865 = ADVANCED_FACE('',(#1866),#1882,.F.);
#1866 = FACE_BOUND('',#1867,.F.);
#1867 = EDGE_LOOP('',(#1868,#1869,#1875,#1876));
#1868 = ORIENTED_EDGE('',*,*,#984,.F.);
#1869 = ORIENTED_EDGE('',*,*,#1870,.T.);
#1870 = EDGE_CURVE('',#985,#489,#1871,.T.);
#1871 = LINE('',#1872,#1873);
#1872 = CARTESIAN_POINT('',(0.95,1.59,11.756139687857));
#1873 = VECTOR('',#1874,1.);
#1874 = DIRECTION('',(-0.,-0.,-1.));
#1875 = ORIENTED_EDGE('',*,*,#488,.T.);
#1876 = ORIENTED_EDGE('',*,*,#1877,.F.);
#1877 = EDGE_CURVE('',#987,#491,#1878,.T.);
#1878 = LINE('',#1879,#1880);
#1879 = CARTESIAN_POINT('',(0.95,0.95,11.756139687857));
#1880 = VECTOR('',#1881,1.);
#1881 = DIRECTION('',(-0.,-0.,-1.));
#1882 = PLANE('',#1883);
#1883 = AXIS2_PLACEMENT_3D('',#1884,#1885,#1886);
#1884 = CARTESIAN_POINT('',(0.95,1.59,11.756139687857));
#1885 = DIRECTION('',(-1.,0.,0.));
#1886 = DIRECTION('',(0.,-1.,0.));
#1887 = ADVANCED_FACE('',(#1888),#1899,.F.);
#1888 = FACE_BOUND('',#1889,.F.);
#1889 = EDGE_LOOP('',(#1890,#1891,#1892,#1893));
#1890 = ORIENTED_EDGE('',*,*,#1010,.F.);
#1891 = ORIENTED_EDGE('',*,*,#1877,.T.);
#1892 = ORIENTED_EDGE('',*,*,#514,.T.);
#1893 = ORIENTED_EDGE('',*,*,#1894,.F.);
#1894 = EDGE_CURVE('',#1003,#507,#1895,.T.);
#1895 = LINE('',#1896,#1897);
#1896 = CARTESIAN_POINT('',(1.59,0.95,11.756139687857));
#1897 = VECTOR('',#1898,1.);
#1898 = DIRECTION('',(-0.,-0.,-1.));
#1899 = PLANE('',#1900);
#1900 = AXIS2_PLACEMENT_3D('',#1901,#1902,#1903);
#1901 = CARTESIAN_POINT('',(0.95,0.95,11.756139687857));
#1902 = DIRECTION('',(0.,-1.,0.));
#1903 = DIRECTION('',(1.,0.,0.));
#1904 = ADVANCED_FACE('',(#1905),#1916,.F.);
#1905 = FACE_BOUND('',#1906,.F.);
#1906 = EDGE_LOOP('',(#1907,#1908,#1909,#1910));
#1907 = ORIENTED_EDGE('',*,*,#1002,.F.);
#1908 = ORIENTED_EDGE('',*,*,#1894,.T.);
#1909 = ORIENTED_EDGE('',*,*,#506,.T.);
#1910 = ORIENTED_EDGE('',*,*,#1911,.F.);
#1911 = EDGE_CURVE('',#995,#499,#1912,.T.);
#1912 = LINE('',#1913,#1914);
#1913 = CARTESIAN_POINT('',(1.59,1.59,11.756139687857));
#1914 = VECTOR('',#1915,1.);
#1915 = DIRECTION('',(-0.,-0.,-1.));
#1916 = PLANE('',#1917);
#1917 = AXIS2_PLACEMENT_3D('',#1918,#1919,#1920);
#1918 = CARTESIAN_POINT('',(1.59,0.95,11.756139687857));
#1919 = DIRECTION('',(1.,-5.724587470723E-15,0.));
#1920 = DIRECTION('',(5.724587470723E-15,1.,0.));
#1921 = ADVANCED_FACE('',(#1922),#1928,.F.);
#1922 = FACE_BOUND('',#1923,.F.);
#1923 = EDGE_LOOP('',(#1924,#1925,#1926,#1927));
#1924 = ORIENTED_EDGE('',*,*,#994,.F.);
#1925 = ORIENTED_EDGE('',*,*,#1911,.T.);
#1926 = ORIENTED_EDGE('',*,*,#498,.T.);
#1927 = ORIENTED_EDGE('',*,*,#1870,.F.);
#1928 = PLANE('',#1929);
#1929 = AXIS2_PLACEMENT_3D('',#1930,#1931,#1932);
#1930 = CARTESIAN_POINT('',(1.59,1.59,11.756139687857));
#1931 = DIRECTION('',(0.,1.,0.));
#1932 = DIRECTION('',(-1.,0.,0.));
#1933 = ADVANCED_FACE('',(#1934),#1950,.F.);
#1934 = FACE_BOUND('',#1935,.F.);
#1935 = EDGE_LOOP('',(#1936,#1937,#1943,#1944));
#1936 = ORIENTED_EDGE('',*,*,#1018,.F.);
#1937 = ORIENTED_EDGE('',*,*,#1938,.T.);
#1938 = EDGE_CURVE('',#1019,#523,#1939,.T.);
#1939 = LINE('',#1940,#1941);
#1940 = CARTESIAN_POINT('',(0.95,4.13,11.756139687857));
#1941 = VECTOR('',#1942,1.);
#1942 = DIRECTION('',(-0.,-0.,-1.));
#1943 = ORIENTED_EDGE('',*,*,#522,.T.);
#1944 = ORIENTED_EDGE('',*,*,#1945,.F.);
#1945 = EDGE_CURVE('',#1021,#525,#1946,.T.);
#1946 = LINE('',#1947,#1948);
#1947 = CARTESIAN_POINT('',(0.95,3.49,11.756139687857));
#1948 = VECTOR('',#1949,1.);
#1949 = DIRECTION('',(-0.,-0.,-1.));
#1950 = PLANE('',#1951);
#1951 = AXIS2_PLACEMENT_3D('',#1952,#1953,#1954);
#1952 = CARTESIAN_POINT('',(0.95,4.13,11.756139687857));
#1953 = DIRECTION('',(-1.,0.,0.));
#1954 = DIRECTION('',(0.,-1.,0.));
#1955 = ADVANCED_FACE('',(#1956),#1967,.F.);
#1956 = FACE_BOUND('',#1957,.F.);
#1957 = EDGE_LOOP('',(#1958,#1959,#1960,#1961));
#1958 = ORIENTED_EDGE('',*,*,#1044,.F.);
#1959 = ORIENTED_EDGE('',*,*,#1945,.T.);
#1960 = ORIENTED_EDGE('',*,*,#548,.T.);
#1961 = ORIENTED_EDGE('',*,*,#1962,.F.);
#1962 = EDGE_CURVE('',#1037,#541,#1963,.T.);
#1963 = LINE('',#1964,#1965);
#1964 = CARTESIAN_POINT('',(1.59,3.49,11.756139687857));
#1965 = VECTOR('',#1966,1.);
#1966 = DIRECTION('',(-0.,-0.,-1.));
#1967 = PLANE('',#1968);
#1968 = AXIS2_PLACEMENT_3D('',#1969,#1970,#1971);
#1969 = CARTESIAN_POINT('',(0.95,3.49,11.756139687857));
#1970 = DIRECTION('',(0.,-1.,0.));
#1971 = DIRECTION('',(1.,0.,0.));
#1972 = ADVANCED_FACE('',(#1973),#1984,.F.);
#1973 = FACE_BOUND('',#1974,.F.);
#1974 = EDGE_LOOP('',(#1975,#1976,#1977,#1978));
#1975 = ORIENTED_EDGE('',*,*,#1036,.F.);
#1976 = ORIENTED_EDGE('',*,*,#1962,.T.);
#1977 = ORIENTED_EDGE('',*,*,#540,.T.);
#1978 = ORIENTED_EDGE('',*,*,#1979,.F.);
#1979 = EDGE_CURVE('',#1029,#533,#1980,.T.);
#1980 = LINE('',#1981,#1982);
#1981 = CARTESIAN_POINT('',(1.59,4.13,11.756139687857));
#1982 = VECTOR('',#1983,1.);
#1983 = DIRECTION('',(-0.,-0.,-1.));
#1984 = PLANE('',#1985);
#1985 = AXIS2_PLACEMENT_3D('',#1986,#1987,#1988);
#1986 = CARTESIAN_POINT('',(1.59,3.49,11.756139687857));
#1987 = DIRECTION('',(1.,-5.724587470723E-15,0.));
#1988 = DIRECTION('',(5.724587470723E-15,1.,0.));
#1989 = ADVANCED_FACE('',(#1990),#1996,.F.);
#1990 = FACE_BOUND('',#1991,.F.);
#1991 = EDGE_LOOP('',(#1992,#1993,#1994,#1995));
#1992 = ORIENTED_EDGE('',*,*,#1028,.F.);
#1993 = ORIENTED_EDGE('',*,*,#1979,.T.);
#1994 = ORIENTED_EDGE('',*,*,#532,.T.);
#1995 = ORIENTED_EDGE('',*,*,#1938,.F.);
#1996 = PLANE('',#1997);
#1997 = AXIS2_PLACEMENT_3D('',#1998,#1999,#2000);
#1998 = CARTESIAN_POINT('',(1.59,4.13,11.756139687857));
#1999 = DIRECTION('',(0.,1.,0.));
#2000 = DIRECTION('',(-1.,0.,0.));
#2001 = ( GEOMETRIC_REPRESENTATION_CONTEXT(3) 
GLOBAL_UNCERTAINTY_ASSIGNED_CONTEXT((#2005)) 
GLOBAL_UNIT_ASSIGNED_CONTEXT((#2002,#2003,#2004)) REPRESENTATION_CONTEXT
('Context #1','3D Context with UNIT and UNCERTAINTY') );
#2002 = ( LENGTH_UNIT() NAMED_UNIT(*) SI_UNIT(.MILLI.,.METRE.) );
#2003 = ( NAMED_UNIT(*) PLANE_ANGLE_UNIT() SI_UNIT($,.RADIAN.) );
#2004 = ( NAMED_UNIT(*) SI_UNIT($,.STERADIAN.) SOLID_ANGLE_UNIT() );
#2005 = UNCERTAINTY_MEASURE_WITH_UNIT(LENGTH_MEASURE(1.E-05),#2002,
  'distance_accuracy_value','confusion accuracy');
#2006 = CONTEXT_DEPENDENT_SHAPE_REPRESENTATION(#2007,#2009);
#2007 = ( REPRESENTATION_RELATIONSHIP('','',#36,#10) 
REPRESENTATION_RELATIONSHIP_WITH_TRANSFORMATION(#2008) 
SHAPE_REPRESENTATION_RELATIONSHIP() );
#2008 = ITEM_DEFINED_TRANSFORMATION('','',#11,#15);
#2009 = PRODUCT_DEFINITION_SHAPE('Placement','Placement of an item',
  #2010);
#2010 = NEXT_ASSEMBLY_USAGE_OCCURRENCE('11','PinHeader_2x04_Body','',#5,
  #31,$);
#2011 = PRODUCT_RELATED_PRODUCT_CATEGORY('part',$,(#33));
#2012 = SHAPE_DEFINITION_REPRESENTATION(#2013,#2019);
#2013 = PRODUCT_DEFINITION_SHAPE('','',#2014);
#2014 = PRODUCT_DEFINITION('design','',#2015,#2018);
#2015 = PRODUCT_DEFINITION_FORMATION('','',#2016);
#2016 = PRODUCT('PinHeader_2x04_Pins','PinHeader_2x04_Pins','',(#2017));
#2017 = PRODUCT_CONTEXT('',#2,'mechanical');
#2018 = PRODUCT_DEFINITION_CONTEXT('part definition',#2,'design');
#2019 = SHAPE_REPRESENTATION('',(#11,#2020,#2362,#2704,#3046,#3388,#3730
    ,#4072),#4414);
#2020 = MANIFOLD_SOLID_BREP('',#2021);
#2021 = CLOSED_SHELL('',(#2022,#2062,#2093,#2124,#2155,#2186,#2208,#2232
    ,#2256,#2280,#2297,#2321,#2338,#2350));
#2022 = ADVANCED_FACE('',(#2023),#2057,.F.);
#2023 = FACE_BOUND('',#2024,.F.);
#2024 = EDGE_LOOP('',(#2025,#2035,#2043,#2051));
#2025 = ORIENTED_EDGE('',*,*,#2026,.T.);
#2026 = EDGE_CURVE('',#2027,#2029,#2031,.T.);
#2027 = VERTEX_POINT('',#2028);
#2028 = CARTESIAN_POINT('',(0.95,1.590000000051,-2.84));
#2029 = VERTEX_POINT('',#2030);
#2030 = CARTESIAN_POINT('',(0.95,1.590000000051,8.38));
#2031 = LINE('',#2032,#2033);
#2032 = CARTESIAN_POINT('',(0.95,1.590000000051,-3.));
#2033 = VECTOR('',#2034,1.);
#2034 = DIRECTION('',(0.,0.,1.));
#2035 = ORIENTED_EDGE('',*,*,#2036,.T.);
#2036 = EDGE_CURVE('',#2029,#2037,#2039,.T.);
#2037 = VERTEX_POINT('',#2038);
#2038 = CARTESIAN_POINT('',(0.95,0.950000000051,8.38));
#2039 = LINE('',#2040,#2041);
#2040 = CARTESIAN_POINT('',(0.95,1.590000000051,8.38));
#2041 = VECTOR('',#2042,1.);
#2042 = DIRECTION('',(0.,-1.,0.));
#2043 = ORIENTED_EDGE('',*,*,#2044,.F.);
#2044 = EDGE_CURVE('',#2045,#2037,#2047,.T.);
#2045 = VERTEX_POINT('',#2046);
#2046 = CARTESIAN_POINT('',(0.95,0.950000000051,-2.84));
#2047 = LINE('',#2048,#2049);
#2048 = CARTESIAN_POINT('',(0.95,0.950000000051,-3.));
#2049 = VECTOR('',#2050,1.);
#2050 = DIRECTION('',(0.,0.,1.));
#2051 = ORIENTED_EDGE('',*,*,#2052,.F.);
#2052 = EDGE_CURVE('',#2027,#2045,#2053,.T.);
#2053 = LINE('',#2054,#2055);
#2054 = CARTESIAN_POINT('',(0.95,1.590000000051,-2.84));
#2055 = VECTOR('',#2056,1.);
#2056 = DIRECTION('',(0.,-1.,0.));
#2057 = PLANE('',#2058);
#2058 = AXIS2_PLACEMENT_3D('',#2059,#2060,#2061);
#2059 = CARTESIAN_POINT('',(0.95,1.590000000051,-3.));
#2060 = DIRECTION('',(1.,0.,0.));
#2061 = DIRECTION('',(0.,-1.,0.));
#2062 = ADVANCED_FACE('',(#2063),#2088,.F.);
#2063 = FACE_BOUND('',#2064,.F.);
#2064 = EDGE_LOOP('',(#2065,#2075,#2081,#2082));
#2065 = ORIENTED_EDGE('',*,*,#2066,.T.);
#2066 = EDGE_CURVE('',#2067,#2069,#2071,.T.);
#2067 = VERTEX_POINT('',#2068);
#2068 = CARTESIAN_POINT('',(1.59,1.590000000051,-2.84));
#2069 = VERTEX_POINT('',#2070);
#2070 = CARTESIAN_POINT('',(1.59,1.590000000051,8.38));
#2071 = LINE('',#2072,#2073);
#2072 = CARTESIAN_POINT('',(1.59,1.590000000051,-3.));
#2073 = VECTOR('',#2074,1.);
#2074 = DIRECTION('',(0.,0.,1.));
#2075 = ORIENTED_EDGE('',*,*,#2076,.T.);
#2076 = EDGE_CURVE('',#2069,#2029,#2077,.T.);
#2077 = LINE('',#2078,#2079);
#2078 = CARTESIAN_POINT('',(1.59,1.590000000051,8.38));
#2079 = VECTOR('',#2080,1.);
#2080 = DIRECTION('',(-1.,0.,0.));
#2081 = ORIENTED_EDGE('',*,*,#2026,.F.);
#2082 = ORIENTED_EDGE('',*,*,#2083,.F.);
#2083 = EDGE_CURVE('',#2067,#2027,#2084,.T.);
#2084 = LINE('',#2085,#2086);
#2085 = CARTESIAN_POINT('',(1.59,1.590000000051,-2.84));
#2086 = VECTOR('',#2087,1.);
#2087 = DIRECTION('',(-1.,0.,0.));
#2088 = PLANE('',#2089);
#2089 = AXIS2_PLACEMENT_3D('',#2090,#2091,#2092);
#2090 = CARTESIAN_POINT('',(1.59,1.590000000051,-3.));
#2091 = DIRECTION('',(0.,-1.,0.));
#2092 = DIRECTION('',(-1.,0.,0.));
#2093 = ADVANCED_FACE('',(#2094),#2119,.T.);
#2094 = FACE_BOUND('',#2095,.F.);
#2095 = EDGE_LOOP('',(#2096,#2104,#2105,#2113));
#2096 = ORIENTED_EDGE('',*,*,#2097,.F.);
#2097 = EDGE_CURVE('',#2027,#2098,#2100,.T.);
#2098 = VERTEX_POINT('',#2099);
#2099 = CARTESIAN_POINT('',(1.11,1.430000000051,-3.));
#2100 = LINE('',#2101,#2102);
#2101 = CARTESIAN_POINT('',(1.11,1.430000000051,-3.));
#2102 = VECTOR('',#2103,1.);
#2103 = DIRECTION('',(0.57735026919,-0.57735026919,-0.57735026919));
#2104 = ORIENTED_EDGE('',*,*,#2052,.T.);
#2105 = ORIENTED_EDGE('',*,*,#2106,.T.);
#2106 = EDGE_CURVE('',#2045,#2107,#2109,.T.);
#2107 = VERTEX_POINT('',#2108);
#2108 = CARTESIAN_POINT('',(1.11,1.110000000051,-3.));
#2109 = LINE('',#2110,#2111);
#2110 = CARTESIAN_POINT('',(1.11,1.110000000051,-3.));
#2111 = VECTOR('',#2112,1.);
#2112 = DIRECTION('',(0.57735026919,0.57735026919,-0.57735026919));
#2113 = ORIENTED_EDGE('',*,*,#2114,.F.);
#2114 = EDGE_CURVE('',#2098,#2107,#2115,.T.);
#2115 = LINE('',#2116,#2117);
#2116 = CARTESIAN_POINT('',(1.11,1.590000000051,-3.));
#2117 = VECTOR('',#2118,1.);
#2118 = DIRECTION('',(0.,-1.,0.));
#2119 = PLANE('',#2120);
#2120 = AXIS2_PLACEMENT_3D('',#2121,#2122,#2123);
#2121 = CARTESIAN_POINT('',(1.03,1.590000000051,-2.92));
#2122 = DIRECTION('',(-0.707106781187,0.,-0.707106781187));
#2123 = DIRECTION('',(0.,1.,0.));
#2124 = ADVANCED_FACE('',(#2125),#2150,.F.);
#2125 = FACE_BOUND('',#2126,.T.);
#2126 = EDGE_LOOP('',(#2127,#2135,#2136,#2144));
#2127 = ORIENTED_EDGE('',*,*,#2128,.F.);
#2128 = EDGE_CURVE('',#2029,#2129,#2131,.T.);
#2129 = VERTEX_POINT('',#2130);
#2130 = CARTESIAN_POINT('',(1.11,1.430000000051,8.54));
#2131 = LINE('',#2132,#2133);
#2132 = CARTESIAN_POINT('',(1.11,1.430000000051,8.54));
#2133 = VECTOR('',#2134,1.);
#2134 = DIRECTION('',(0.57735026919,-0.57735026919,0.57735026919));
#2135 = ORIENTED_EDGE('',*,*,#2036,.T.);
#2136 = ORIENTED_EDGE('',*,*,#2137,.T.);
#2137 = EDGE_CURVE('',#2037,#2138,#2140,.T.);
#2138 = VERTEX_POINT('',#2139);
#2139 = CARTESIAN_POINT('',(1.11,1.110000000051,8.54));
#2140 = LINE('',#2141,#2142);
#2141 = CARTESIAN_POINT('',(1.11,1.110000000051,8.54));
#2142 = VECTOR('',#2143,1.);
#2143 = DIRECTION('',(0.57735026919,0.57735026919,0.57735026919));
#2144 = ORIENTED_EDGE('',*,*,#2145,.F.);
#2145 = EDGE_CURVE('',#2129,#2138,#2146,.T.);
#2146 = LINE('',#2147,#2148);
#2147 = CARTESIAN_POINT('',(1.11,1.590000000051,8.54));
#2148 = VECTOR('',#2149,1.);
#2149 = DIRECTION('',(0.,-1.,0.));
#2150 = PLANE('',#2151);
#2151 = AXIS2_PLACEMENT_3D('',#2152,#2153,#2154);
#2152 = CARTESIAN_POINT('',(1.03,1.590000000051,8.46));
#2153 = DIRECTION('',(0.707106781187,0.,-0.707106781187));
#2154 = DIRECTION('',(0.,1.,0.));
#2155 = ADVANCED_FACE('',(#2156),#2181,.F.);
#2156 = FACE_BOUND('',#2157,.F.);
#2157 = EDGE_LOOP('',(#2158,#2159,#2167,#2175));
#2158 = ORIENTED_EDGE('',*,*,#2044,.T.);
#2159 = ORIENTED_EDGE('',*,*,#2160,.T.);
#2160 = EDGE_CURVE('',#2037,#2161,#2163,.T.);
#2161 = VERTEX_POINT('',#2162);
#2162 = CARTESIAN_POINT('',(1.59,0.950000000051,8.38));
#2163 = LINE('',#2164,#2165);
#2164 = CARTESIAN_POINT('',(0.95,0.950000000051,8.38));
#2165 = VECTOR('',#2166,1.);
#2166 = DIRECTION('',(1.,0.,0.));
#2167 = ORIENTED_EDGE('',*,*,#2168,.F.);
#2168 = EDGE_CURVE('',#2169,#2161,#2171,.T.);
#2169 = VERTEX_POINT('',#2170);
#2170 = CARTESIAN_POINT('',(1.59,0.950000000051,-2.84));
#2171 = LINE('',#2172,#2173);
#2172 = CARTESIAN_POINT('',(1.59,0.950000000051,-3.));
#2173 = VECTOR('',#2174,1.);
#2174 = DIRECTION('',(0.,0.,1.));
#2175 = ORIENTED_EDGE('',*,*,#2176,.F.);
#2176 = EDGE_CURVE('',#2045,#2169,#2177,.T.);
#2177 = LINE('',#2178,#2179);
#2178 = CARTESIAN_POINT('',(0.95,0.950000000051,-2.84));
#2179 = VECTOR('',#2180,1.);
#2180 = DIRECTION('',(1.,0.,0.));
#2181 = PLANE('',#2182);
#2182 = AXIS2_PLACEMENT_3D('',#2183,#2184,#2185);
#2183 = CARTESIAN_POINT('',(0.95,0.950000000051,-3.));
#2184 = DIRECTION('',(0.,1.,0.));
#2185 = DIRECTION('',(1.,0.,0.));
#2186 = ADVANCED_FACE('',(#2187),#2203,.F.);
#2187 = FACE_BOUND('',#2188,.F.);
#2188 = EDGE_LOOP('',(#2189,#2190,#2196,#2197));
#2189 = ORIENTED_EDGE('',*,*,#2168,.T.);
#2190 = ORIENTED_EDGE('',*,*,#2191,.T.);
#2191 = EDGE_CURVE('',#2161,#2069,#2192,.T.);
#2192 = LINE('',#2193,#2194);
#2193 = CARTESIAN_POINT('',(1.59,0.950000000051,8.38));
#2194 = VECTOR('',#2195,1.);
#2195 = DIRECTION('',(0.,1.,0.));
#2196 = ORIENTED_EDGE('',*,*,#2066,.F.);
#2197 = ORIENTED_EDGE('',*,*,#2198,.F.);
#2198 = EDGE_CURVE('',#2169,#2067,#2199,.T.);
#2199 = LINE('',#2200,#2201);
#2200 = CARTESIAN_POINT('',(1.59,0.950000000051,-2.84));
#2201 = VECTOR('',#2202,1.);
#2202 = DIRECTION('',(0.,1.,0.));
#2203 = PLANE('',#2204);
#2204 = AXIS2_PLACEMENT_3D('',#2205,#2206,#2207);
#2205 = CARTESIAN_POINT('',(1.59,0.950000000051,-3.));
#2206 = DIRECTION('',(-1.,0.,0.));
#2207 = DIRECTION('',(0.,1.,0.));
#2208 = ADVANCED_FACE('',(#2209),#2227,.T.);
#2209 = FACE_BOUND('',#2210,.F.);
#2210 = EDGE_LOOP('',(#2211,#2219,#2220,#2221));
#2211 = ORIENTED_EDGE('',*,*,#2212,.F.);
#2212 = EDGE_CURVE('',#2067,#2213,#2215,.T.);
#2213 = VERTEX_POINT('',#2214);
#2214 = CARTESIAN_POINT('',(1.43,1.430000000051,-3.));
#2215 = LINE('',#2216,#2217);
#2216 = CARTESIAN_POINT('',(1.43,1.430000000051,-3.));
#2217 = VECTOR('',#2218,1.);
#2218 = DIRECTION('',(-0.57735026919,-0.57735026919,-0.57735026919));
#2219 = ORIENTED_EDGE('',*,*,#2083,.T.);
#2220 = ORIENTED_EDGE('',*,*,#2097,.T.);
#2221 = ORIENTED_EDGE('',*,*,#2222,.F.);
#2222 = EDGE_CURVE('',#2213,#2098,#2223,.T.);
#2223 = LINE('',#2224,#2225);
#2224 = CARTESIAN_POINT('',(1.59,1.430000000051,-3.));
#2225 = VECTOR('',#2226,1.);
#2226 = DIRECTION('',(-1.,0.,0.));
#2227 = PLANE('',#2228);
#2228 = AXIS2_PLACEMENT_3D('',#2229,#2230,#2231);
#2229 = CARTESIAN_POINT('',(1.59,1.510000000051,-2.92));
#2230 = DIRECTION('',(0.,0.707106781187,-0.707106781187));
#2231 = DIRECTION('',(1.,0.,0.));
#2232 = ADVANCED_FACE('',(#2233),#2251,.F.);
#2233 = FACE_BOUND('',#2234,.T.);
#2234 = EDGE_LOOP('',(#2235,#2243,#2244,#2245));
#2235 = ORIENTED_EDGE('',*,*,#2236,.F.);
#2236 = EDGE_CURVE('',#2069,#2237,#2239,.T.);
#2237 = VERTEX_POINT('',#2238);
#2238 = CARTESIAN_POINT('',(1.43,1.430000000051,8.54));
#2239 = LINE('',#2240,#2241);
#2240 = CARTESIAN_POINT('',(1.43,1.430000000051,8.54));
#2241 = VECTOR('',#2242,1.);
#2242 = DIRECTION('',(-0.57735026919,-0.57735026919,0.57735026919));
#2243 = ORIENTED_EDGE('',*,*,#2076,.T.);
#2244 = ORIENTED_EDGE('',*,*,#2128,.T.);
#2245 = ORIENTED_EDGE('',*,*,#2246,.F.);
#2246 = EDGE_CURVE('',#2237,#2129,#2247,.T.);
#2247 = LINE('',#2248,#2249);
#2248 = CARTESIAN_POINT('',(1.59,1.430000000051,8.54));
#2249 = VECTOR('',#2250,1.);
#2250 = DIRECTION('',(-1.,0.,0.));
#2251 = PLANE('',#2252);
#2252 = AXIS2_PLACEMENT_3D('',#2253,#2254,#2255);
#2253 = CARTESIAN_POINT('',(1.59,1.510000000051,8.46));
#2254 = DIRECTION('',(0.,-0.707106781187,-0.707106781187));
#2255 = DIRECTION('',(1.,0.,0.));
#2256 = ADVANCED_FACE('',(#2257),#2275,.F.);
#2257 = FACE_BOUND('',#2258,.F.);
#2258 = EDGE_LOOP('',(#2259,#2260,#2268,#2274));
#2259 = ORIENTED_EDGE('',*,*,#2114,.T.);
#2260 = ORIENTED_EDGE('',*,*,#2261,.T.);
#2261 = EDGE_CURVE('',#2107,#2262,#2264,.T.);
#2262 = VERTEX_POINT('',#2263);
#2263 = CARTESIAN_POINT('',(1.43,1.110000000051,-3.));
#2264 = LINE('',#2265,#2266);
#2265 = CARTESIAN_POINT('',(0.95,1.110000000051,-3.));
#2266 = VECTOR('',#2267,1.);
#2267 = DIRECTION('',(1.,0.,0.));
#2268 = ORIENTED_EDGE('',*,*,#2269,.T.);
#2269 = EDGE_CURVE('',#2262,#2213,#2270,.T.);
#2270 = LINE('',#2271,#2272);
#2271 = CARTESIAN_POINT('',(1.43,0.950000000051,-3.));
#2272 = VECTOR('',#2273,1.);
#2273 = DIRECTION('',(0.,1.,0.));
#2274 = ORIENTED_EDGE('',*,*,#2222,.T.);
#2275 = PLANE('',#2276);
#2276 = AXIS2_PLACEMENT_3D('',#2277,#2278,#2279);
#2277 = CARTESIAN_POINT('',(1.27,1.270000000051,-3.));
#2278 = DIRECTION('',(0.,0.,1.));
#2279 = DIRECTION('',(1.,0.,0.));
#2280 = ADVANCED_FACE('',(#2281),#2292,.T.);
#2281 = FACE_BOUND('',#2282,.F.);
#2282 = EDGE_LOOP('',(#2283,#2284,#2285,#2291));
#2283 = ORIENTED_EDGE('',*,*,#2106,.F.);
#2284 = ORIENTED_EDGE('',*,*,#2176,.T.);
#2285 = ORIENTED_EDGE('',*,*,#2286,.T.);
#2286 = EDGE_CURVE('',#2169,#2262,#2287,.T.);
#2287 = LINE('',#2288,#2289);
#2288 = CARTESIAN_POINT('',(1.43,1.110000000051,-3.));
#2289 = VECTOR('',#2290,1.);
#2290 = DIRECTION('',(-0.57735026919,0.57735026919,-0.57735026919));
#2291 = ORIENTED_EDGE('',*,*,#2261,.F.);
#2292 = PLANE('',#2293);
#2293 = AXIS2_PLACEMENT_3D('',#2294,#2295,#2296);
#2294 = CARTESIAN_POINT('',(0.95,1.030000000051,-2.92));
#2295 = DIRECTION('',(0.,-0.707106781187,-0.707106781187));
#2296 = DIRECTION('',(-1.,-0.,-0.));
#2297 = ADVANCED_FACE('',(#2298),#2316,.T.);
#2298 = FACE_BOUND('',#2299,.T.);
#2299 = EDGE_LOOP('',(#2300,#2301,#2309,#2315));
#2300 = ORIENTED_EDGE('',*,*,#2145,.T.);
#2301 = ORIENTED_EDGE('',*,*,#2302,.T.);
#2302 = EDGE_CURVE('',#2138,#2303,#2305,.T.);
#2303 = VERTEX_POINT('',#2304);
#2304 = CARTESIAN_POINT('',(1.43,1.110000000051,8.54));
#2305 = LINE('',#2306,#2307);
#2306 = CARTESIAN_POINT('',(0.95,1.110000000051,8.54));
#2307 = VECTOR('',#2308,1.);
#2308 = DIRECTION('',(1.,0.,0.));
#2309 = ORIENTED_EDGE('',*,*,#2310,.T.);
#2310 = EDGE_CURVE('',#2303,#2237,#2311,.T.);
#2311 = LINE('',#2312,#2313);
#2312 = CARTESIAN_POINT('',(1.43,0.950000000051,8.54));
#2313 = VECTOR('',#2314,1.);
#2314 = DIRECTION('',(0.,1.,0.));
#2315 = ORIENTED_EDGE('',*,*,#2246,.T.);
#2316 = PLANE('',#2317);
#2317 = AXIS2_PLACEMENT_3D('',#2318,#2319,#2320);
#2318 = CARTESIAN_POINT('',(1.27,1.270000000051,8.54));
#2319 = DIRECTION('',(0.,0.,1.));
#2320 = DIRECTION('',(1.,0.,0.));
#2321 = ADVANCED_FACE('',(#2322),#2333,.F.);
#2322 = FACE_BOUND('',#2323,.T.);
#2323 = EDGE_LOOP('',(#2324,#2325,#2326,#2332));
#2324 = ORIENTED_EDGE('',*,*,#2137,.F.);
#2325 = ORIENTED_EDGE('',*,*,#2160,.T.);
#2326 = ORIENTED_EDGE('',*,*,#2327,.T.);
#2327 = EDGE_CURVE('',#2161,#2303,#2328,.T.);
#2328 = LINE('',#2329,#2330);
#2329 = CARTESIAN_POINT('',(1.43,1.110000000051,8.54));
#2330 = VECTOR('',#2331,1.);
#2331 = DIRECTION('',(-0.57735026919,0.57735026919,0.57735026919));
#2332 = ORIENTED_EDGE('',*,*,#2302,.F.);
#2333 = PLANE('',#2334);
#2334 = AXIS2_PLACEMENT_3D('',#2335,#2336,#2337);
#2335 = CARTESIAN_POINT('',(0.95,1.030000000051,8.46));
#2336 = DIRECTION('',(0.,0.707106781187,-0.707106781187));
#2337 = DIRECTION('',(-1.,-0.,-0.));
#2338 = ADVANCED_FACE('',(#2339),#2345,.T.);
#2339 = FACE_BOUND('',#2340,.F.);
#2340 = EDGE_LOOP('',(#2341,#2342,#2343,#2344));
#2341 = ORIENTED_EDGE('',*,*,#2286,.F.);
#2342 = ORIENTED_EDGE('',*,*,#2198,.T.);
#2343 = ORIENTED_EDGE('',*,*,#2212,.T.);
#2344 = ORIENTED_EDGE('',*,*,#2269,.F.);
#2345 = PLANE('',#2346);
#2346 = AXIS2_PLACEMENT_3D('',#2347,#2348,#2349);
#2347 = CARTESIAN_POINT('',(1.51,0.950000000051,-2.92));
#2348 = DIRECTION('',(0.707106781187,0.,-0.707106781187));
#2349 = DIRECTION('',(-0.,-1.,-0.));
#2350 = ADVANCED_FACE('',(#2351),#2357,.F.);
#2351 = FACE_BOUND('',#2352,.T.);
#2352 = EDGE_LOOP('',(#2353,#2354,#2355,#2356));
#2353 = ORIENTED_EDGE('',*,*,#2327,.F.);
#2354 = ORIENTED_EDGE('',*,*,#2191,.T.);
#2355 = ORIENTED_EDGE('',*,*,#2236,.T.);
#2356 = ORIENTED_EDGE('',*,*,#2310,.F.);
#2357 = PLANE('',#2358);
#2358 = AXIS2_PLACEMENT_3D('',#2359,#2360,#2361);
#2359 = CARTESIAN_POINT('',(1.51,0.950000000051,8.46));
#2360 = DIRECTION('',(-0.707106781187,0.,-0.707106781187));
#2361 = DIRECTION('',(-0.,-1.,-0.));
#2362 = MANIFOLD_SOLID_BREP('',#2363);
#2363 = CLOSED_SHELL('',(#2364,#2404,#2435,#2466,#2497,#2528,#2550,#2574
    ,#2598,#2622,#2639,#2663,#2680,#2692));
#2364 = ADVANCED_FACE('',(#2365),#2399,.F.);
#2365 = FACE_BOUND('',#2366,.F.);
#2366 = EDGE_LOOP('',(#2367,#2377,#2385,#2393));
#2367 = ORIENTED_EDGE('',*,*,#2368,.T.);
#2368 = EDGE_CURVE('',#2369,#2371,#2373,.T.);
#2369 = VERTEX_POINT('',#2370);
#2370 = CARTESIAN_POINT('',(0.95,-0.949999999898,-2.84));
#2371 = VERTEX_POINT('',#2372);
#2372 = CARTESIAN_POINT('',(0.95,-0.949999999898,8.38));
#2373 = LINE('',#2374,#2375);
#2374 = CARTESIAN_POINT('',(0.95,-0.949999999898,-3.));
#2375 = VECTOR('',#2376,1.);
#2376 = DIRECTION('',(0.,0.,1.));
#2377 = ORIENTED_EDGE('',*,*,#2378,.T.);
#2378 = EDGE_CURVE('',#2371,#2379,#2381,.T.);
#2379 = VERTEX_POINT('',#2380);
#2380 = CARTESIAN_POINT('',(0.95,-1.589999999898,8.38));
#2381 = LINE('',#2382,#2383);
#2382 = CARTESIAN_POINT('',(0.95,-0.949999999898,8.38));
#2383 = VECTOR('',#2384,1.);
#2384 = DIRECTION('',(0.,-1.,0.));
#2385 = ORIENTED_EDGE('',*,*,#2386,.F.);
#2386 = EDGE_CURVE('',#2387,#2379,#2389,.T.);
#2387 = VERTEX_POINT('',#2388);
#2388 = CARTESIAN_POINT('',(0.95,-1.589999999898,-2.84));
#2389 = LINE('',#2390,#2391);
#2390 = CARTESIAN_POINT('',(0.95,-1.589999999898,-3.));
#2391 = VECTOR('',#2392,1.);
#2392 = DIRECTION('',(0.,0.,1.));
#2393 = ORIENTED_EDGE('',*,*,#2394,.F.);
#2394 = EDGE_CURVE('',#2369,#2387,#2395,.T.);
#2395 = LINE('',#2396,#2397);
#2396 = CARTESIAN_POINT('',(0.95,-0.949999999898,-2.84));
#2397 = VECTOR('',#2398,1.);
#2398 = DIRECTION('',(0.,-1.,0.));
#2399 = PLANE('',#2400);
#2400 = AXIS2_PLACEMENT_3D('',#2401,#2402,#2403);
#2401 = CARTESIAN_POINT('',(0.95,-0.949999999898,-3.));
#2402 = DIRECTION('',(1.,0.,0.));
#2403 = DIRECTION('',(0.,-1.,0.));
#2404 = ADVANCED_FACE('',(#2405),#2430,.F.);
#2405 = FACE_BOUND('',#2406,.F.);
#2406 = EDGE_LOOP('',(#2407,#2417,#2423,#2424));
#2407 = ORIENTED_EDGE('',*,*,#2408,.T.);
#2408 = EDGE_CURVE('',#2409,#2411,#2413,.T.);
#2409 = VERTEX_POINT('',#2410);
#2410 = CARTESIAN_POINT('',(1.59,-0.949999999898,-2.84));
#2411 = VERTEX_POINT('',#2412);
#2412 = CARTESIAN_POINT('',(1.59,-0.949999999898,8.38));
#2413 = LINE('',#2414,#2415);
#2414 = CARTESIAN_POINT('',(1.59,-0.949999999898,-3.));
#2415 = VECTOR('',#2416,1.);
#2416 = DIRECTION('',(0.,0.,1.));
#2417 = ORIENTED_EDGE('',*,*,#2418,.T.);
#2418 = EDGE_CURVE('',#2411,#2371,#2419,.T.);
#2419 = LINE('',#2420,#2421);
#2420 = CARTESIAN_POINT('',(1.59,-0.949999999898,8.38));
#2421 = VECTOR('',#2422,1.);
#2422 = DIRECTION('',(-1.,0.,0.));
#2423 = ORIENTED_EDGE('',*,*,#2368,.F.);
#2424 = ORIENTED_EDGE('',*,*,#2425,.F.);
#2425 = EDGE_CURVE('',#2409,#2369,#2426,.T.);
#2426 = LINE('',#2427,#2428);
#2427 = CARTESIAN_POINT('',(1.59,-0.949999999898,-2.84));
#2428 = VECTOR('',#2429,1.);
#2429 = DIRECTION('',(-1.,0.,0.));
#2430 = PLANE('',#2431);
#2431 = AXIS2_PLACEMENT_3D('',#2432,#2433,#2434);
#2432 = CARTESIAN_POINT('',(1.59,-0.949999999898,-3.));
#2433 = DIRECTION('',(0.,-1.,0.));
#2434 = DIRECTION('',(-1.,0.,0.));
#2435 = ADVANCED_FACE('',(#2436),#2461,.T.);
#2436 = FACE_BOUND('',#2437,.F.);
#2437 = EDGE_LOOP('',(#2438,#2446,#2447,#2455));
#2438 = ORIENTED_EDGE('',*,*,#2439,.F.);
#2439 = EDGE_CURVE('',#2369,#2440,#2442,.T.);
#2440 = VERTEX_POINT('',#2441);
#2441 = CARTESIAN_POINT('',(1.11,-1.109999999898,-3.));
#2442 = LINE('',#2443,#2444);
#2443 = CARTESIAN_POINT('',(1.11,-1.109999999898,-3.));
#2444 = VECTOR('',#2445,1.);
#2445 = DIRECTION('',(0.57735026919,-0.57735026919,-0.57735026919));
#2446 = ORIENTED_EDGE('',*,*,#2394,.T.);
#2447 = ORIENTED_EDGE('',*,*,#2448,.T.);
#2448 = EDGE_CURVE('',#2387,#2449,#2451,.T.);
#2449 = VERTEX_POINT('',#2450);
#2450 = CARTESIAN_POINT('',(1.11,-1.429999999898,-3.));
#2451 = LINE('',#2452,#2453);
#2452 = CARTESIAN_POINT('',(1.11,-1.429999999898,-3.));
#2453 = VECTOR('',#2454,1.);
#2454 = DIRECTION('',(0.57735026919,0.57735026919,-0.57735026919));
#2455 = ORIENTED_EDGE('',*,*,#2456,.F.);
#2456 = EDGE_CURVE('',#2440,#2449,#2457,.T.);
#2457 = LINE('',#2458,#2459);
#2458 = CARTESIAN_POINT('',(1.11,-0.949999999898,-3.));
#2459 = VECTOR('',#2460,1.);
#2460 = DIRECTION('',(0.,-1.,0.));
#2461 = PLANE('',#2462);
#2462 = AXIS2_PLACEMENT_3D('',#2463,#2464,#2465);
#2463 = CARTESIAN_POINT('',(1.03,-0.949999999898,-2.92));
#2464 = DIRECTION('',(-0.707106781187,0.,-0.707106781187));
#2465 = DIRECTION('',(0.,1.,0.));
#2466 = ADVANCED_FACE('',(#2467),#2492,.F.);
#2467 = FACE_BOUND('',#2468,.T.);
#2468 = EDGE_LOOP('',(#2469,#2477,#2478,#2486));
#2469 = ORIENTED_EDGE('',*,*,#2470,.F.);
#2470 = EDGE_CURVE('',#2371,#2471,#2473,.T.);
#2471 = VERTEX_POINT('',#2472);
#2472 = CARTESIAN_POINT('',(1.11,-1.109999999898,8.54));
#2473 = LINE('',#2474,#2475);
#2474 = CARTESIAN_POINT('',(1.11,-1.109999999898,8.54));
#2475 = VECTOR('',#2476,1.);
#2476 = DIRECTION('',(0.57735026919,-0.57735026919,0.57735026919));
#2477 = ORIENTED_EDGE('',*,*,#2378,.T.);
#2478 = ORIENTED_EDGE('',*,*,#2479,.T.);
#2479 = EDGE_CURVE('',#2379,#2480,#2482,.T.);
#2480 = VERTEX_POINT('',#2481);
#2481 = CARTESIAN_POINT('',(1.11,-1.429999999898,8.54));
#2482 = LINE('',#2483,#2484);
#2483 = CARTESIAN_POINT('',(1.11,-1.429999999898,8.54));
#2484 = VECTOR('',#2485,1.);
#2485 = DIRECTION('',(0.57735026919,0.57735026919,0.57735026919));
#2486 = ORIENTED_EDGE('',*,*,#2487,.F.);
#2487 = EDGE_CURVE('',#2471,#2480,#2488,.T.);
#2488 = LINE('',#2489,#2490);
#2489 = CARTESIAN_POINT('',(1.11,-0.949999999898,8.54));
#2490 = VECTOR('',#2491,1.);
#2491 = DIRECTION('',(0.,-1.,0.));
#2492 = PLANE('',#2493);
#2493 = AXIS2_PLACEMENT_3D('',#2494,#2495,#2496);
#2494 = CARTESIAN_POINT('',(1.03,-0.949999999898,8.46));
#2495 = DIRECTION('',(0.707106781187,0.,-0.707106781187));
#2496 = DIRECTION('',(0.,1.,0.));
#2497 = ADVANCED_FACE('',(#2498),#2523,.F.);
#2498 = FACE_BOUND('',#2499,.F.);
#2499 = EDGE_LOOP('',(#2500,#2501,#2509,#2517));
#2500 = ORIENTED_EDGE('',*,*,#2386,.T.);
#2501 = ORIENTED_EDGE('',*,*,#2502,.T.);
#2502 = EDGE_CURVE('',#2379,#2503,#2505,.T.);
#2503 = VERTEX_POINT('',#2504);
#2504 = CARTESIAN_POINT('',(1.59,-1.589999999898,8.38));
#2505 = LINE('',#2506,#2507);
#2506 = CARTESIAN_POINT('',(0.95,-1.589999999898,8.38));
#2507 = VECTOR('',#2508,1.);
#2508 = DIRECTION('',(1.,0.,0.));
#2509 = ORIENTED_EDGE('',*,*,#2510,.F.);
#2510 = EDGE_CURVE('',#2511,#2503,#2513,.T.);
#2511 = VERTEX_POINT('',#2512);
#2512 = CARTESIAN_POINT('',(1.59,-1.589999999898,-2.84));
#2513 = LINE('',#2514,#2515);
#2514 = CARTESIAN_POINT('',(1.59,-1.589999999898,-3.));
#2515 = VECTOR('',#2516,1.);
#2516 = DIRECTION('',(0.,0.,1.));
#2517 = ORIENTED_EDGE('',*,*,#2518,.F.);
#2518 = EDGE_CURVE('',#2387,#2511,#2519,.T.);
#2519 = LINE('',#2520,#2521);
#2520 = CARTESIAN_POINT('',(0.95,-1.589999999898,-2.84));
#2521 = VECTOR('',#2522,1.);
#2522 = DIRECTION('',(1.,0.,0.));
#2523 = PLANE('',#2524);
#2524 = AXIS2_PLACEMENT_3D('',#2525,#2526,#2527);
#2525 = CARTESIAN_POINT('',(0.95,-1.589999999898,-3.));
#2526 = DIRECTION('',(0.,1.,0.));
#2527 = DIRECTION('',(1.,0.,0.));
#2528 = ADVANCED_FACE('',(#2529),#2545,.F.);
#2529 = FACE_BOUND('',#2530,.F.);
#2530 = EDGE_LOOP('',(#2531,#2532,#2538,#2539));
#2531 = ORIENTED_EDGE('',*,*,#2510,.T.);
#2532 = ORIENTED_EDGE('',*,*,#2533,.T.);
#2533 = EDGE_CURVE('',#2503,#2411,#2534,.T.);
#2534 = LINE('',#2535,#2536);
#2535 = CARTESIAN_POINT('',(1.59,-1.589999999898,8.38));
#2536 = VECTOR('',#2537,1.);
#2537 = DIRECTION('',(0.,1.,0.));
#2538 = ORIENTED_EDGE('',*,*,#2408,.F.);
#2539 = ORIENTED_EDGE('',*,*,#2540,.F.);
#2540 = EDGE_CURVE('',#2511,#2409,#2541,.T.);
#2541 = LINE('',#2542,#2543);
#2542 = CARTESIAN_POINT('',(1.59,-1.589999999898,-2.84));
#2543 = VECTOR('',#2544,1.);
#2544 = DIRECTION('',(0.,1.,0.));
#2545 = PLANE('',#2546);
#2546 = AXIS2_PLACEMENT_3D('',#2547,#2548,#2549);
#2547 = CARTESIAN_POINT('',(1.59,-1.589999999898,-3.));
#2548 = DIRECTION('',(-1.,0.,0.));
#2549 = DIRECTION('',(0.,1.,0.));
#2550 = ADVANCED_FACE('',(#2551),#2569,.T.);
#2551 = FACE_BOUND('',#2552,.F.);
#2552 = EDGE_LOOP('',(#2553,#2561,#2562,#2563));
#2553 = ORIENTED_EDGE('',*,*,#2554,.F.);
#2554 = EDGE_CURVE('',#2409,#2555,#2557,.T.);
#2555 = VERTEX_POINT('',#2556);
#2556 = CARTESIAN_POINT('',(1.43,-1.109999999898,-3.));
#2557 = LINE('',#2558,#2559);
#2558 = CARTESIAN_POINT('',(1.43,-1.109999999898,-3.));
#2559 = VECTOR('',#2560,1.);
#2560 = DIRECTION('',(-0.57735026919,-0.57735026919,-0.57735026919));
#2561 = ORIENTED_EDGE('',*,*,#2425,.T.);
#2562 = ORIENTED_EDGE('',*,*,#2439,.T.);
#2563 = ORIENTED_EDGE('',*,*,#2564,.F.);
#2564 = EDGE_CURVE('',#2555,#2440,#2565,.T.);
#2565 = LINE('',#2566,#2567);
#2566 = CARTESIAN_POINT('',(1.59,-1.109999999898,-3.));
#2567 = VECTOR('',#2568,1.);
#2568 = DIRECTION('',(-1.,0.,0.));
#2569 = PLANE('',#2570);
#2570 = AXIS2_PLACEMENT_3D('',#2571,#2572,#2573);
#2571 = CARTESIAN_POINT('',(1.59,-1.029999999898,-2.92));
#2572 = DIRECTION('',(0.,0.707106781187,-0.707106781187));
#2573 = DIRECTION('',(1.,0.,0.));
#2574 = ADVANCED_FACE('',(#2575),#2593,.F.);
#2575 = FACE_BOUND('',#2576,.T.);
#2576 = EDGE_LOOP('',(#2577,#2585,#2586,#2587));
#2577 = ORIENTED_EDGE('',*,*,#2578,.F.);
#2578 = EDGE_CURVE('',#2411,#2579,#2581,.T.);
#2579 = VERTEX_POINT('',#2580);
#2580 = CARTESIAN_POINT('',(1.43,-1.109999999898,8.54));
#2581 = LINE('',#2582,#2583);
#2582 = CARTESIAN_POINT('',(1.43,-1.109999999898,8.54));
#2583 = VECTOR('',#2584,1.);
#2584 = DIRECTION('',(-0.57735026919,-0.57735026919,0.57735026919));
#2585 = ORIENTED_EDGE('',*,*,#2418,.T.);
#2586 = ORIENTED_EDGE('',*,*,#2470,.T.);
#2587 = ORIENTED_EDGE('',*,*,#2588,.F.);
#2588 = EDGE_CURVE('',#2579,#2471,#2589,.T.);
#2589 = LINE('',#2590,#2591);
#2590 = CARTESIAN_POINT('',(1.59,-1.109999999898,8.54));
#2591 = VECTOR('',#2592,1.);
#2592 = DIRECTION('',(-1.,0.,0.));
#2593 = PLANE('',#2594);
#2594 = AXIS2_PLACEMENT_3D('',#2595,#2596,#2597);
#2595 = CARTESIAN_POINT('',(1.59,-1.029999999898,8.46));
#2596 = DIRECTION('',(0.,-0.707106781187,-0.707106781187));
#2597 = DIRECTION('',(1.,0.,0.));
#2598 = ADVANCED_FACE('',(#2599),#2617,.F.);
#2599 = FACE_BOUND('',#2600,.F.);
#2600 = EDGE_LOOP('',(#2601,#2602,#2610,#2616));
#2601 = ORIENTED_EDGE('',*,*,#2456,.T.);
#2602 = ORIENTED_EDGE('',*,*,#2603,.T.);
#2603 = EDGE_CURVE('',#2449,#2604,#2606,.T.);
#2604 = VERTEX_POINT('',#2605);
#2605 = CARTESIAN_POINT('',(1.43,-1.429999999898,-3.));
#2606 = LINE('',#2607,#2608);
#2607 = CARTESIAN_POINT('',(0.95,-1.429999999898,-3.));
#2608 = VECTOR('',#2609,1.);
#2609 = DIRECTION('',(1.,0.,0.));
#2610 = ORIENTED_EDGE('',*,*,#2611,.T.);
#2611 = EDGE_CURVE('',#2604,#2555,#2612,.T.);
#2612 = LINE('',#2613,#2614);
#2613 = CARTESIAN_POINT('',(1.43,-1.589999999898,-3.));
#2614 = VECTOR('',#2615,1.);
#2615 = DIRECTION('',(0.,1.,0.));
#2616 = ORIENTED_EDGE('',*,*,#2564,.T.);
#2617 = PLANE('',#2618);
#2618 = AXIS2_PLACEMENT_3D('',#2619,#2620,#2621);
#2619 = CARTESIAN_POINT('',(1.27,-1.269999999898,-3.));
#2620 = DIRECTION('',(0.,0.,1.));
#2621 = DIRECTION('',(1.,0.,0.));
#2622 = ADVANCED_FACE('',(#2623),#2634,.T.);
#2623 = FACE_BOUND('',#2624,.F.);
#2624 = EDGE_LOOP('',(#2625,#2626,#2627,#2633));
#2625 = ORIENTED_EDGE('',*,*,#2448,.F.);
#2626 = ORIENTED_EDGE('',*,*,#2518,.T.);
#2627 = ORIENTED_EDGE('',*,*,#2628,.T.);
#2628 = EDGE_CURVE('',#2511,#2604,#2629,.T.);
#2629 = LINE('',#2630,#2631);
#2630 = CARTESIAN_POINT('',(1.43,-1.429999999898,-3.));
#2631 = VECTOR('',#2632,1.);
#2632 = DIRECTION('',(-0.57735026919,0.57735026919,-0.57735026919));
#2633 = ORIENTED_EDGE('',*,*,#2603,.F.);
#2634 = PLANE('',#2635);
#2635 = AXIS2_PLACEMENT_3D('',#2636,#2637,#2638);
#2636 = CARTESIAN_POINT('',(0.95,-1.509999999898,-2.92));
#2637 = DIRECTION('',(0.,-0.707106781187,-0.707106781187));
#2638 = DIRECTION('',(-1.,-0.,-0.));
#2639 = ADVANCED_FACE('',(#2640),#2658,.T.);
#2640 = FACE_BOUND('',#2641,.T.);
#2641 = EDGE_LOOP('',(#2642,#2643,#2651,#2657));
#2642 = ORIENTED_EDGE('',*,*,#2487,.T.);
#2643 = ORIENTED_EDGE('',*,*,#2644,.T.);
#2644 = EDGE_CURVE('',#2480,#2645,#2647,.T.);
#2645 = VERTEX_POINT('',#2646);
#2646 = CARTESIAN_POINT('',(1.43,-1.429999999898,8.54));
#2647 = LINE('',#2648,#2649);
#2648 = CARTESIAN_POINT('',(0.95,-1.429999999898,8.54));
#2649 = VECTOR('',#2650,1.);
#2650 = DIRECTION('',(1.,0.,0.));
#2651 = ORIENTED_EDGE('',*,*,#2652,.T.);
#2652 = EDGE_CURVE('',#2645,#2579,#2653,.T.);
#2653 = LINE('',#2654,#2655);
#2654 = CARTESIAN_POINT('',(1.43,-1.589999999898,8.54));
#2655 = VECTOR('',#2656,1.);
#2656 = DIRECTION('',(0.,1.,0.));
#2657 = ORIENTED_EDGE('',*,*,#2588,.T.);
#2658 = PLANE('',#2659);
#2659 = AXIS2_PLACEMENT_3D('',#2660,#2661,#2662);
#2660 = CARTESIAN_POINT('',(1.27,-1.269999999898,8.54));
#2661 = DIRECTION('',(0.,0.,1.));
#2662 = DIRECTION('',(1.,0.,0.));
#2663 = ADVANCED_FACE('',(#2664),#2675,.F.);
#2664 = FACE_BOUND('',#2665,.T.);
#2665 = EDGE_LOOP('',(#2666,#2667,#2668,#2674));
#2666 = ORIENTED_EDGE('',*,*,#2479,.F.);
#2667 = ORIENTED_EDGE('',*,*,#2502,.T.);
#2668 = ORIENTED_EDGE('',*,*,#2669,.T.);
#2669 = EDGE_CURVE('',#2503,#2645,#2670,.T.);
#2670 = LINE('',#2671,#2672);
#2671 = CARTESIAN_POINT('',(1.43,-1.429999999898,8.54));
#2672 = VECTOR('',#2673,1.);
#2673 = DIRECTION('',(-0.57735026919,0.57735026919,0.57735026919));
#2674 = ORIENTED_EDGE('',*,*,#2644,.F.);
#2675 = PLANE('',#2676);
#2676 = AXIS2_PLACEMENT_3D('',#2677,#2678,#2679);
#2677 = CARTESIAN_POINT('',(0.95,-1.509999999898,8.46));
#2678 = DIRECTION('',(0.,0.707106781187,-0.707106781187));
#2679 = DIRECTION('',(-1.,-0.,-0.));
#2680 = ADVANCED_FACE('',(#2681),#2687,.T.);
#2681 = FACE_BOUND('',#2682,.F.);
#2682 = EDGE_LOOP('',(#2683,#2684,#2685,#2686));
#2683 = ORIENTED_EDGE('',*,*,#2628,.F.);
#2684 = ORIENTED_EDGE('',*,*,#2540,.T.);
#2685 = ORIENTED_EDGE('',*,*,#2554,.T.);
#2686 = ORIENTED_EDGE('',*,*,#2611,.F.);
#2687 = PLANE('',#2688);
#2688 = AXIS2_PLACEMENT_3D('',#2689,#2690,#2691);
#2689 = CARTESIAN_POINT('',(1.51,-1.589999999898,-2.92));
#2690 = DIRECTION('',(0.707106781187,0.,-0.707106781187));
#2691 = DIRECTION('',(-0.,-1.,-0.));
#2692 = ADVANCED_FACE('',(#2693),#2699,.F.);
#2693 = FACE_BOUND('',#2694,.T.);
#2694 = EDGE_LOOP('',(#2695,#2696,#2697,#2698));
#2695 = ORIENTED_EDGE('',*,*,#2669,.F.);
#2696 = ORIENTED_EDGE('',*,*,#2533,.T.);
#2697 = ORIENTED_EDGE('',*,*,#2578,.T.);
#2698 = ORIENTED_EDGE('',*,*,#2652,.F.);
#2699 = PLANE('',#2700);
#2700 = AXIS2_PLACEMENT_3D('',#2701,#2702,#2703);
#2701 = CARTESIAN_POINT('',(1.51,-1.589999999898,8.46));
#2702 = DIRECTION('',(-0.707106781187,0.,-0.707106781187));
#2703 = DIRECTION('',(-0.,-1.,-0.));
#2704 = MANIFOLD_SOLID_BREP('',#2705);
#2705 = CLOSED_SHELL('',(#2706,#2746,#2777,#2808,#2839,#2870,#2892,#2916
    ,#2940,#2964,#2981,#3005,#3022,#3034));
#2706 = ADVANCED_FACE('',(#2707),#2741,.F.);
#2707 = FACE_BOUND('',#2708,.F.);
#2708 = EDGE_LOOP('',(#2709,#2719,#2727,#2735));
#2709 = ORIENTED_EDGE('',*,*,#2710,.T.);
#2710 = EDGE_CURVE('',#2711,#2713,#2715,.T.);
#2711 = VERTEX_POINT('',#2712);
#2712 = CARTESIAN_POINT('',(0.95,-3.489999999848,-2.84));
#2713 = VERTEX_POINT('',#2714);
#2714 = CARTESIAN_POINT('',(0.95,-3.489999999848,8.38));
#2715 = LINE('',#2716,#2717);
#2716 = CARTESIAN_POINT('',(0.95,-3.489999999848,-3.));
#2717 = VECTOR('',#2718,1.);
#2718 = DIRECTION('',(0.,0.,1.));
#2719 = ORIENTED_EDGE('',*,*,#2720,.T.);
#2720 = EDGE_CURVE('',#2713,#2721,#2723,.T.);
#2721 = VERTEX_POINT('',#2722);
#2722 = CARTESIAN_POINT('',(0.95,-4.129999999848,8.38));
#2723 = LINE('',#2724,#2725);
#2724 = CARTESIAN_POINT('',(0.95,-3.489999999848,8.38));
#2725 = VECTOR('',#2726,1.);
#2726 = DIRECTION('',(0.,-1.,0.));
#2727 = ORIENTED_EDGE('',*,*,#2728,.F.);
#2728 = EDGE_CURVE('',#2729,#2721,#2731,.T.);
#2729 = VERTEX_POINT('',#2730);
#2730 = CARTESIAN_POINT('',(0.95,-4.129999999848,-2.84));
#2731 = LINE('',#2732,#2733);
#2732 = CARTESIAN_POINT('',(0.95,-4.129999999848,-3.));
#2733 = VECTOR('',#2734,1.);
#2734 = DIRECTION('',(0.,0.,1.));
#2735 = ORIENTED_EDGE('',*,*,#2736,.F.);
#2736 = EDGE_CURVE('',#2711,#2729,#2737,.T.);
#2737 = LINE('',#2738,#2739);
#2738 = CARTESIAN_POINT('',(0.95,-3.489999999848,-2.84));
#2739 = VECTOR('',#2740,1.);
#2740 = DIRECTION('',(0.,-1.,0.));
#2741 = PLANE('',#2742);
#2742 = AXIS2_PLACEMENT_3D('',#2743,#2744,#2745);
#2743 = CARTESIAN_POINT('',(0.95,-3.489999999848,-3.));
#2744 = DIRECTION('',(1.,0.,0.));
#2745 = DIRECTION('',(0.,-1.,0.));
#2746 = ADVANCED_FACE('',(#2747),#2772,.F.);
#2747 = FACE_BOUND('',#2748,.F.);
#2748 = EDGE_LOOP('',(#2749,#2759,#2765,#2766));
#2749 = ORIENTED_EDGE('',*,*,#2750,.T.);
#2750 = EDGE_CURVE('',#2751,#2753,#2755,.T.);
#2751 = VERTEX_POINT('',#2752);
#2752 = CARTESIAN_POINT('',(1.59,-3.489999999848,-2.84));
#2753 = VERTEX_POINT('',#2754);
#2754 = CARTESIAN_POINT('',(1.59,-3.489999999848,8.38));
#2755 = LINE('',#2756,#2757);
#2756 = CARTESIAN_POINT('',(1.59,-3.489999999848,-3.));
#2757 = VECTOR('',#2758,1.);
#2758 = DIRECTION('',(0.,0.,1.));
#2759 = ORIENTED_EDGE('',*,*,#2760,.T.);
#2760 = EDGE_CURVE('',#2753,#2713,#2761,.T.);
#2761 = LINE('',#2762,#2763);
#2762 = CARTESIAN_POINT('',(1.59,-3.489999999848,8.38));
#2763 = VECTOR('',#2764,1.);
#2764 = DIRECTION('',(-1.,0.,0.));
#2765 = ORIENTED_EDGE('',*,*,#2710,.F.);
#2766 = ORIENTED_EDGE('',*,*,#2767,.F.);
#2767 = EDGE_CURVE('',#2751,#2711,#2768,.T.);
#2768 = LINE('',#2769,#2770);
#2769 = CARTESIAN_POINT('',(1.59,-3.489999999848,-2.84));
#2770 = VECTOR('',#2771,1.);
#2771 = DIRECTION('',(-1.,0.,0.));
#2772 = PLANE('',#2773);
#2773 = AXIS2_PLACEMENT_3D('',#2774,#2775,#2776);
#2774 = CARTESIAN_POINT('',(1.59,-3.489999999848,-3.));
#2775 = DIRECTION('',(0.,-1.,0.));
#2776 = DIRECTION('',(-1.,0.,0.));
#2777 = ADVANCED_FACE('',(#2778),#2803,.T.);
#2778 = FACE_BOUND('',#2779,.F.);
#2779 = EDGE_LOOP('',(#2780,#2788,#2789,#2797));
#2780 = ORIENTED_EDGE('',*,*,#2781,.F.);
#2781 = EDGE_CURVE('',#2711,#2782,#2784,.T.);
#2782 = VERTEX_POINT('',#2783);
#2783 = CARTESIAN_POINT('',(1.11,-3.649999999848,-3.));
#2784 = LINE('',#2785,#2786);
#2785 = CARTESIAN_POINT('',(1.11,-3.649999999848,-3.));
#2786 = VECTOR('',#2787,1.);
#2787 = DIRECTION('',(0.57735026919,-0.57735026919,-0.57735026919));
#2788 = ORIENTED_EDGE('',*,*,#2736,.T.);
#2789 = ORIENTED_EDGE('',*,*,#2790,.T.);
#2790 = EDGE_CURVE('',#2729,#2791,#2793,.T.);
#2791 = VERTEX_POINT('',#2792);
#2792 = CARTESIAN_POINT('',(1.11,-3.969999999848,-3.));
#2793 = LINE('',#2794,#2795);
#2794 = CARTESIAN_POINT('',(1.11,-3.969999999848,-3.));
#2795 = VECTOR('',#2796,1.);
#2796 = DIRECTION('',(0.57735026919,0.57735026919,-0.57735026919));
#2797 = ORIENTED_EDGE('',*,*,#2798,.F.);
#2798 = EDGE_CURVE('',#2782,#2791,#2799,.T.);
#2799 = LINE('',#2800,#2801);
#2800 = CARTESIAN_POINT('',(1.11,-3.489999999848,-3.));
#2801 = VECTOR('',#2802,1.);
#2802 = DIRECTION('',(0.,-1.,0.));
#2803 = PLANE('',#2804);
#2804 = AXIS2_PLACEMENT_3D('',#2805,#2806,#2807);
#2805 = CARTESIAN_POINT('',(1.03,-3.489999999848,-2.92));
#2806 = DIRECTION('',(-0.707106781187,0.,-0.707106781187));
#2807 = DIRECTION('',(0.,1.,0.));
#2808 = ADVANCED_FACE('',(#2809),#2834,.F.);
#2809 = FACE_BOUND('',#2810,.T.);
#2810 = EDGE_LOOP('',(#2811,#2819,#2820,#2828));
#2811 = ORIENTED_EDGE('',*,*,#2812,.F.);
#2812 = EDGE_CURVE('',#2713,#2813,#2815,.T.);
#2813 = VERTEX_POINT('',#2814);
#2814 = CARTESIAN_POINT('',(1.11,-3.649999999848,8.54));
#2815 = LINE('',#2816,#2817);
#2816 = CARTESIAN_POINT('',(1.11,-3.649999999848,8.54));
#2817 = VECTOR('',#2818,1.);
#2818 = DIRECTION('',(0.57735026919,-0.57735026919,0.57735026919));
#2819 = ORIENTED_EDGE('',*,*,#2720,.T.);
#2820 = ORIENTED_EDGE('',*,*,#2821,.T.);
#2821 = EDGE_CURVE('',#2721,#2822,#2824,.T.);
#2822 = VERTEX_POINT('',#2823);
#2823 = CARTESIAN_POINT('',(1.11,-3.969999999848,8.54));
#2824 = LINE('',#2825,#2826);
#2825 = CARTESIAN_POINT('',(1.11,-3.969999999848,8.54));
#2826 = VECTOR('',#2827,1.);
#2827 = DIRECTION('',(0.57735026919,0.57735026919,0.57735026919));
#2828 = ORIENTED_EDGE('',*,*,#2829,.F.);
#2829 = EDGE_CURVE('',#2813,#2822,#2830,.T.);
#2830 = LINE('',#2831,#2832);
#2831 = CARTESIAN_POINT('',(1.11,-3.489999999848,8.54));
#2832 = VECTOR('',#2833,1.);
#2833 = DIRECTION('',(0.,-1.,0.));
#2834 = PLANE('',#2835);
#2835 = AXIS2_PLACEMENT_3D('',#2836,#2837,#2838);
#2836 = CARTESIAN_POINT('',(1.03,-3.489999999848,8.46));
#2837 = DIRECTION('',(0.707106781187,0.,-0.707106781187));
#2838 = DIRECTION('',(0.,1.,0.));
#2839 = ADVANCED_FACE('',(#2840),#2865,.F.);
#2840 = FACE_BOUND('',#2841,.F.);
#2841 = EDGE_LOOP('',(#2842,#2843,#2851,#2859));
#2842 = ORIENTED_EDGE('',*,*,#2728,.T.);
#2843 = ORIENTED_EDGE('',*,*,#2844,.T.);
#2844 = EDGE_CURVE('',#2721,#2845,#2847,.T.);
#2845 = VERTEX_POINT('',#2846);
#2846 = CARTESIAN_POINT('',(1.59,-4.129999999848,8.38));
#2847 = LINE('',#2848,#2849);
#2848 = CARTESIAN_POINT('',(0.95,-4.129999999848,8.38));
#2849 = VECTOR('',#2850,1.);
#2850 = DIRECTION('',(1.,0.,0.));
#2851 = ORIENTED_EDGE('',*,*,#2852,.F.);
#2852 = EDGE_CURVE('',#2853,#2845,#2855,.T.);
#2853 = VERTEX_POINT('',#2854);
#2854 = CARTESIAN_POINT('',(1.59,-4.129999999848,-2.84));
#2855 = LINE('',#2856,#2857);
#2856 = CARTESIAN_POINT('',(1.59,-4.129999999848,-3.));
#2857 = VECTOR('',#2858,1.);
#2858 = DIRECTION('',(0.,0.,1.));
#2859 = ORIENTED_EDGE('',*,*,#2860,.F.);
#2860 = EDGE_CURVE('',#2729,#2853,#2861,.T.);
#2861 = LINE('',#2862,#2863);
#2862 = CARTESIAN_POINT('',(0.95,-4.129999999848,-2.84));
#2863 = VECTOR('',#2864,1.);
#2864 = DIRECTION('',(1.,0.,0.));
#2865 = PLANE('',#2866);
#2866 = AXIS2_PLACEMENT_3D('',#2867,#2868,#2869);
#2867 = CARTESIAN_POINT('',(0.95,-4.129999999848,-3.));
#2868 = DIRECTION('',(0.,1.,0.));
#2869 = DIRECTION('',(1.,0.,0.));
#2870 = ADVANCED_FACE('',(#2871),#2887,.F.);
#2871 = FACE_BOUND('',#2872,.F.);
#2872 = EDGE_LOOP('',(#2873,#2874,#2880,#2881));
#2873 = ORIENTED_EDGE('',*,*,#2852,.T.);
#2874 = ORIENTED_EDGE('',*,*,#2875,.T.);
#2875 = EDGE_CURVE('',#2845,#2753,#2876,.T.);
#2876 = LINE('',#2877,#2878);
#2877 = CARTESIAN_POINT('',(1.59,-4.129999999848,8.38));
#2878 = VECTOR('',#2879,1.);
#2879 = DIRECTION('',(0.,1.,0.));
#2880 = ORIENTED_EDGE('',*,*,#2750,.F.);
#2881 = ORIENTED_EDGE('',*,*,#2882,.F.);
#2882 = EDGE_CURVE('',#2853,#2751,#2883,.T.);
#2883 = LINE('',#2884,#2885);
#2884 = CARTESIAN_POINT('',(1.59,-4.129999999848,-2.84));
#2885 = VECTOR('',#2886,1.);
#2886 = DIRECTION('',(0.,1.,0.));
#2887 = PLANE('',#2888);
#2888 = AXIS2_PLACEMENT_3D('',#2889,#2890,#2891);
#2889 = CARTESIAN_POINT('',(1.59,-4.129999999848,-3.));
#2890 = DIRECTION('',(-1.,0.,0.));
#2891 = DIRECTION('',(0.,1.,0.));
#2892 = ADVANCED_FACE('',(#2893),#2911,.T.);
#2893 = FACE_BOUND('',#2894,.F.);
#2894 = EDGE_LOOP('',(#2895,#2903,#2904,#2905));
#2895 = ORIENTED_EDGE('',*,*,#2896,.F.);
#2896 = EDGE_CURVE('',#2751,#2897,#2899,.T.);
#2897 = VERTEX_POINT('',#2898);
#2898 = CARTESIAN_POINT('',(1.43,-3.649999999848,-3.));
#2899 = LINE('',#2900,#2901);
#2900 = CARTESIAN_POINT('',(1.43,-3.649999999848,-3.));
#2901 = VECTOR('',#2902,1.);
#2902 = DIRECTION('',(-0.57735026919,-0.57735026919,-0.57735026919));
#2903 = ORIENTED_EDGE('',*,*,#2767,.T.);
#2904 = ORIENTED_EDGE('',*,*,#2781,.T.);
#2905 = ORIENTED_EDGE('',*,*,#2906,.F.);
#2906 = EDGE_CURVE('',#2897,#2782,#2907,.T.);
#2907 = LINE('',#2908,#2909);
#2908 = CARTESIAN_POINT('',(1.59,-3.649999999848,-3.));
#2909 = VECTOR('',#2910,1.);
#2910 = DIRECTION('',(-1.,0.,0.));
#2911 = PLANE('',#2912);
#2912 = AXIS2_PLACEMENT_3D('',#2913,#2914,#2915);
#2913 = CARTESIAN_POINT('',(1.59,-3.569999999848,-2.92));
#2914 = DIRECTION('',(0.,0.707106781187,-0.707106781187));
#2915 = DIRECTION('',(1.,0.,0.));
#2916 = ADVANCED_FACE('',(#2917),#2935,.F.);
#2917 = FACE_BOUND('',#2918,.T.);
#2918 = EDGE_LOOP('',(#2919,#2927,#2928,#2929));
#2919 = ORIENTED_EDGE('',*,*,#2920,.F.);
#2920 = EDGE_CURVE('',#2753,#2921,#2923,.T.);
#2921 = VERTEX_POINT('',#2922);
#2922 = CARTESIAN_POINT('',(1.43,-3.649999999848,8.54));
#2923 = LINE('',#2924,#2925);
#2924 = CARTESIAN_POINT('',(1.43,-3.649999999848,8.54));
#2925 = VECTOR('',#2926,1.);
#2926 = DIRECTION('',(-0.57735026919,-0.57735026919,0.57735026919));
#2927 = ORIENTED_EDGE('',*,*,#2760,.T.);
#2928 = ORIENTED_EDGE('',*,*,#2812,.T.);
#2929 = ORIENTED_EDGE('',*,*,#2930,.F.);
#2930 = EDGE_CURVE('',#2921,#2813,#2931,.T.);
#2931 = LINE('',#2932,#2933);
#2932 = CARTESIAN_POINT('',(1.59,-3.649999999848,8.54));
#2933 = VECTOR('',#2934,1.);
#2934 = DIRECTION('',(-1.,0.,0.));
#2935 = PLANE('',#2936);
#2936 = AXIS2_PLACEMENT_3D('',#2937,#2938,#2939);
#2937 = CARTESIAN_POINT('',(1.59,-3.569999999848,8.46));
#2938 = DIRECTION('',(0.,-0.707106781187,-0.707106781187));
#2939 = DIRECTION('',(1.,0.,0.));
#2940 = ADVANCED_FACE('',(#2941),#2959,.F.);
#2941 = FACE_BOUND('',#2942,.F.);
#2942 = EDGE_LOOP('',(#2943,#2944,#2952,#2958));
#2943 = ORIENTED_EDGE('',*,*,#2798,.T.);
#2944 = ORIENTED_EDGE('',*,*,#2945,.T.);
#2945 = EDGE_CURVE('',#2791,#2946,#2948,.T.);
#2946 = VERTEX_POINT('',#2947);
#2947 = CARTESIAN_POINT('',(1.43,-3.969999999848,-3.));
#2948 = LINE('',#2949,#2950);
#2949 = CARTESIAN_POINT('',(0.95,-3.969999999848,-3.));
#2950 = VECTOR('',#2951,1.);
#2951 = DIRECTION('',(1.,0.,0.));
#2952 = ORIENTED_EDGE('',*,*,#2953,.T.);
#2953 = EDGE_CURVE('',#2946,#2897,#2954,.T.);
#2954 = LINE('',#2955,#2956);
#2955 = CARTESIAN_POINT('',(1.43,-4.129999999848,-3.));
#2956 = VECTOR('',#2957,1.);
#2957 = DIRECTION('',(0.,1.,0.));
#2958 = ORIENTED_EDGE('',*,*,#2906,.T.);
#2959 = PLANE('',#2960);
#2960 = AXIS2_PLACEMENT_3D('',#2961,#2962,#2963);
#2961 = CARTESIAN_POINT('',(1.27,-3.809999999848,-3.));
#2962 = DIRECTION('',(0.,0.,1.));
#2963 = DIRECTION('',(1.,0.,0.));
#2964 = ADVANCED_FACE('',(#2965),#2976,.T.);
#2965 = FACE_BOUND('',#2966,.F.);
#2966 = EDGE_LOOP('',(#2967,#2968,#2969,#2975));
#2967 = ORIENTED_EDGE('',*,*,#2790,.F.);
#2968 = ORIENTED_EDGE('',*,*,#2860,.T.);
#2969 = ORIENTED_EDGE('',*,*,#2970,.T.);
#2970 = EDGE_CURVE('',#2853,#2946,#2971,.T.);
#2971 = LINE('',#2972,#2973);
#2972 = CARTESIAN_POINT('',(1.43,-3.969999999848,-3.));
#2973 = VECTOR('',#2974,1.);
#2974 = DIRECTION('',(-0.57735026919,0.57735026919,-0.57735026919));
#2975 = ORIENTED_EDGE('',*,*,#2945,.F.);
#2976 = PLANE('',#2977);
#2977 = AXIS2_PLACEMENT_3D('',#2978,#2979,#2980);
#2978 = CARTESIAN_POINT('',(0.95,-4.049999999848,-2.92));
#2979 = DIRECTION('',(0.,-0.707106781187,-0.707106781187));
#2980 = DIRECTION('',(-1.,-0.,-0.));
#2981 = ADVANCED_FACE('',(#2982),#3000,.T.);
#2982 = FACE_BOUND('',#2983,.T.);
#2983 = EDGE_LOOP('',(#2984,#2985,#2993,#2999));
#2984 = ORIENTED_EDGE('',*,*,#2829,.T.);
#2985 = ORIENTED_EDGE('',*,*,#2986,.T.);
#2986 = EDGE_CURVE('',#2822,#2987,#2989,.T.);
#2987 = VERTEX_POINT('',#2988);
#2988 = CARTESIAN_POINT('',(1.43,-3.969999999848,8.54));
#2989 = LINE('',#2990,#2991);
#2990 = CARTESIAN_POINT('',(0.95,-3.969999999848,8.54));
#2991 = VECTOR('',#2992,1.);
#2992 = DIRECTION('',(1.,0.,0.));
#2993 = ORIENTED_EDGE('',*,*,#2994,.T.);
#2994 = EDGE_CURVE('',#2987,#2921,#2995,.T.);
#2995 = LINE('',#2996,#2997);
#2996 = CARTESIAN_POINT('',(1.43,-4.129999999848,8.54));
#2997 = VECTOR('',#2998,1.);
#2998 = DIRECTION('',(0.,1.,0.));
#2999 = ORIENTED_EDGE('',*,*,#2930,.T.);
#3000 = PLANE('',#3001);
#3001 = AXIS2_PLACEMENT_3D('',#3002,#3003,#3004);
#3002 = CARTESIAN_POINT('',(1.27,-3.809999999848,8.54));
#3003 = DIRECTION('',(0.,0.,1.));
#3004 = DIRECTION('',(1.,0.,0.));
#3005 = ADVANCED_FACE('',(#3006),#3017,.F.);
#3006 = FACE_BOUND('',#3007,.T.);
#3007 = EDGE_LOOP('',(#3008,#3009,#3010,#3016));
#3008 = ORIENTED_EDGE('',*,*,#2821,.F.);
#3009 = ORIENTED_EDGE('',*,*,#2844,.T.);
#3010 = ORIENTED_EDGE('',*,*,#3011,.T.);
#3011 = EDGE_CURVE('',#2845,#2987,#3012,.T.);
#3012 = LINE('',#3013,#3014);
#3013 = CARTESIAN_POINT('',(1.43,-3.969999999848,8.54));
#3014 = VECTOR('',#3015,1.);
#3015 = DIRECTION('',(-0.57735026919,0.57735026919,0.57735026919));
#3016 = ORIENTED_EDGE('',*,*,#2986,.F.);
#3017 = PLANE('',#3018);
#3018 = AXIS2_PLACEMENT_3D('',#3019,#3020,#3021);
#3019 = CARTESIAN_POINT('',(0.95,-4.049999999848,8.46));
#3020 = DIRECTION('',(0.,0.707106781187,-0.707106781187));
#3021 = DIRECTION('',(-1.,-0.,-0.));
#3022 = ADVANCED_FACE('',(#3023),#3029,.T.);
#3023 = FACE_BOUND('',#3024,.F.);
#3024 = EDGE_LOOP('',(#3025,#3026,#3027,#3028));
#3025 = ORIENTED_EDGE('',*,*,#2970,.F.);
#3026 = ORIENTED_EDGE('',*,*,#2882,.T.);
#3027 = ORIENTED_EDGE('',*,*,#2896,.T.);
#3028 = ORIENTED_EDGE('',*,*,#2953,.F.);
#3029 = PLANE('',#3030);
#3030 = AXIS2_PLACEMENT_3D('',#3031,#3032,#3033);
#3031 = CARTESIAN_POINT('',(1.51,-4.129999999848,-2.92));
#3032 = DIRECTION('',(0.707106781187,0.,-0.707106781187));
#3033 = DIRECTION('',(-0.,-1.,-0.));
#3034 = ADVANCED_FACE('',(#3035),#3041,.F.);
#3035 = FACE_BOUND('',#3036,.T.);
#3036 = EDGE_LOOP('',(#3037,#3038,#3039,#3040));
#3037 = ORIENTED_EDGE('',*,*,#3011,.F.);
#3038 = ORIENTED_EDGE('',*,*,#2875,.T.);
#3039 = ORIENTED_EDGE('',*,*,#2920,.T.);
#3040 = ORIENTED_EDGE('',*,*,#2994,.F.);
#3041 = PLANE('',#3042);
#3042 = AXIS2_PLACEMENT_3D('',#3043,#3044,#3045);
#3043 = CARTESIAN_POINT('',(1.51,-4.129999999848,8.46));
#3044 = DIRECTION('',(-0.707106781187,0.,-0.707106781187));
#3045 = DIRECTION('',(-0.,-1.,-0.));
#3046 = MANIFOLD_SOLID_BREP('',#3047);
#3047 = CLOSED_SHELL('',(#3048,#3088,#3119,#3150,#3181,#3212,#3234,#3258
    ,#3282,#3306,#3323,#3347,#3364,#3376));
#3048 = ADVANCED_FACE('',(#3049),#3083,.F.);
#3049 = FACE_BOUND('',#3050,.F.);
#3050 = EDGE_LOOP('',(#3051,#3061,#3069,#3077));
#3051 = ORIENTED_EDGE('',*,*,#3052,.T.);
#3052 = EDGE_CURVE('',#3053,#3055,#3057,.T.);
#3053 = VERTEX_POINT('',#3054);
#3054 = CARTESIAN_POINT('',(-1.59,-3.489999999848,-2.84));
#3055 = VERTEX_POINT('',#3056);
#3056 = CARTESIAN_POINT('',(-1.59,-3.489999999848,8.38));
#3057 = LINE('',#3058,#3059);
#3058 = CARTESIAN_POINT('',(-1.59,-3.489999999848,-3.));
#3059 = VECTOR('',#3060,1.);
#3060 = DIRECTION('',(0.,0.,1.));
#3061 = ORIENTED_EDGE('',*,*,#3062,.T.);
#3062 = EDGE_CURVE('',#3055,#3063,#3065,.T.);
#3063 = VERTEX_POINT('',#3064);
#3064 = CARTESIAN_POINT('',(-1.59,-4.129999999848,8.38));
#3065 = LINE('',#3066,#3067);
#3066 = CARTESIAN_POINT('',(-1.59,-3.489999999848,8.38));
#3067 = VECTOR('',#3068,1.);
#3068 = DIRECTION('',(0.,-1.,0.));
#3069 = ORIENTED_EDGE('',*,*,#3070,.F.);
#3070 = EDGE_CURVE('',#3071,#3063,#3073,.T.);
#3071 = VERTEX_POINT('',#3072);
#3072 = CARTESIAN_POINT('',(-1.59,-4.129999999848,-2.84));
#3073 = LINE('',#3074,#3075);
#3074 = CARTESIAN_POINT('',(-1.59,-4.129999999848,-3.));
#3075 = VECTOR('',#3076,1.);
#3076 = DIRECTION('',(0.,0.,1.));
#3077 = ORIENTED_EDGE('',*,*,#3078,.F.);
#3078 = EDGE_CURVE('',#3053,#3071,#3079,.T.);
#3079 = LINE('',#3080,#3081);
#3080 = CARTESIAN_POINT('',(-1.59,-3.489999999848,-2.84));
#3081 = VECTOR('',#3082,1.);
#3082 = DIRECTION('',(0.,-1.,0.));
#3083 = PLANE('',#3084);
#3084 = AXIS2_PLACEMENT_3D('',#3085,#3086,#3087);
#3085 = CARTESIAN_POINT('',(-1.59,-3.489999999848,-3.));
#3086 = DIRECTION('',(1.,0.,0.));
#3087 = DIRECTION('',(0.,-1.,0.));
#3088 = ADVANCED_FACE('',(#3089),#3114,.F.);
#3089 = FACE_BOUND('',#3090,.F.);
#3090 = EDGE_LOOP('',(#3091,#3101,#3107,#3108));
#3091 = ORIENTED_EDGE('',*,*,#3092,.T.);
#3092 = EDGE_CURVE('',#3093,#3095,#3097,.T.);
#3093 = VERTEX_POINT('',#3094);
#3094 = CARTESIAN_POINT('',(-0.95,-3.489999999848,-2.84));
#3095 = VERTEX_POINT('',#3096);
#3096 = CARTESIAN_POINT('',(-0.95,-3.489999999848,8.38));
#3097 = LINE('',#3098,#3099);
#3098 = CARTESIAN_POINT('',(-0.95,-3.489999999848,-3.));
#3099 = VECTOR('',#3100,1.);
#3100 = DIRECTION('',(0.,0.,1.));
#3101 = ORIENTED_EDGE('',*,*,#3102,.T.);
#3102 = EDGE_CURVE('',#3095,#3055,#3103,.T.);
#3103 = LINE('',#3104,#3105);
#3104 = CARTESIAN_POINT('',(-0.95,-3.489999999848,8.38));
#3105 = VECTOR('',#3106,1.);
#3106 = DIRECTION('',(-1.,0.,0.));
#3107 = ORIENTED_EDGE('',*,*,#3052,.F.);
#3108 = ORIENTED_EDGE('',*,*,#3109,.F.);
#3109 = EDGE_CURVE('',#3093,#3053,#3110,.T.);
#3110 = LINE('',#3111,#3112);
#3111 = CARTESIAN_POINT('',(-0.95,-3.489999999848,-2.84));
#3112 = VECTOR('',#3113,1.);
#3113 = DIRECTION('',(-1.,0.,0.));
#3114 = PLANE('',#3115);
#3115 = AXIS2_PLACEMENT_3D('',#3116,#3117,#3118);
#3116 = CARTESIAN_POINT('',(-0.95,-3.489999999848,-3.));
#3117 = DIRECTION('',(0.,-1.,0.));
#3118 = DIRECTION('',(-1.,0.,0.));
#3119 = ADVANCED_FACE('',(#3120),#3145,.T.);
#3120 = FACE_BOUND('',#3121,.F.);
#3121 = EDGE_LOOP('',(#3122,#3130,#3131,#3139));
#3122 = ORIENTED_EDGE('',*,*,#3123,.F.);
#3123 = EDGE_CURVE('',#3053,#3124,#3126,.T.);
#3124 = VERTEX_POINT('',#3125);
#3125 = CARTESIAN_POINT('',(-1.43,-3.649999999848,-3.));
#3126 = LINE('',#3127,#3128);
#3127 = CARTESIAN_POINT('',(-1.43,-3.649999999848,-3.));
#3128 = VECTOR('',#3129,1.);
#3129 = DIRECTION('',(0.57735026919,-0.57735026919,-0.57735026919));
#3130 = ORIENTED_EDGE('',*,*,#3078,.T.);
#3131 = ORIENTED_EDGE('',*,*,#3132,.T.);
#3132 = EDGE_CURVE('',#3071,#3133,#3135,.T.);
#3133 = VERTEX_POINT('',#3134);
#3134 = CARTESIAN_POINT('',(-1.43,-3.969999999848,-3.));
#3135 = LINE('',#3136,#3137);
#3136 = CARTESIAN_POINT('',(-1.43,-3.969999999848,-3.));
#3137 = VECTOR('',#3138,1.);
#3138 = DIRECTION('',(0.57735026919,0.57735026919,-0.57735026919));
#3139 = ORIENTED_EDGE('',*,*,#3140,.F.);
#3140 = EDGE_CURVE('',#3124,#3133,#3141,.T.);
#3141 = LINE('',#3142,#3143);
#3142 = CARTESIAN_POINT('',(-1.43,-3.489999999848,-3.));
#3143 = VECTOR('',#3144,1.);
#3144 = DIRECTION('',(0.,-1.,0.));
#3145 = PLANE('',#3146);
#3146 = AXIS2_PLACEMENT_3D('',#3147,#3148,#3149);
#3147 = CARTESIAN_POINT('',(-1.51,-3.489999999848,-2.92));
#3148 = DIRECTION('',(-0.707106781187,0.,-0.707106781187));
#3149 = DIRECTION('',(0.,1.,0.));
#3150 = ADVANCED_FACE('',(#3151),#3176,.F.);
#3151 = FACE_BOUND('',#3152,.T.);
#3152 = EDGE_LOOP('',(#3153,#3161,#3162,#3170));
#3153 = ORIENTED_EDGE('',*,*,#3154,.F.);
#3154 = EDGE_CURVE('',#3055,#3155,#3157,.T.);
#3155 = VERTEX_POINT('',#3156);
#3156 = CARTESIAN_POINT('',(-1.43,-3.649999999848,8.54));
#3157 = LINE('',#3158,#3159);
#3158 = CARTESIAN_POINT('',(-1.43,-3.649999999848,8.54));
#3159 = VECTOR('',#3160,1.);
#3160 = DIRECTION('',(0.57735026919,-0.57735026919,0.57735026919));
#3161 = ORIENTED_EDGE('',*,*,#3062,.T.);
#3162 = ORIENTED_EDGE('',*,*,#3163,.T.);
#3163 = EDGE_CURVE('',#3063,#3164,#3166,.T.);
#3164 = VERTEX_POINT('',#3165);
#3165 = CARTESIAN_POINT('',(-1.43,-3.969999999848,8.54));
#3166 = LINE('',#3167,#3168);
#3167 = CARTESIAN_POINT('',(-1.43,-3.969999999848,8.54));
#3168 = VECTOR('',#3169,1.);
#3169 = DIRECTION('',(0.57735026919,0.57735026919,0.57735026919));
#3170 = ORIENTED_EDGE('',*,*,#3171,.F.);
#3171 = EDGE_CURVE('',#3155,#3164,#3172,.T.);
#3172 = LINE('',#3173,#3174);
#3173 = CARTESIAN_POINT('',(-1.43,-3.489999999848,8.54));
#3174 = VECTOR('',#3175,1.);
#3175 = DIRECTION('',(0.,-1.,0.));
#3176 = PLANE('',#3177);
#3177 = AXIS2_PLACEMENT_3D('',#3178,#3179,#3180);
#3178 = CARTESIAN_POINT('',(-1.51,-3.489999999848,8.46));
#3179 = DIRECTION('',(0.707106781187,0.,-0.707106781187));
#3180 = DIRECTION('',(0.,1.,0.));
#3181 = ADVANCED_FACE('',(#3182),#3207,.F.);
#3182 = FACE_BOUND('',#3183,.F.);
#3183 = EDGE_LOOP('',(#3184,#3185,#3193,#3201));
#3184 = ORIENTED_EDGE('',*,*,#3070,.T.);
#3185 = ORIENTED_EDGE('',*,*,#3186,.T.);
#3186 = EDGE_CURVE('',#3063,#3187,#3189,.T.);
#3187 = VERTEX_POINT('',#3188);
#3188 = CARTESIAN_POINT('',(-0.95,-4.129999999848,8.38));
#3189 = LINE('',#3190,#3191);
#3190 = CARTESIAN_POINT('',(-1.59,-4.129999999848,8.38));
#3191 = VECTOR('',#3192,1.);
#3192 = DIRECTION('',(1.,0.,0.));
#3193 = ORIENTED_EDGE('',*,*,#3194,.F.);
#3194 = EDGE_CURVE('',#3195,#3187,#3197,.T.);
#3195 = VERTEX_POINT('',#3196);
#3196 = CARTESIAN_POINT('',(-0.95,-4.129999999848,-2.84));
#3197 = LINE('',#3198,#3199);
#3198 = CARTESIAN_POINT('',(-0.95,-4.129999999848,-3.));
#3199 = VECTOR('',#3200,1.);
#3200 = DIRECTION('',(0.,0.,1.));
#3201 = ORIENTED_EDGE('',*,*,#3202,.F.);
#3202 = EDGE_CURVE('',#3071,#3195,#3203,.T.);
#3203 = LINE('',#3204,#3205);
#3204 = CARTESIAN_POINT('',(-1.59,-4.129999999848,-2.84));
#3205 = VECTOR('',#3206,1.);
#3206 = DIRECTION('',(1.,0.,0.));
#3207 = PLANE('',#3208);
#3208 = AXIS2_PLACEMENT_3D('',#3209,#3210,#3211);
#3209 = CARTESIAN_POINT('',(-1.59,-4.129999999848,-3.));
#3210 = DIRECTION('',(0.,1.,0.));
#3211 = DIRECTION('',(1.,0.,0.));
#3212 = ADVANCED_FACE('',(#3213),#3229,.F.);
#3213 = FACE_BOUND('',#3214,.F.);
#3214 = EDGE_LOOP('',(#3215,#3216,#3222,#3223));
#3215 = ORIENTED_EDGE('',*,*,#3194,.T.);
#3216 = ORIENTED_EDGE('',*,*,#3217,.T.);
#3217 = EDGE_CURVE('',#3187,#3095,#3218,.T.);
#3218 = LINE('',#3219,#3220);
#3219 = CARTESIAN_POINT('',(-0.95,-4.129999999848,8.38));
#3220 = VECTOR('',#3221,1.);
#3221 = DIRECTION('',(0.,1.,0.));
#3222 = ORIENTED_EDGE('',*,*,#3092,.F.);
#3223 = ORIENTED_EDGE('',*,*,#3224,.F.);
#3224 = EDGE_CURVE('',#3195,#3093,#3225,.T.);
#3225 = LINE('',#3226,#3227);
#3226 = CARTESIAN_POINT('',(-0.95,-4.129999999848,-2.84));
#3227 = VECTOR('',#3228,1.);
#3228 = DIRECTION('',(0.,1.,0.));
#3229 = PLANE('',#3230);
#3230 = AXIS2_PLACEMENT_3D('',#3231,#3232,#3233);
#3231 = CARTESIAN_POINT('',(-0.95,-4.129999999848,-3.));
#3232 = DIRECTION('',(-1.,0.,0.));
#3233 = DIRECTION('',(0.,1.,0.));
#3234 = ADVANCED_FACE('',(#3235),#3253,.T.);
#3235 = FACE_BOUND('',#3236,.F.);
#3236 = EDGE_LOOP('',(#3237,#3245,#3246,#3247));
#3237 = ORIENTED_EDGE('',*,*,#3238,.F.);
#3238 = EDGE_CURVE('',#3093,#3239,#3241,.T.);
#3239 = VERTEX_POINT('',#3240);
#3240 = CARTESIAN_POINT('',(-1.11,-3.649999999848,-3.));
#3241 = LINE('',#3242,#3243);
#3242 = CARTESIAN_POINT('',(-1.11,-3.649999999848,-3.));
#3243 = VECTOR('',#3244,1.);
#3244 = DIRECTION('',(-0.57735026919,-0.57735026919,-0.57735026919));
#3245 = ORIENTED_EDGE('',*,*,#3109,.T.);
#3246 = ORIENTED_EDGE('',*,*,#3123,.T.);
#3247 = ORIENTED_EDGE('',*,*,#3248,.F.);
#3248 = EDGE_CURVE('',#3239,#3124,#3249,.T.);
#3249 = LINE('',#3250,#3251);
#3250 = CARTESIAN_POINT('',(-0.95,-3.649999999848,-3.));
#3251 = VECTOR('',#3252,1.);
#3252 = DIRECTION('',(-1.,0.,0.));
#3253 = PLANE('',#3254);
#3254 = AXIS2_PLACEMENT_3D('',#3255,#3256,#3257);
#3255 = CARTESIAN_POINT('',(-0.95,-3.569999999848,-2.92));
#3256 = DIRECTION('',(0.,0.707106781187,-0.707106781187));
#3257 = DIRECTION('',(1.,0.,0.));
#3258 = ADVANCED_FACE('',(#3259),#3277,.F.);
#3259 = FACE_BOUND('',#3260,.T.);
#3260 = EDGE_LOOP('',(#3261,#3269,#3270,#3271));
#3261 = ORIENTED_EDGE('',*,*,#3262,.F.);
#3262 = EDGE_CURVE('',#3095,#3263,#3265,.T.);
#3263 = VERTEX_POINT('',#3264);
#3264 = CARTESIAN_POINT('',(-1.11,-3.649999999848,8.54));
#3265 = LINE('',#3266,#3267);
#3266 = CARTESIAN_POINT('',(-1.11,-3.649999999848,8.54));
#3267 = VECTOR('',#3268,1.);
#3268 = DIRECTION('',(-0.57735026919,-0.57735026919,0.57735026919));
#3269 = ORIENTED_EDGE('',*,*,#3102,.T.);
#3270 = ORIENTED_EDGE('',*,*,#3154,.T.);
#3271 = ORIENTED_EDGE('',*,*,#3272,.F.);
#3272 = EDGE_CURVE('',#3263,#3155,#3273,.T.);
#3273 = LINE('',#3274,#3275);
#3274 = CARTESIAN_POINT('',(-0.95,-3.649999999848,8.54));
#3275 = VECTOR('',#3276,1.);
#3276 = DIRECTION('',(-1.,0.,0.));
#3277 = PLANE('',#3278);
#3278 = AXIS2_PLACEMENT_3D('',#3279,#3280,#3281);
#3279 = CARTESIAN_POINT('',(-0.95,-3.569999999848,8.46));
#3280 = DIRECTION('',(0.,-0.707106781187,-0.707106781187));
#3281 = DIRECTION('',(1.,0.,0.));
#3282 = ADVANCED_FACE('',(#3283),#3301,.F.);
#3283 = FACE_BOUND('',#3284,.F.);
#3284 = EDGE_LOOP('',(#3285,#3286,#3294,#3300));
#3285 = ORIENTED_EDGE('',*,*,#3140,.T.);
#3286 = ORIENTED_EDGE('',*,*,#3287,.T.);
#3287 = EDGE_CURVE('',#3133,#3288,#3290,.T.);
#3288 = VERTEX_POINT('',#3289);
#3289 = CARTESIAN_POINT('',(-1.11,-3.969999999848,-3.));
#3290 = LINE('',#3291,#3292);
#3291 = CARTESIAN_POINT('',(-1.59,-3.969999999848,-3.));
#3292 = VECTOR('',#3293,1.);
#3293 = DIRECTION('',(1.,0.,0.));
#3294 = ORIENTED_EDGE('',*,*,#3295,.T.);
#3295 = EDGE_CURVE('',#3288,#3239,#3296,.T.);
#3296 = LINE('',#3297,#3298);
#3297 = CARTESIAN_POINT('',(-1.11,-4.129999999848,-3.));
#3298 = VECTOR('',#3299,1.);
#3299 = DIRECTION('',(0.,1.,0.));
#3300 = ORIENTED_EDGE('',*,*,#3248,.T.);
#3301 = PLANE('',#3302);
#3302 = AXIS2_PLACEMENT_3D('',#3303,#3304,#3305);
#3303 = CARTESIAN_POINT('',(-1.27,-3.809999999848,-3.));
#3304 = DIRECTION('',(0.,0.,1.));
#3305 = DIRECTION('',(1.,0.,0.));
#3306 = ADVANCED_FACE('',(#3307),#3318,.T.);
#3307 = FACE_BOUND('',#3308,.F.);
#3308 = EDGE_LOOP('',(#3309,#3310,#3311,#3317));
#3309 = ORIENTED_EDGE('',*,*,#3132,.F.);
#3310 = ORIENTED_EDGE('',*,*,#3202,.T.);
#3311 = ORIENTED_EDGE('',*,*,#3312,.T.);
#3312 = EDGE_CURVE('',#3195,#3288,#3313,.T.);
#3313 = LINE('',#3314,#3315);
#3314 = CARTESIAN_POINT('',(-1.11,-3.969999999848,-3.));
#3315 = VECTOR('',#3316,1.);
#3316 = DIRECTION('',(-0.57735026919,0.57735026919,-0.57735026919));
#3317 = ORIENTED_EDGE('',*,*,#3287,.F.);
#3318 = PLANE('',#3319);
#3319 = AXIS2_PLACEMENT_3D('',#3320,#3321,#3322);
#3320 = CARTESIAN_POINT('',(-1.59,-4.049999999848,-2.92));
#3321 = DIRECTION('',(0.,-0.707106781187,-0.707106781187));
#3322 = DIRECTION('',(-1.,-0.,-0.));
#3323 = ADVANCED_FACE('',(#3324),#3342,.T.);
#3324 = FACE_BOUND('',#3325,.T.);
#3325 = EDGE_LOOP('',(#3326,#3327,#3335,#3341));
#3326 = ORIENTED_EDGE('',*,*,#3171,.T.);
#3327 = ORIENTED_EDGE('',*,*,#3328,.T.);
#3328 = EDGE_CURVE('',#3164,#3329,#3331,.T.);
#3329 = VERTEX_POINT('',#3330);
#3330 = CARTESIAN_POINT('',(-1.11,-3.969999999848,8.54));
#3331 = LINE('',#3332,#3333);
#3332 = CARTESIAN_POINT('',(-1.59,-3.969999999848,8.54));
#3333 = VECTOR('',#3334,1.);
#3334 = DIRECTION('',(1.,0.,0.));
#3335 = ORIENTED_EDGE('',*,*,#3336,.T.);
#3336 = EDGE_CURVE('',#3329,#3263,#3337,.T.);
#3337 = LINE('',#3338,#3339);
#3338 = CARTESIAN_POINT('',(-1.11,-4.129999999848,8.54));
#3339 = VECTOR('',#3340,1.);
#3340 = DIRECTION('',(0.,1.,0.));
#3341 = ORIENTED_EDGE('',*,*,#3272,.T.);
#3342 = PLANE('',#3343);
#3343 = AXIS2_PLACEMENT_3D('',#3344,#3345,#3346);
#3344 = CARTESIAN_POINT('',(-1.27,-3.809999999848,8.54));
#3345 = DIRECTION('',(0.,0.,1.));
#3346 = DIRECTION('',(1.,0.,0.));
#3347 = ADVANCED_FACE('',(#3348),#3359,.F.);
#3348 = FACE_BOUND('',#3349,.T.);
#3349 = EDGE_LOOP('',(#3350,#3351,#3352,#3358));
#3350 = ORIENTED_EDGE('',*,*,#3163,.F.);
#3351 = ORIENTED_EDGE('',*,*,#3186,.T.);
#3352 = ORIENTED_EDGE('',*,*,#3353,.T.);
#3353 = EDGE_CURVE('',#3187,#3329,#3354,.T.);
#3354 = LINE('',#3355,#3356);
#3355 = CARTESIAN_POINT('',(-1.11,-3.969999999848,8.54));
#3356 = VECTOR('',#3357,1.);
#3357 = DIRECTION('',(-0.57735026919,0.57735026919,0.57735026919));
#3358 = ORIENTED_EDGE('',*,*,#3328,.F.);
#3359 = PLANE('',#3360);
#3360 = AXIS2_PLACEMENT_3D('',#3361,#3362,#3363);
#3361 = CARTESIAN_POINT('',(-1.59,-4.049999999848,8.46));
#3362 = DIRECTION('',(0.,0.707106781187,-0.707106781187));
#3363 = DIRECTION('',(-1.,-0.,-0.));
#3364 = ADVANCED_FACE('',(#3365),#3371,.T.);
#3365 = FACE_BOUND('',#3366,.F.);
#3366 = EDGE_LOOP('',(#3367,#3368,#3369,#3370));
#3367 = ORIENTED_EDGE('',*,*,#3312,.F.);
#3368 = ORIENTED_EDGE('',*,*,#3224,.T.);
#3369 = ORIENTED_EDGE('',*,*,#3238,.T.);
#3370 = ORIENTED_EDGE('',*,*,#3295,.F.);
#3371 = PLANE('',#3372);
#3372 = AXIS2_PLACEMENT_3D('',#3373,#3374,#3375);
#3373 = CARTESIAN_POINT('',(-1.03,-4.129999999848,-2.92));
#3374 = DIRECTION('',(0.707106781187,0.,-0.707106781187));
#3375 = DIRECTION('',(-0.,-1.,-0.));
#3376 = ADVANCED_FACE('',(#3377),#3383,.F.);
#3377 = FACE_BOUND('',#3378,.T.);
#3378 = EDGE_LOOP('',(#3379,#3380,#3381,#3382));
#3379 = ORIENTED_EDGE('',*,*,#3353,.F.);
#3380 = ORIENTED_EDGE('',*,*,#3217,.T.);
#3381 = ORIENTED_EDGE('',*,*,#3262,.T.);
#3382 = ORIENTED_EDGE('',*,*,#3336,.F.);
#3383 = PLANE('',#3384);
#3384 = AXIS2_PLACEMENT_3D('',#3385,#3386,#3387);
#3385 = CARTESIAN_POINT('',(-1.03,-4.129999999848,8.46));
#3386 = DIRECTION('',(-0.707106781187,0.,-0.707106781187));
#3387 = DIRECTION('',(-0.,-1.,-0.));
#3388 = MANIFOLD_SOLID_BREP('',#3389);
#3389 = CLOSED_SHELL('',(#3390,#3430,#3461,#3492,#3523,#3554,#3576,#3600
    ,#3624,#3648,#3665,#3689,#3706,#3718));
#3390 = ADVANCED_FACE('',(#3391),#3425,.F.);
#3391 = FACE_BOUND('',#3392,.F.);
#3392 = EDGE_LOOP('',(#3393,#3403,#3411,#3419));
#3393 = ORIENTED_EDGE('',*,*,#3394,.T.);
#3394 = EDGE_CURVE('',#3395,#3397,#3399,.T.);
#3395 = VERTEX_POINT('',#3396);
#3396 = CARTESIAN_POINT('',(-1.59,1.59,-2.84));
#3397 = VERTEX_POINT('',#3398);
#3398 = CARTESIAN_POINT('',(-1.59,1.59,8.38));
#3399 = LINE('',#3400,#3401);
#3400 = CARTESIAN_POINT('',(-1.59,1.59,-3.));
#3401 = VECTOR('',#3402,1.);
#3402 = DIRECTION('',(0.,0.,1.));
#3403 = ORIENTED_EDGE('',*,*,#3404,.T.);
#3404 = EDGE_CURVE('',#3397,#3405,#3407,.T.);
#3405 = VERTEX_POINT('',#3406);
#3406 = CARTESIAN_POINT('',(-1.59,0.95,8.38));
#3407 = LINE('',#3408,#3409);
#3408 = CARTESIAN_POINT('',(-1.59,1.59,8.38));
#3409 = VECTOR('',#3410,1.);
#3410 = DIRECTION('',(0.,-1.,0.));
#3411 = ORIENTED_EDGE('',*,*,#3412,.F.);
#3412 = EDGE_CURVE('',#3413,#3405,#3415,.T.);
#3413 = VERTEX_POINT('',#3414);
#3414 = CARTESIAN_POINT('',(-1.59,0.95,-2.84));
#3415 = LINE('',#3416,#3417);
#3416 = CARTESIAN_POINT('',(-1.59,0.95,-3.));
#3417 = VECTOR('',#3418,1.);
#3418 = DIRECTION('',(0.,0.,1.));
#3419 = ORIENTED_EDGE('',*,*,#3420,.F.);
#3420 = EDGE_CURVE('',#3395,#3413,#3421,.T.);
#3421 = LINE('',#3422,#3423);
#3422 = CARTESIAN_POINT('',(-1.59,1.59,-2.84));
#3423 = VECTOR('',#3424,1.);
#3424 = DIRECTION('',(0.,-1.,0.));
#3425 = PLANE('',#3426);
#3426 = AXIS2_PLACEMENT_3D('',#3427,#3428,#3429);
#3427 = CARTESIAN_POINT('',(-1.59,1.59,-3.));
#3428 = DIRECTION('',(1.,0.,0.));
#3429 = DIRECTION('',(0.,-1.,0.));
#3430 = ADVANCED_FACE('',(#3431),#3456,.F.);
#3431 = FACE_BOUND('',#3432,.F.);
#3432 = EDGE_LOOP('',(#3433,#3443,#3449,#3450));
#3433 = ORIENTED_EDGE('',*,*,#3434,.T.);
#3434 = EDGE_CURVE('',#3435,#3437,#3439,.T.);
#3435 = VERTEX_POINT('',#3436);
#3436 = CARTESIAN_POINT('',(-0.95,1.59,-2.84));
#3437 = VERTEX_POINT('',#3438);
#3438 = CARTESIAN_POINT('',(-0.95,1.59,8.38));
#3439 = LINE('',#3440,#3441);
#3440 = CARTESIAN_POINT('',(-0.95,1.59,-3.));
#3441 = VECTOR('',#3442,1.);
#3442 = DIRECTION('',(0.,0.,1.));
#3443 = ORIENTED_EDGE('',*,*,#3444,.T.);
#3444 = EDGE_CURVE('',#3437,#3397,#3445,.T.);
#3445 = LINE('',#3446,#3447);
#3446 = CARTESIAN_POINT('',(-0.95,1.59,8.38));
#3447 = VECTOR('',#3448,1.);
#3448 = DIRECTION('',(-1.,0.,0.));
#3449 = ORIENTED_EDGE('',*,*,#3394,.F.);
#3450 = ORIENTED_EDGE('',*,*,#3451,.F.);
#3451 = EDGE_CURVE('',#3435,#3395,#3452,.T.);
#3452 = LINE('',#3453,#3454);
#3453 = CARTESIAN_POINT('',(-0.95,1.59,-2.84));
#3454 = VECTOR('',#3455,1.);
#3455 = DIRECTION('',(-1.,0.,0.));
#3456 = PLANE('',#3457);
#3457 = AXIS2_PLACEMENT_3D('',#3458,#3459,#3460);
#3458 = CARTESIAN_POINT('',(-0.95,1.59,-3.));
#3459 = DIRECTION('',(0.,-1.,0.));
#3460 = DIRECTION('',(-1.,0.,0.));
#3461 = ADVANCED_FACE('',(#3462),#3487,.T.);
#3462 = FACE_BOUND('',#3463,.F.);
#3463 = EDGE_LOOP('',(#3464,#3472,#3473,#3481));
#3464 = ORIENTED_EDGE('',*,*,#3465,.F.);
#3465 = EDGE_CURVE('',#3395,#3466,#3468,.T.);
#3466 = VERTEX_POINT('',#3467);
#3467 = CARTESIAN_POINT('',(-1.43,1.43,-3.));
#3468 = LINE('',#3469,#3470);
#3469 = CARTESIAN_POINT('',(-1.43,1.43,-3.));
#3470 = VECTOR('',#3471,1.);
#3471 = DIRECTION('',(0.57735026919,-0.57735026919,-0.57735026919));
#3472 = ORIENTED_EDGE('',*,*,#3420,.T.);
#3473 = ORIENTED_EDGE('',*,*,#3474,.T.);
#3474 = EDGE_CURVE('',#3413,#3475,#3477,.T.);
#3475 = VERTEX_POINT('',#3476);
#3476 = CARTESIAN_POINT('',(-1.43,1.11,-3.));
#3477 = LINE('',#3478,#3479);
#3478 = CARTESIAN_POINT('',(-1.43,1.11,-3.));
#3479 = VECTOR('',#3480,1.);
#3480 = DIRECTION('',(0.57735026919,0.57735026919,-0.57735026919));
#3481 = ORIENTED_EDGE('',*,*,#3482,.F.);
#3482 = EDGE_CURVE('',#3466,#3475,#3483,.T.);
#3483 = LINE('',#3484,#3485);
#3484 = CARTESIAN_POINT('',(-1.43,1.59,-3.));
#3485 = VECTOR('',#3486,1.);
#3486 = DIRECTION('',(0.,-1.,0.));
#3487 = PLANE('',#3488);
#3488 = AXIS2_PLACEMENT_3D('',#3489,#3490,#3491);
#3489 = CARTESIAN_POINT('',(-1.51,1.59,-2.92));
#3490 = DIRECTION('',(-0.707106781187,0.,-0.707106781187));
#3491 = DIRECTION('',(0.,1.,0.));
#3492 = ADVANCED_FACE('',(#3493),#3518,.F.);
#3493 = FACE_BOUND('',#3494,.T.);
#3494 = EDGE_LOOP('',(#3495,#3503,#3504,#3512));
#3495 = ORIENTED_EDGE('',*,*,#3496,.F.);
#3496 = EDGE_CURVE('',#3397,#3497,#3499,.T.);
#3497 = VERTEX_POINT('',#3498);
#3498 = CARTESIAN_POINT('',(-1.43,1.43,8.54));
#3499 = LINE('',#3500,#3501);
#3500 = CARTESIAN_POINT('',(-1.43,1.43,8.54));
#3501 = VECTOR('',#3502,1.);
#3502 = DIRECTION('',(0.57735026919,-0.57735026919,0.57735026919));
#3503 = ORIENTED_EDGE('',*,*,#3404,.T.);
#3504 = ORIENTED_EDGE('',*,*,#3505,.T.);
#3505 = EDGE_CURVE('',#3405,#3506,#3508,.T.);
#3506 = VERTEX_POINT('',#3507);
#3507 = CARTESIAN_POINT('',(-1.43,1.11,8.54));
#3508 = LINE('',#3509,#3510);
#3509 = CARTESIAN_POINT('',(-1.43,1.11,8.54));
#3510 = VECTOR('',#3511,1.);
#3511 = DIRECTION('',(0.57735026919,0.57735026919,0.57735026919));
#3512 = ORIENTED_EDGE('',*,*,#3513,.F.);
#3513 = EDGE_CURVE('',#3497,#3506,#3514,.T.);
#3514 = LINE('',#3515,#3516);
#3515 = CARTESIAN_POINT('',(-1.43,1.59,8.54));
#3516 = VECTOR('',#3517,1.);
#3517 = DIRECTION('',(0.,-1.,0.));
#3518 = PLANE('',#3519);
#3519 = AXIS2_PLACEMENT_3D('',#3520,#3521,#3522);
#3520 = CARTESIAN_POINT('',(-1.51,1.59,8.46));
#3521 = DIRECTION('',(0.707106781187,0.,-0.707106781187));
#3522 = DIRECTION('',(0.,1.,0.));
#3523 = ADVANCED_FACE('',(#3524),#3549,.F.);
#3524 = FACE_BOUND('',#3525,.F.);
#3525 = EDGE_LOOP('',(#3526,#3527,#3535,#3543));
#3526 = ORIENTED_EDGE('',*,*,#3412,.T.);
#3527 = ORIENTED_EDGE('',*,*,#3528,.T.);
#3528 = EDGE_CURVE('',#3405,#3529,#3531,.T.);
#3529 = VERTEX_POINT('',#3530);
#3530 = CARTESIAN_POINT('',(-0.95,0.95,8.38));
#3531 = LINE('',#3532,#3533);
#3532 = CARTESIAN_POINT('',(-1.59,0.95,8.38));
#3533 = VECTOR('',#3534,1.);
#3534 = DIRECTION('',(1.,0.,0.));
#3535 = ORIENTED_EDGE('',*,*,#3536,.F.);
#3536 = EDGE_CURVE('',#3537,#3529,#3539,.T.);
#3537 = VERTEX_POINT('',#3538);
#3538 = CARTESIAN_POINT('',(-0.95,0.95,-2.84));
#3539 = LINE('',#3540,#3541);
#3540 = CARTESIAN_POINT('',(-0.95,0.95,-3.));
#3541 = VECTOR('',#3542,1.);
#3542 = DIRECTION('',(0.,0.,1.));
#3543 = ORIENTED_EDGE('',*,*,#3544,.F.);
#3544 = EDGE_CURVE('',#3413,#3537,#3545,.T.);
#3545 = LINE('',#3546,#3547);
#3546 = CARTESIAN_POINT('',(-1.59,0.95,-2.84));
#3547 = VECTOR('',#3548,1.);
#3548 = DIRECTION('',(1.,0.,0.));
#3549 = PLANE('',#3550);
#3550 = AXIS2_PLACEMENT_3D('',#3551,#3552,#3553);
#3551 = CARTESIAN_POINT('',(-1.59,0.95,-3.));
#3552 = DIRECTION('',(0.,1.,0.));
#3553 = DIRECTION('',(1.,0.,0.));
#3554 = ADVANCED_FACE('',(#3555),#3571,.F.);
#3555 = FACE_BOUND('',#3556,.F.);
#3556 = EDGE_LOOP('',(#3557,#3558,#3564,#3565));
#3557 = ORIENTED_EDGE('',*,*,#3536,.T.);
#3558 = ORIENTED_EDGE('',*,*,#3559,.T.);
#3559 = EDGE_CURVE('',#3529,#3437,#3560,.T.);
#3560 = LINE('',#3561,#3562);
#3561 = CARTESIAN_POINT('',(-0.95,0.95,8.38));
#3562 = VECTOR('',#3563,1.);
#3563 = DIRECTION('',(0.,1.,0.));
#3564 = ORIENTED_EDGE('',*,*,#3434,.F.);
#3565 = ORIENTED_EDGE('',*,*,#3566,.F.);
#3566 = EDGE_CURVE('',#3537,#3435,#3567,.T.);
#3567 = LINE('',#3568,#3569);
#3568 = CARTESIAN_POINT('',(-0.95,0.95,-2.84));
#3569 = VECTOR('',#3570,1.);
#3570 = DIRECTION('',(0.,1.,0.));
#3571 = PLANE('',#3572);
#3572 = AXIS2_PLACEMENT_3D('',#3573,#3574,#3575);
#3573 = CARTESIAN_POINT('',(-0.95,0.95,-3.));
#3574 = DIRECTION('',(-1.,0.,0.));
#3575 = DIRECTION('',(0.,1.,0.));
#3576 = ADVANCED_FACE('',(#3577),#3595,.T.);
#3577 = FACE_BOUND('',#3578,.F.);
#3578 = EDGE_LOOP('',(#3579,#3587,#3588,#3589));
#3579 = ORIENTED_EDGE('',*,*,#3580,.F.);
#3580 = EDGE_CURVE('',#3435,#3581,#3583,.T.);
#3581 = VERTEX_POINT('',#3582);
#3582 = CARTESIAN_POINT('',(-1.11,1.43,-3.));
#3583 = LINE('',#3584,#3585);
#3584 = CARTESIAN_POINT('',(-1.11,1.43,-3.));
#3585 = VECTOR('',#3586,1.);
#3586 = DIRECTION('',(-0.57735026919,-0.57735026919,-0.57735026919));
#3587 = ORIENTED_EDGE('',*,*,#3451,.T.);
#3588 = ORIENTED_EDGE('',*,*,#3465,.T.);
#3589 = ORIENTED_EDGE('',*,*,#3590,.F.);
#3590 = EDGE_CURVE('',#3581,#3466,#3591,.T.);
#3591 = LINE('',#3592,#3593);
#3592 = CARTESIAN_POINT('',(-0.95,1.43,-3.));
#3593 = VECTOR('',#3594,1.);
#3594 = DIRECTION('',(-1.,0.,0.));
#3595 = PLANE('',#3596);
#3596 = AXIS2_PLACEMENT_3D('',#3597,#3598,#3599);
#3597 = CARTESIAN_POINT('',(-0.95,1.51,-2.92));
#3598 = DIRECTION('',(0.,0.707106781187,-0.707106781187));
#3599 = DIRECTION('',(1.,0.,0.));
#3600 = ADVANCED_FACE('',(#3601),#3619,.F.);
#3601 = FACE_BOUND('',#3602,.T.);
#3602 = EDGE_LOOP('',(#3603,#3611,#3612,#3613));
#3603 = ORIENTED_EDGE('',*,*,#3604,.F.);
#3604 = EDGE_CURVE('',#3437,#3605,#3607,.T.);
#3605 = VERTEX_POINT('',#3606);
#3606 = CARTESIAN_POINT('',(-1.11,1.43,8.54));
#3607 = LINE('',#3608,#3609);
#3608 = CARTESIAN_POINT('',(-1.11,1.43,8.54));
#3609 = VECTOR('',#3610,1.);
#3610 = DIRECTION('',(-0.57735026919,-0.57735026919,0.57735026919));
#3611 = ORIENTED_EDGE('',*,*,#3444,.T.);
#3612 = ORIENTED_EDGE('',*,*,#3496,.T.);
#3613 = ORIENTED_EDGE('',*,*,#3614,.F.);
#3614 = EDGE_CURVE('',#3605,#3497,#3615,.T.);
#3615 = LINE('',#3616,#3617);
#3616 = CARTESIAN_POINT('',(-0.95,1.43,8.54));
#3617 = VECTOR('',#3618,1.);
#3618 = DIRECTION('',(-1.,0.,0.));
#3619 = PLANE('',#3620);
#3620 = AXIS2_PLACEMENT_3D('',#3621,#3622,#3623);
#3621 = CARTESIAN_POINT('',(-0.95,1.51,8.46));
#3622 = DIRECTION('',(0.,-0.707106781187,-0.707106781187));
#3623 = DIRECTION('',(1.,0.,0.));
#3624 = ADVANCED_FACE('',(#3625),#3643,.F.);
#3625 = FACE_BOUND('',#3626,.F.);
#3626 = EDGE_LOOP('',(#3627,#3628,#3636,#3642));
#3627 = ORIENTED_EDGE('',*,*,#3482,.T.);
#3628 = ORIENTED_EDGE('',*,*,#3629,.T.);
#3629 = EDGE_CURVE('',#3475,#3630,#3632,.T.);
#3630 = VERTEX_POINT('',#3631);
#3631 = CARTESIAN_POINT('',(-1.11,1.11,-3.));
#3632 = LINE('',#3633,#3634);
#3633 = CARTESIAN_POINT('',(-1.59,1.11,-3.));
#3634 = VECTOR('',#3635,1.);
#3635 = DIRECTION('',(1.,0.,0.));
#3636 = ORIENTED_EDGE('',*,*,#3637,.T.);
#3637 = EDGE_CURVE('',#3630,#3581,#3638,.T.);
#3638 = LINE('',#3639,#3640);
#3639 = CARTESIAN_POINT('',(-1.11,0.95,-3.));
#3640 = VECTOR('',#3641,1.);
#3641 = DIRECTION('',(0.,1.,0.));
#3642 = ORIENTED_EDGE('',*,*,#3590,.T.);
#3643 = PLANE('',#3644);
#3644 = AXIS2_PLACEMENT_3D('',#3645,#3646,#3647);
#3645 = CARTESIAN_POINT('',(-1.27,1.27,-3.));
#3646 = DIRECTION('',(0.,0.,1.));
#3647 = DIRECTION('',(1.,0.,0.));
#3648 = ADVANCED_FACE('',(#3649),#3660,.T.);
#3649 = FACE_BOUND('',#3650,.F.);
#3650 = EDGE_LOOP('',(#3651,#3652,#3653,#3659));
#3651 = ORIENTED_EDGE('',*,*,#3474,.F.);
#3652 = ORIENTED_EDGE('',*,*,#3544,.T.);
#3653 = ORIENTED_EDGE('',*,*,#3654,.T.);
#3654 = EDGE_CURVE('',#3537,#3630,#3655,.T.);
#3655 = LINE('',#3656,#3657);
#3656 = CARTESIAN_POINT('',(-1.11,1.11,-3.));
#3657 = VECTOR('',#3658,1.);
#3658 = DIRECTION('',(-0.57735026919,0.57735026919,-0.57735026919));
#3659 = ORIENTED_EDGE('',*,*,#3629,.F.);
#3660 = PLANE('',#3661);
#3661 = AXIS2_PLACEMENT_3D('',#3662,#3663,#3664);
#3662 = CARTESIAN_POINT('',(-1.59,1.03,-2.92));
#3663 = DIRECTION('',(0.,-0.707106781187,-0.707106781187));
#3664 = DIRECTION('',(-1.,-0.,-0.));
#3665 = ADVANCED_FACE('',(#3666),#3684,.T.);
#3666 = FACE_BOUND('',#3667,.T.);
#3667 = EDGE_LOOP('',(#3668,#3669,#3677,#3683));
#3668 = ORIENTED_EDGE('',*,*,#3513,.T.);
#3669 = ORIENTED_EDGE('',*,*,#3670,.T.);
#3670 = EDGE_CURVE('',#3506,#3671,#3673,.T.);
#3671 = VERTEX_POINT('',#3672);
#3672 = CARTESIAN_POINT('',(-1.11,1.11,8.54));
#3673 = LINE('',#3674,#3675);
#3674 = CARTESIAN_POINT('',(-1.59,1.11,8.54));
#3675 = VECTOR('',#3676,1.);
#3676 = DIRECTION('',(1.,0.,0.));
#3677 = ORIENTED_EDGE('',*,*,#3678,.T.);
#3678 = EDGE_CURVE('',#3671,#3605,#3679,.T.);
#3679 = LINE('',#3680,#3681);
#3680 = CARTESIAN_POINT('',(-1.11,0.95,8.54));
#3681 = VECTOR('',#3682,1.);
#3682 = DIRECTION('',(0.,1.,0.));
#3683 = ORIENTED_EDGE('',*,*,#3614,.T.);
#3684 = PLANE('',#3685);
#3685 = AXIS2_PLACEMENT_3D('',#3686,#3687,#3688);
#3686 = CARTESIAN_POINT('',(-1.27,1.27,8.54));
#3687 = DIRECTION('',(0.,0.,1.));
#3688 = DIRECTION('',(1.,0.,0.));
#3689 = ADVANCED_FACE('',(#3690),#3701,.F.);
#3690 = FACE_BOUND('',#3691,.T.);
#3691 = EDGE_LOOP('',(#3692,#3693,#3694,#3700));
#3692 = ORIENTED_EDGE('',*,*,#3505,.F.);
#3693 = ORIENTED_EDGE('',*,*,#3528,.T.);
#3694 = ORIENTED_EDGE('',*,*,#3695,.T.);
#3695 = EDGE_CURVE('',#3529,#3671,#3696,.T.);
#3696 = LINE('',#3697,#3698);
#3697 = CARTESIAN_POINT('',(-1.11,1.11,8.54));
#3698 = VECTOR('',#3699,1.);
#3699 = DIRECTION('',(-0.57735026919,0.57735026919,0.57735026919));
#3700 = ORIENTED_EDGE('',*,*,#3670,.F.);
#3701 = PLANE('',#3702);
#3702 = AXIS2_PLACEMENT_3D('',#3703,#3704,#3705);
#3703 = CARTESIAN_POINT('',(-1.59,1.03,8.46));
#3704 = DIRECTION('',(0.,0.707106781187,-0.707106781187));
#3705 = DIRECTION('',(-1.,-0.,-0.));
#3706 = ADVANCED_FACE('',(#3707),#3713,.T.);
#3707 = FACE_BOUND('',#3708,.F.);
#3708 = EDGE_LOOP('',(#3709,#3710,#3711,#3712));
#3709 = ORIENTED_EDGE('',*,*,#3654,.F.);
#3710 = ORIENTED_EDGE('',*,*,#3566,.T.);
#3711 = ORIENTED_EDGE('',*,*,#3580,.T.);
#3712 = ORIENTED_EDGE('',*,*,#3637,.F.);
#3713 = PLANE('',#3714);
#3714 = AXIS2_PLACEMENT_3D('',#3715,#3716,#3717);
#3715 = CARTESIAN_POINT('',(-1.03,0.95,-2.92));
#3716 = DIRECTION('',(0.707106781187,0.,-0.707106781187));
#3717 = DIRECTION('',(-0.,-1.,-0.));
#3718 = ADVANCED_FACE('',(#3719),#3725,.F.);
#3719 = FACE_BOUND('',#3720,.T.);
#3720 = EDGE_LOOP('',(#3721,#3722,#3723,#3724));
#3721 = ORIENTED_EDGE('',*,*,#3695,.F.);
#3722 = ORIENTED_EDGE('',*,*,#3559,.T.);
#3723 = ORIENTED_EDGE('',*,*,#3604,.T.);
#3724 = ORIENTED_EDGE('',*,*,#3678,.F.);
#3725 = PLANE('',#3726);
#3726 = AXIS2_PLACEMENT_3D('',#3727,#3728,#3729);
#3727 = CARTESIAN_POINT('',(-1.03,0.95,8.46));
#3728 = DIRECTION('',(-0.707106781187,0.,-0.707106781187));
#3729 = DIRECTION('',(-0.,-1.,-0.));
#3730 = MANIFOLD_SOLID_BREP('',#3731);
#3731 = CLOSED_SHELL('',(#3732,#3772,#3803,#3834,#3865,#3896,#3918,#3942
    ,#3966,#3990,#4007,#4031,#4048,#4060));
#3732 = ADVANCED_FACE('',(#3733),#3767,.F.);
#3733 = FACE_BOUND('',#3734,.F.);
#3734 = EDGE_LOOP('',(#3735,#3745,#3753,#3761));
#3735 = ORIENTED_EDGE('',*,*,#3736,.T.);
#3736 = EDGE_CURVE('',#3737,#3739,#3741,.T.);
#3737 = VERTEX_POINT('',#3738);
#3738 = CARTESIAN_POINT('',(-1.59,4.13,-2.84));
#3739 = VERTEX_POINT('',#3740);
#3740 = CARTESIAN_POINT('',(-1.59,4.13,8.38));
#3741 = LINE('',#3742,#3743);
#3742 = CARTESIAN_POINT('',(-1.59,4.13,-3.));
#3743 = VECTOR('',#3744,1.);
#3744 = DIRECTION('',(0.,0.,1.));
#3745 = ORIENTED_EDGE('',*,*,#3746,.T.);
#3746 = EDGE_CURVE('',#3739,#3747,#3749,.T.);
#3747 = VERTEX_POINT('',#3748);
#3748 = CARTESIAN_POINT('',(-1.59,3.49,8.38));
#3749 = LINE('',#3750,#3751);
#3750 = CARTESIAN_POINT('',(-1.59,4.13,8.38));
#3751 = VECTOR('',#3752,1.);
#3752 = DIRECTION('',(0.,-1.,0.));
#3753 = ORIENTED_EDGE('',*,*,#3754,.F.);
#3754 = EDGE_CURVE('',#3755,#3747,#3757,.T.);
#3755 = VERTEX_POINT('',#3756);
#3756 = CARTESIAN_POINT('',(-1.59,3.49,-2.84));
#3757 = LINE('',#3758,#3759);
#3758 = CARTESIAN_POINT('',(-1.59,3.49,-3.));
#3759 = VECTOR('',#3760,1.);
#3760 = DIRECTION('',(0.,0.,1.));
#3761 = ORIENTED_EDGE('',*,*,#3762,.F.);
#3762 = EDGE_CURVE('',#3737,#3755,#3763,.T.);
#3763 = LINE('',#3764,#3765);
#3764 = CARTESIAN_POINT('',(-1.59,4.13,-2.84));
#3765 = VECTOR('',#3766,1.);
#3766 = DIRECTION('',(0.,-1.,0.));
#3767 = PLANE('',#3768);
#3768 = AXIS2_PLACEMENT_3D('',#3769,#3770,#3771);
#3769 = CARTESIAN_POINT('',(-1.59,4.13,-3.));
#3770 = DIRECTION('',(1.,0.,0.));
#3771 = DIRECTION('',(0.,-1.,0.));
#3772 = ADVANCED_FACE('',(#3773),#3798,.F.);
#3773 = FACE_BOUND('',#3774,.F.);
#3774 = EDGE_LOOP('',(#3775,#3785,#3791,#3792));
#3775 = ORIENTED_EDGE('',*,*,#3776,.T.);
#3776 = EDGE_CURVE('',#3777,#3779,#3781,.T.);
#3777 = VERTEX_POINT('',#3778);
#3778 = CARTESIAN_POINT('',(-0.95,4.13,-2.84));
#3779 = VERTEX_POINT('',#3780);
#3780 = CARTESIAN_POINT('',(-0.95,4.13,8.38));
#3781 = LINE('',#3782,#3783);
#3782 = CARTESIAN_POINT('',(-0.95,4.13,-3.));
#3783 = VECTOR('',#3784,1.);
#3784 = DIRECTION('',(0.,0.,1.));
#3785 = ORIENTED_EDGE('',*,*,#3786,.T.);
#3786 = EDGE_CURVE('',#3779,#3739,#3787,.T.);
#3787 = LINE('',#3788,#3789);
#3788 = CARTESIAN_POINT('',(-0.95,4.13,8.38));
#3789 = VECTOR('',#3790,1.);
#3790 = DIRECTION('',(-1.,0.,0.));
#3791 = ORIENTED_EDGE('',*,*,#3736,.F.);
#3792 = ORIENTED_EDGE('',*,*,#3793,.F.);
#3793 = EDGE_CURVE('',#3777,#3737,#3794,.T.);
#3794 = LINE('',#3795,#3796);
#3795 = CARTESIAN_POINT('',(-0.95,4.13,-2.84));
#3796 = VECTOR('',#3797,1.);
#3797 = DIRECTION('',(-1.,0.,0.));
#3798 = PLANE('',#3799);
#3799 = AXIS2_PLACEMENT_3D('',#3800,#3801,#3802);
#3800 = CARTESIAN_POINT('',(-0.95,4.13,-3.));
#3801 = DIRECTION('',(0.,-1.,0.));
#3802 = DIRECTION('',(-1.,0.,0.));
#3803 = ADVANCED_FACE('',(#3804),#3829,.T.);
#3804 = FACE_BOUND('',#3805,.F.);
#3805 = EDGE_LOOP('',(#3806,#3814,#3815,#3823));
#3806 = ORIENTED_EDGE('',*,*,#3807,.F.);
#3807 = EDGE_CURVE('',#3737,#3808,#3810,.T.);
#3808 = VERTEX_POINT('',#3809);
#3809 = CARTESIAN_POINT('',(-1.43,3.97,-3.));
#3810 = LINE('',#3811,#3812);
#3811 = CARTESIAN_POINT('',(-1.43,3.97,-3.));
#3812 = VECTOR('',#3813,1.);
#3813 = DIRECTION('',(0.57735026919,-0.57735026919,-0.57735026919));
#3814 = ORIENTED_EDGE('',*,*,#3762,.T.);
#3815 = ORIENTED_EDGE('',*,*,#3816,.T.);
#3816 = EDGE_CURVE('',#3755,#3817,#3819,.T.);
#3817 = VERTEX_POINT('',#3818);
#3818 = CARTESIAN_POINT('',(-1.43,3.65,-3.));
#3819 = LINE('',#3820,#3821);
#3820 = CARTESIAN_POINT('',(-1.43,3.65,-3.));
#3821 = VECTOR('',#3822,1.);
#3822 = DIRECTION('',(0.57735026919,0.57735026919,-0.57735026919));
#3823 = ORIENTED_EDGE('',*,*,#3824,.F.);
#3824 = EDGE_CURVE('',#3808,#3817,#3825,.T.);
#3825 = LINE('',#3826,#3827);
#3826 = CARTESIAN_POINT('',(-1.43,4.13,-3.));
#3827 = VECTOR('',#3828,1.);
#3828 = DIRECTION('',(0.,-1.,0.));
#3829 = PLANE('',#3830);
#3830 = AXIS2_PLACEMENT_3D('',#3831,#3832,#3833);
#3831 = CARTESIAN_POINT('',(-1.51,4.13,-2.92));
#3832 = DIRECTION('',(-0.707106781187,0.,-0.707106781187));
#3833 = DIRECTION('',(0.,1.,0.));
#3834 = ADVANCED_FACE('',(#3835),#3860,.F.);
#3835 = FACE_BOUND('',#3836,.T.);
#3836 = EDGE_LOOP('',(#3837,#3845,#3846,#3854));
#3837 = ORIENTED_EDGE('',*,*,#3838,.F.);
#3838 = EDGE_CURVE('',#3739,#3839,#3841,.T.);
#3839 = VERTEX_POINT('',#3840);
#3840 = CARTESIAN_POINT('',(-1.43,3.97,8.54));
#3841 = LINE('',#3842,#3843);
#3842 = CARTESIAN_POINT('',(-1.43,3.97,8.54));
#3843 = VECTOR('',#3844,1.);
#3844 = DIRECTION('',(0.57735026919,-0.57735026919,0.57735026919));
#3845 = ORIENTED_EDGE('',*,*,#3746,.T.);
#3846 = ORIENTED_EDGE('',*,*,#3847,.T.);
#3847 = EDGE_CURVE('',#3747,#3848,#3850,.T.);
#3848 = VERTEX_POINT('',#3849);
#3849 = CARTESIAN_POINT('',(-1.43,3.65,8.54));
#3850 = LINE('',#3851,#3852);
#3851 = CARTESIAN_POINT('',(-1.43,3.65,8.54));
#3852 = VECTOR('',#3853,1.);
#3853 = DIRECTION('',(0.57735026919,0.57735026919,0.57735026919));
#3854 = ORIENTED_EDGE('',*,*,#3855,.F.);
#3855 = EDGE_CURVE('',#3839,#3848,#3856,.T.);
#3856 = LINE('',#3857,#3858);
#3857 = CARTESIAN_POINT('',(-1.43,4.13,8.54));
#3858 = VECTOR('',#3859,1.);
#3859 = DIRECTION('',(0.,-1.,0.));
#3860 = PLANE('',#3861);
#3861 = AXIS2_PLACEMENT_3D('',#3862,#3863,#3864);
#3862 = CARTESIAN_POINT('',(-1.51,4.13,8.46));
#3863 = DIRECTION('',(0.707106781187,0.,-0.707106781187));
#3864 = DIRECTION('',(0.,1.,0.));
#3865 = ADVANCED_FACE('',(#3866),#3891,.F.);
#3866 = FACE_BOUND('',#3867,.F.);
#3867 = EDGE_LOOP('',(#3868,#3869,#3877,#3885));
#3868 = ORIENTED_EDGE('',*,*,#3754,.T.);
#3869 = ORIENTED_EDGE('',*,*,#3870,.T.);
#3870 = EDGE_CURVE('',#3747,#3871,#3873,.T.);
#3871 = VERTEX_POINT('',#3872);
#3872 = CARTESIAN_POINT('',(-0.95,3.49,8.38));
#3873 = LINE('',#3874,#3875);
#3874 = CARTESIAN_POINT('',(-1.59,3.49,8.38));
#3875 = VECTOR('',#3876,1.);
#3876 = DIRECTION('',(1.,0.,0.));
#3877 = ORIENTED_EDGE('',*,*,#3878,.F.);
#3878 = EDGE_CURVE('',#3879,#3871,#3881,.T.);
#3879 = VERTEX_POINT('',#3880);
#3880 = CARTESIAN_POINT('',(-0.95,3.49,-2.84));
#3881 = LINE('',#3882,#3883);
#3882 = CARTESIAN_POINT('',(-0.95,3.49,-3.));
#3883 = VECTOR('',#3884,1.);
#3884 = DIRECTION('',(0.,0.,1.));
#3885 = ORIENTED_EDGE('',*,*,#3886,.F.);
#3886 = EDGE_CURVE('',#3755,#3879,#3887,.T.);
#3887 = LINE('',#3888,#3889);
#3888 = CARTESIAN_POINT('',(-1.59,3.49,-2.84));
#3889 = VECTOR('',#3890,1.);
#3890 = DIRECTION('',(1.,0.,0.));
#3891 = PLANE('',#3892);
#3892 = AXIS2_PLACEMENT_3D('',#3893,#3894,#3895);
#3893 = CARTESIAN_POINT('',(-1.59,3.49,-3.));
#3894 = DIRECTION('',(0.,1.,0.));
#3895 = DIRECTION('',(1.,0.,0.));
#3896 = ADVANCED_FACE('',(#3897),#3913,.F.);
#3897 = FACE_BOUND('',#3898,.F.);
#3898 = EDGE_LOOP('',(#3899,#3900,#3906,#3907));
#3899 = ORIENTED_EDGE('',*,*,#3878,.T.);
#3900 = ORIENTED_EDGE('',*,*,#3901,.T.);
#3901 = EDGE_CURVE('',#3871,#3779,#3902,.T.);
#3902 = LINE('',#3903,#3904);
#3903 = CARTESIAN_POINT('',(-0.95,3.49,8.38));
#3904 = VECTOR('',#3905,1.);
#3905 = DIRECTION('',(0.,1.,0.));
#3906 = ORIENTED_EDGE('',*,*,#3776,.F.);
#3907 = ORIENTED_EDGE('',*,*,#3908,.F.);
#3908 = EDGE_CURVE('',#3879,#3777,#3909,.T.);
#3909 = LINE('',#3910,#3911);
#3910 = CARTESIAN_POINT('',(-0.95,3.49,-2.84));
#3911 = VECTOR('',#3912,1.);
#3912 = DIRECTION('',(0.,1.,0.));
#3913 = PLANE('',#3914);
#3914 = AXIS2_PLACEMENT_3D('',#3915,#3916,#3917);
#3915 = CARTESIAN_POINT('',(-0.95,3.49,-3.));
#3916 = DIRECTION('',(-1.,0.,0.));
#3917 = DIRECTION('',(0.,1.,0.));
#3918 = ADVANCED_FACE('',(#3919),#3937,.T.);
#3919 = FACE_BOUND('',#3920,.F.);
#3920 = EDGE_LOOP('',(#3921,#3929,#3930,#3931));
#3921 = ORIENTED_EDGE('',*,*,#3922,.F.);
#3922 = EDGE_CURVE('',#3777,#3923,#3925,.T.);
#3923 = VERTEX_POINT('',#3924);
#3924 = CARTESIAN_POINT('',(-1.11,3.97,-3.));
#3925 = LINE('',#3926,#3927);
#3926 = CARTESIAN_POINT('',(-1.11,3.97,-3.));
#3927 = VECTOR('',#3928,1.);
#3928 = DIRECTION('',(-0.57735026919,-0.57735026919,-0.57735026919));
#3929 = ORIENTED_EDGE('',*,*,#3793,.T.);
#3930 = ORIENTED_EDGE('',*,*,#3807,.T.);
#3931 = ORIENTED_EDGE('',*,*,#3932,.F.);
#3932 = EDGE_CURVE('',#3923,#3808,#3933,.T.);
#3933 = LINE('',#3934,#3935);
#3934 = CARTESIAN_POINT('',(-0.95,3.97,-3.));
#3935 = VECTOR('',#3936,1.);
#3936 = DIRECTION('',(-1.,0.,0.));
#3937 = PLANE('',#3938);
#3938 = AXIS2_PLACEMENT_3D('',#3939,#3940,#3941);
#3939 = CARTESIAN_POINT('',(-0.95,4.05,-2.92));
#3940 = DIRECTION('',(0.,0.707106781187,-0.707106781187));
#3941 = DIRECTION('',(1.,0.,0.));
#3942 = ADVANCED_FACE('',(#3943),#3961,.F.);
#3943 = FACE_BOUND('',#3944,.T.);
#3944 = EDGE_LOOP('',(#3945,#3953,#3954,#3955));
#3945 = ORIENTED_EDGE('',*,*,#3946,.F.);
#3946 = EDGE_CURVE('',#3779,#3947,#3949,.T.);
#3947 = VERTEX_POINT('',#3948);
#3948 = CARTESIAN_POINT('',(-1.11,3.97,8.54));
#3949 = LINE('',#3950,#3951);
#3950 = CARTESIAN_POINT('',(-1.11,3.97,8.54));
#3951 = VECTOR('',#3952,1.);
#3952 = DIRECTION('',(-0.57735026919,-0.57735026919,0.57735026919));
#3953 = ORIENTED_EDGE('',*,*,#3786,.T.);
#3954 = ORIENTED_EDGE('',*,*,#3838,.T.);
#3955 = ORIENTED_EDGE('',*,*,#3956,.F.);
#3956 = EDGE_CURVE('',#3947,#3839,#3957,.T.);
#3957 = LINE('',#3958,#3959);
#3958 = CARTESIAN_POINT('',(-0.95,3.97,8.54));
#3959 = VECTOR('',#3960,1.);
#3960 = DIRECTION('',(-1.,0.,0.));
#3961 = PLANE('',#3962);
#3962 = AXIS2_PLACEMENT_3D('',#3963,#3964,#3965);
#3963 = CARTESIAN_POINT('',(-0.95,4.05,8.46));
#3964 = DIRECTION('',(0.,-0.707106781187,-0.707106781187));
#3965 = DIRECTION('',(1.,0.,0.));
#3966 = ADVANCED_FACE('',(#3967),#3985,.F.);
#3967 = FACE_BOUND('',#3968,.F.);
#3968 = EDGE_LOOP('',(#3969,#3970,#3978,#3984));
#3969 = ORIENTED_EDGE('',*,*,#3824,.T.);
#3970 = ORIENTED_EDGE('',*,*,#3971,.T.);
#3971 = EDGE_CURVE('',#3817,#3972,#3974,.T.);
#3972 = VERTEX_POINT('',#3973);
#3973 = CARTESIAN_POINT('',(-1.11,3.65,-3.));
#3974 = LINE('',#3975,#3976);
#3975 = CARTESIAN_POINT('',(-1.59,3.65,-3.));
#3976 = VECTOR('',#3977,1.);
#3977 = DIRECTION('',(1.,0.,0.));
#3978 = ORIENTED_EDGE('',*,*,#3979,.T.);
#3979 = EDGE_CURVE('',#3972,#3923,#3980,.T.);
#3980 = LINE('',#3981,#3982);
#3981 = CARTESIAN_POINT('',(-1.11,3.49,-3.));
#3982 = VECTOR('',#3983,1.);
#3983 = DIRECTION('',(0.,1.,0.));
#3984 = ORIENTED_EDGE('',*,*,#3932,.T.);
#3985 = PLANE('',#3986);
#3986 = AXIS2_PLACEMENT_3D('',#3987,#3988,#3989);
#3987 = CARTESIAN_POINT('',(-1.27,3.81,-3.));
#3988 = DIRECTION('',(0.,0.,1.));
#3989 = DIRECTION('',(1.,0.,0.));
#3990 = ADVANCED_FACE('',(#3991),#4002,.T.);
#3991 = FACE_BOUND('',#3992,.F.);
#3992 = EDGE_LOOP('',(#3993,#3994,#3995,#4001));
#3993 = ORIENTED_EDGE('',*,*,#3816,.F.);
#3994 = ORIENTED_EDGE('',*,*,#3886,.T.);
#3995 = ORIENTED_EDGE('',*,*,#3996,.T.);
#3996 = EDGE_CURVE('',#3879,#3972,#3997,.T.);
#3997 = LINE('',#3998,#3999);
#3998 = CARTESIAN_POINT('',(-1.11,3.65,-3.));
#3999 = VECTOR('',#4000,1.);
#4000 = DIRECTION('',(-0.57735026919,0.57735026919,-0.57735026919));
#4001 = ORIENTED_EDGE('',*,*,#3971,.F.);
#4002 = PLANE('',#4003);
#4003 = AXIS2_PLACEMENT_3D('',#4004,#4005,#4006);
#4004 = CARTESIAN_POINT('',(-1.59,3.57,-2.92));
#4005 = DIRECTION('',(0.,-0.707106781187,-0.707106781187));
#4006 = DIRECTION('',(-1.,-0.,-0.));
#4007 = ADVANCED_FACE('',(#4008),#4026,.T.);
#4008 = FACE_BOUND('',#4009,.T.);
#4009 = EDGE_LOOP('',(#4010,#4011,#4019,#4025));
#4010 = ORIENTED_EDGE('',*,*,#3855,.T.);
#4011 = ORIENTED_EDGE('',*,*,#4012,.T.);
#4012 = EDGE_CURVE('',#3848,#4013,#4015,.T.);
#4013 = VERTEX_POINT('',#4014);
#4014 = CARTESIAN_POINT('',(-1.11,3.65,8.54));
#4015 = LINE('',#4016,#4017);
#4016 = CARTESIAN_POINT('',(-1.59,3.65,8.54));
#4017 = VECTOR('',#4018,1.);
#4018 = DIRECTION('',(1.,0.,0.));
#4019 = ORIENTED_EDGE('',*,*,#4020,.T.);
#4020 = EDGE_CURVE('',#4013,#3947,#4021,.T.);
#4021 = LINE('',#4022,#4023);
#4022 = CARTESIAN_POINT('',(-1.11,3.49,8.54));
#4023 = VECTOR('',#4024,1.);
#4024 = DIRECTION('',(0.,1.,0.));
#4025 = ORIENTED_EDGE('',*,*,#3956,.T.);
#4026 = PLANE('',#4027);
#4027 = AXIS2_PLACEMENT_3D('',#4028,#4029,#4030);
#4028 = CARTESIAN_POINT('',(-1.27,3.81,8.54));
#4029 = DIRECTION('',(0.,0.,1.));
#4030 = DIRECTION('',(1.,0.,0.));
#4031 = ADVANCED_FACE('',(#4032),#4043,.F.);
#4032 = FACE_BOUND('',#4033,.T.);
#4033 = EDGE_LOOP('',(#4034,#4035,#4036,#4042));
#4034 = ORIENTED_EDGE('',*,*,#3847,.F.);
#4035 = ORIENTED_EDGE('',*,*,#3870,.T.);
#4036 = ORIENTED_EDGE('',*,*,#4037,.T.);
#4037 = EDGE_CURVE('',#3871,#4013,#4038,.T.);
#4038 = LINE('',#4039,#4040);
#4039 = CARTESIAN_POINT('',(-1.11,3.65,8.54));
#4040 = VECTOR('',#4041,1.);
#4041 = DIRECTION('',(-0.57735026919,0.57735026919,0.57735026919));
#4042 = ORIENTED_EDGE('',*,*,#4012,.F.);
#4043 = PLANE('',#4044);
#4044 = AXIS2_PLACEMENT_3D('',#4045,#4046,#4047);
#4045 = CARTESIAN_POINT('',(-1.59,3.57,8.46));
#4046 = DIRECTION('',(0.,0.707106781187,-0.707106781187));
#4047 = DIRECTION('',(-1.,-0.,-0.));
#4048 = ADVANCED_FACE('',(#4049),#4055,.T.);
#4049 = FACE_BOUND('',#4050,.F.);
#4050 = EDGE_LOOP('',(#4051,#4052,#4053,#4054));
#4051 = ORIENTED_EDGE('',*,*,#3996,.F.);
#4052 = ORIENTED_EDGE('',*,*,#3908,.T.);
#4053 = ORIENTED_EDGE('',*,*,#3922,.T.);
#4054 = ORIENTED_EDGE('',*,*,#3979,.F.);
#4055 = PLANE('',#4056);
#4056 = AXIS2_PLACEMENT_3D('',#4057,#4058,#4059);
#4057 = CARTESIAN_POINT('',(-1.03,3.49,-2.92));
#4058 = DIRECTION('',(0.707106781187,0.,-0.707106781187));
#4059 = DIRECTION('',(-0.,-1.,-0.));
#4060 = ADVANCED_FACE('',(#4061),#4067,.F.);
#4061 = FACE_BOUND('',#4062,.T.);
#4062 = EDGE_LOOP('',(#4063,#4064,#4065,#4066));
#4063 = ORIENTED_EDGE('',*,*,#4037,.F.);
#4064 = ORIENTED_EDGE('',*,*,#3901,.T.);
#4065 = ORIENTED_EDGE('',*,*,#3946,.T.);
#4066 = ORIENTED_EDGE('',*,*,#4020,.F.);
#4067 = PLANE('',#4068);
#4068 = AXIS2_PLACEMENT_3D('',#4069,#4070,#4071);
#4069 = CARTESIAN_POINT('',(-1.03,3.49,8.46));
#4070 = DIRECTION('',(-0.707106781187,0.,-0.707106781187));
#4071 = DIRECTION('',(-0.,-1.,-0.));
#4072 = MANIFOLD_SOLID_BREP('',#4073);
#4073 = CLOSED_SHELL('',(#4074,#4114,#4145,#4176,#4207,#4238,#4260,#4284
    ,#4308,#4332,#4349,#4373,#4390,#4402));
#4074 = ADVANCED_FACE('',(#4075),#4109,.F.);
#4075 = FACE_BOUND('',#4076,.F.);
#4076 = EDGE_LOOP('',(#4077,#4087,#4095,#4103));
#4077 = ORIENTED_EDGE('',*,*,#4078,.T.);
#4078 = EDGE_CURVE('',#4079,#4081,#4083,.T.);
#4079 = VERTEX_POINT('',#4080);
#4080 = CARTESIAN_POINT('',(0.95,4.13,-2.84));
#4081 = VERTEX_POINT('',#4082);
#4082 = CARTESIAN_POINT('',(0.95,4.13,8.38));
#4083 = LINE('',#4084,#4085);
#4084 = CARTESIAN_POINT('',(0.95,4.13,-3.));
#4085 = VECTOR('',#4086,1.);
#4086 = DIRECTION('',(0.,0.,1.));
#4087 = ORIENTED_EDGE('',*,*,#4088,.T.);
#4088 = EDGE_CURVE('',#4081,#4089,#4091,.T.);
#4089 = VERTEX_POINT('',#4090);
#4090 = CARTESIAN_POINT('',(0.95,3.49,8.38));
#4091 = LINE('',#4092,#4093);
#4092 = CARTESIAN_POINT('',(0.95,4.13,8.38));
#4093 = VECTOR('',#4094,1.);
#4094 = DIRECTION('',(0.,-1.,0.));
#4095 = ORIENTED_EDGE('',*,*,#4096,.F.);
#4096 = EDGE_CURVE('',#4097,#4089,#4099,.T.);
#4097 = VERTEX_POINT('',#4098);
#4098 = CARTESIAN_POINT('',(0.95,3.49,-2.84));
#4099 = LINE('',#4100,#4101);
#4100 = CARTESIAN_POINT('',(0.95,3.49,-3.));
#4101 = VECTOR('',#4102,1.);
#4102 = DIRECTION('',(0.,0.,1.));
#4103 = ORIENTED_EDGE('',*,*,#4104,.F.);
#4104 = EDGE_CURVE('',#4079,#4097,#4105,.T.);
#4105 = LINE('',#4106,#4107);
#4106 = CARTESIAN_POINT('',(0.95,4.13,-2.84));
#4107 = VECTOR('',#4108,1.);
#4108 = DIRECTION('',(0.,-1.,0.));
#4109 = PLANE('',#4110);
#4110 = AXIS2_PLACEMENT_3D('',#4111,#4112,#4113);
#4111 = CARTESIAN_POINT('',(0.95,4.13,-3.));
#4112 = DIRECTION('',(1.,0.,0.));
#4113 = DIRECTION('',(0.,-1.,0.));
#4114 = ADVANCED_FACE('',(#4115),#4140,.F.);
#4115 = FACE_BOUND('',#4116,.F.);
#4116 = EDGE_LOOP('',(#4117,#4127,#4133,#4134));
#4117 = ORIENTED_EDGE('',*,*,#4118,.T.);
#4118 = EDGE_CURVE('',#4119,#4121,#4123,.T.);
#4119 = VERTEX_POINT('',#4120);
#4120 = CARTESIAN_POINT('',(1.59,4.13,-2.84));
#4121 = VERTEX_POINT('',#4122);
#4122 = CARTESIAN_POINT('',(1.59,4.13,8.38));
#4123 = LINE('',#4124,#4125);
#4124 = CARTESIAN_POINT('',(1.59,4.13,-3.));
#4125 = VECTOR('',#4126,1.);
#4126 = DIRECTION('',(0.,0.,1.));
#4127 = ORIENTED_EDGE('',*,*,#4128,.T.);
#4128 = EDGE_CURVE('',#4121,#4081,#4129,.T.);
#4129 = LINE('',#4130,#4131);
#4130 = CARTESIAN_POINT('',(1.59,4.13,8.38));
#4131 = VECTOR('',#4132,1.);
#4132 = DIRECTION('',(-1.,0.,0.));
#4133 = ORIENTED_EDGE('',*,*,#4078,.F.);
#4134 = ORIENTED_EDGE('',*,*,#4135,.F.);
#4135 = EDGE_CURVE('',#4119,#4079,#4136,.T.);
#4136 = LINE('',#4137,#4138);
#4137 = CARTESIAN_POINT('',(1.59,4.13,-2.84));
#4138 = VECTOR('',#4139,1.);
#4139 = DIRECTION('',(-1.,0.,0.));
#4140 = PLANE('',#4141);
#4141 = AXIS2_PLACEMENT_3D('',#4142,#4143,#4144);
#4142 = CARTESIAN_POINT('',(1.59,4.13,-3.));
#4143 = DIRECTION('',(0.,-1.,0.));
#4144 = DIRECTION('',(-1.,0.,0.));
#4145 = ADVANCED_FACE('',(#4146),#4171,.T.);
#4146 = FACE_BOUND('',#4147,.F.);
#4147 = EDGE_LOOP('',(#4148,#4156,#4157,#4165));
#4148 = ORIENTED_EDGE('',*,*,#4149,.F.);
#4149 = EDGE_CURVE('',#4079,#4150,#4152,.T.);
#4150 = VERTEX_POINT('',#4151);
#4151 = CARTESIAN_POINT('',(1.11,3.97,-3.));
#4152 = LINE('',#4153,#4154);
#4153 = CARTESIAN_POINT('',(1.11,3.97,-3.));
#4154 = VECTOR('',#4155,1.);
#4155 = DIRECTION('',(0.57735026919,-0.57735026919,-0.57735026919));
#4156 = ORIENTED_EDGE('',*,*,#4104,.T.);
#4157 = ORIENTED_EDGE('',*,*,#4158,.T.);
#4158 = EDGE_CURVE('',#4097,#4159,#4161,.T.);
#4159 = VERTEX_POINT('',#4160);
#4160 = CARTESIAN_POINT('',(1.11,3.65,-3.));
#4161 = LINE('',#4162,#4163);
#4162 = CARTESIAN_POINT('',(1.11,3.65,-3.));
#4163 = VECTOR('',#4164,1.);
#4164 = DIRECTION('',(0.57735026919,0.57735026919,-0.57735026919));
#4165 = ORIENTED_EDGE('',*,*,#4166,.F.);
#4166 = EDGE_CURVE('',#4150,#4159,#4167,.T.);
#4167 = LINE('',#4168,#4169);
#4168 = CARTESIAN_POINT('',(1.11,4.13,-3.));
#4169 = VECTOR('',#4170,1.);
#4170 = DIRECTION('',(0.,-1.,0.));
#4171 = PLANE('',#4172);
#4172 = AXIS2_PLACEMENT_3D('',#4173,#4174,#4175);
#4173 = CARTESIAN_POINT('',(1.03,4.13,-2.92));
#4174 = DIRECTION('',(-0.707106781187,0.,-0.707106781187));
#4175 = DIRECTION('',(0.,1.,0.));
#4176 = ADVANCED_FACE('',(#4177),#4202,.F.);
#4177 = FACE_BOUND('',#4178,.T.);
#4178 = EDGE_LOOP('',(#4179,#4187,#4188,#4196));
#4179 = ORIENTED_EDGE('',*,*,#4180,.F.);
#4180 = EDGE_CURVE('',#4081,#4181,#4183,.T.);
#4181 = VERTEX_POINT('',#4182);
#4182 = CARTESIAN_POINT('',(1.11,3.97,8.54));
#4183 = LINE('',#4184,#4185);
#4184 = CARTESIAN_POINT('',(1.11,3.97,8.54));
#4185 = VECTOR('',#4186,1.);
#4186 = DIRECTION('',(0.57735026919,-0.57735026919,0.57735026919));
#4187 = ORIENTED_EDGE('',*,*,#4088,.T.);
#4188 = ORIENTED_EDGE('',*,*,#4189,.T.);
#4189 = EDGE_CURVE('',#4089,#4190,#4192,.T.);
#4190 = VERTEX_POINT('',#4191);
#4191 = CARTESIAN_POINT('',(1.11,3.65,8.54));
#4192 = LINE('',#4193,#4194);
#4193 = CARTESIAN_POINT('',(1.11,3.65,8.54));
#4194 = VECTOR('',#4195,1.);
#4195 = DIRECTION('',(0.57735026919,0.57735026919,0.57735026919));
#4196 = ORIENTED_EDGE('',*,*,#4197,.F.);
#4197 = EDGE_CURVE('',#4181,#4190,#4198,.T.);
#4198 = LINE('',#4199,#4200);
#4199 = CARTESIAN_POINT('',(1.11,4.13,8.54));
#4200 = VECTOR('',#4201,1.);
#4201 = DIRECTION('',(0.,-1.,0.));
#4202 = PLANE('',#4203);
#4203 = AXIS2_PLACEMENT_3D('',#4204,#4205,#4206);
#4204 = CARTESIAN_POINT('',(1.03,4.13,8.46));
#4205 = DIRECTION('',(0.707106781187,0.,-0.707106781187));
#4206 = DIRECTION('',(0.,1.,0.));
#4207 = ADVANCED_FACE('',(#4208),#4233,.F.);
#4208 = FACE_BOUND('',#4209,.F.);
#4209 = EDGE_LOOP('',(#4210,#4211,#4219,#4227));
#4210 = ORIENTED_EDGE('',*,*,#4096,.T.);
#4211 = ORIENTED_EDGE('',*,*,#4212,.T.);
#4212 = EDGE_CURVE('',#4089,#4213,#4215,.T.);
#4213 = VERTEX_POINT('',#4214);
#4214 = CARTESIAN_POINT('',(1.59,3.49,8.38));
#4215 = LINE('',#4216,#4217);
#4216 = CARTESIAN_POINT('',(0.95,3.49,8.38));
#4217 = VECTOR('',#4218,1.);
#4218 = DIRECTION('',(1.,0.,0.));
#4219 = ORIENTED_EDGE('',*,*,#4220,.F.);
#4220 = EDGE_CURVE('',#4221,#4213,#4223,.T.);
#4221 = VERTEX_POINT('',#4222);
#4222 = CARTESIAN_POINT('',(1.59,3.49,-2.84));
#4223 = LINE('',#4224,#4225);
#4224 = CARTESIAN_POINT('',(1.59,3.49,-3.));
#4225 = VECTOR('',#4226,1.);
#4226 = DIRECTION('',(0.,0.,1.));
#4227 = ORIENTED_EDGE('',*,*,#4228,.F.);
#4228 = EDGE_CURVE('',#4097,#4221,#4229,.T.);
#4229 = LINE('',#4230,#4231);
#4230 = CARTESIAN_POINT('',(0.95,3.49,-2.84));
#4231 = VECTOR('',#4232,1.);
#4232 = DIRECTION('',(1.,0.,0.));
#4233 = PLANE('',#4234);
#4234 = AXIS2_PLACEMENT_3D('',#4235,#4236,#4237);
#4235 = CARTESIAN_POINT('',(0.95,3.49,-3.));
#4236 = DIRECTION('',(0.,1.,0.));
#4237 = DIRECTION('',(1.,0.,0.));
#4238 = ADVANCED_FACE('',(#4239),#4255,.F.);
#4239 = FACE_BOUND('',#4240,.F.);
#4240 = EDGE_LOOP('',(#4241,#4242,#4248,#4249));
#4241 = ORIENTED_EDGE('',*,*,#4220,.T.);
#4242 = ORIENTED_EDGE('',*,*,#4243,.T.);
#4243 = EDGE_CURVE('',#4213,#4121,#4244,.T.);
#4244 = LINE('',#4245,#4246);
#4245 = CARTESIAN_POINT('',(1.59,3.49,8.38));
#4246 = VECTOR('',#4247,1.);
#4247 = DIRECTION('',(0.,1.,0.));
#4248 = ORIENTED_EDGE('',*,*,#4118,.F.);
#4249 = ORIENTED_EDGE('',*,*,#4250,.F.);
#4250 = EDGE_CURVE('',#4221,#4119,#4251,.T.);
#4251 = LINE('',#4252,#4253);
#4252 = CARTESIAN_POINT('',(1.59,3.49,-2.84));
#4253 = VECTOR('',#4254,1.);
#4254 = DIRECTION('',(0.,1.,0.));
#4255 = PLANE('',#4256);
#4256 = AXIS2_PLACEMENT_3D('',#4257,#4258,#4259);
#4257 = CARTESIAN_POINT('',(1.59,3.49,-3.));
#4258 = DIRECTION('',(-1.,0.,0.));
#4259 = DIRECTION('',(0.,1.,0.));
#4260 = ADVANCED_FACE('',(#4261),#4279,.T.);
#4261 = FACE_BOUND('',#4262,.F.);
#4262 = EDGE_LOOP('',(#4263,#4271,#4272,#4273));
#4263 = ORIENTED_EDGE('',*,*,#4264,.F.);
#4264 = EDGE_CURVE('',#4119,#4265,#4267,.T.);
#4265 = VERTEX_POINT('',#4266);
#4266 = CARTESIAN_POINT('',(1.43,3.97,-3.));
#4267 = LINE('',#4268,#4269);
#4268 = CARTESIAN_POINT('',(1.43,3.97,-3.));
#4269 = VECTOR('',#4270,1.);
#4270 = DIRECTION('',(-0.57735026919,-0.57735026919,-0.57735026919));
#4271 = ORIENTED_EDGE('',*,*,#4135,.T.);
#4272 = ORIENTED_EDGE('',*,*,#4149,.T.);
#4273 = ORIENTED_EDGE('',*,*,#4274,.F.);
#4274 = EDGE_CURVE('',#4265,#4150,#4275,.T.);
#4275 = LINE('',#4276,#4277);
#4276 = CARTESIAN_POINT('',(1.59,3.97,-3.));
#4277 = VECTOR('',#4278,1.);
#4278 = DIRECTION('',(-1.,0.,0.));
#4279 = PLANE('',#4280);
#4280 = AXIS2_PLACEMENT_3D('',#4281,#4282,#4283);
#4281 = CARTESIAN_POINT('',(1.59,4.05,-2.92));
#4282 = DIRECTION('',(0.,0.707106781187,-0.707106781187));
#4283 = DIRECTION('',(1.,0.,0.));
#4284 = ADVANCED_FACE('',(#4285),#4303,.F.);
#4285 = FACE_BOUND('',#4286,.T.);
#4286 = EDGE_LOOP('',(#4287,#4295,#4296,#4297));
#4287 = ORIENTED_EDGE('',*,*,#4288,.F.);
#4288 = EDGE_CURVE('',#4121,#4289,#4291,.T.);
#4289 = VERTEX_POINT('',#4290);
#4290 = CARTESIAN_POINT('',(1.43,3.97,8.54));
#4291 = LINE('',#4292,#4293);
#4292 = CARTESIAN_POINT('',(1.43,3.97,8.54));
#4293 = VECTOR('',#4294,1.);
#4294 = DIRECTION('',(-0.57735026919,-0.57735026919,0.57735026919));
#4295 = ORIENTED_EDGE('',*,*,#4128,.T.);
#4296 = ORIENTED_EDGE('',*,*,#4180,.T.);
#4297 = ORIENTED_EDGE('',*,*,#4298,.F.);
#4298 = EDGE_CURVE('',#4289,#4181,#4299,.T.);
#4299 = LINE('',#4300,#4301);
#4300 = CARTESIAN_POINT('',(1.59,3.97,8.54));
#4301 = VECTOR('',#4302,1.);
#4302 = DIRECTION('',(-1.,0.,0.));
#4303 = PLANE('',#4304);
#4304 = AXIS2_PLACEMENT_3D('',#4305,#4306,#4307);
#4305 = CARTESIAN_POINT('',(1.59,4.05,8.46));
#4306 = DIRECTION('',(0.,-0.707106781187,-0.707106781187));
#4307 = DIRECTION('',(1.,0.,0.));
#4308 = ADVANCED_FACE('',(#4309),#4327,.F.);
#4309 = FACE_BOUND('',#4310,.F.);
#4310 = EDGE_LOOP('',(#4311,#4312,#4320,#4326));
#4311 = ORIENTED_EDGE('',*,*,#4166,.T.);
#4312 = ORIENTED_EDGE('',*,*,#4313,.T.);
#4313 = EDGE_CURVE('',#4159,#4314,#4316,.T.);
#4314 = VERTEX_POINT('',#4315);
#4315 = CARTESIAN_POINT('',(1.43,3.65,-3.));
#4316 = LINE('',#4317,#4318);
#4317 = CARTESIAN_POINT('',(0.95,3.65,-3.));
#4318 = VECTOR('',#4319,1.);
#4319 = DIRECTION('',(1.,0.,0.));
#4320 = ORIENTED_EDGE('',*,*,#4321,.T.);
#4321 = EDGE_CURVE('',#4314,#4265,#4322,.T.);
#4322 = LINE('',#4323,#4324);
#4323 = CARTESIAN_POINT('',(1.43,3.49,-3.));
#4324 = VECTOR('',#4325,1.);
#4325 = DIRECTION('',(0.,1.,0.));
#4326 = ORIENTED_EDGE('',*,*,#4274,.T.);
#4327 = PLANE('',#4328);
#4328 = AXIS2_PLACEMENT_3D('',#4329,#4330,#4331);
#4329 = CARTESIAN_POINT('',(1.27,3.81,-3.));
#4330 = DIRECTION('',(0.,0.,1.));
#4331 = DIRECTION('',(1.,0.,0.));
#4332 = ADVANCED_FACE('',(#4333),#4344,.T.);
#4333 = FACE_BOUND('',#4334,.F.);
#4334 = EDGE_LOOP('',(#4335,#4336,#4337,#4343));
#4335 = ORIENTED_EDGE('',*,*,#4158,.F.);
#4336 = ORIENTED_EDGE('',*,*,#4228,.T.);
#4337 = ORIENTED_EDGE('',*,*,#4338,.T.);
#4338 = EDGE_CURVE('',#4221,#4314,#4339,.T.);
#4339 = LINE('',#4340,#4341);
#4340 = CARTESIAN_POINT('',(1.43,3.65,-3.));
#4341 = VECTOR('',#4342,1.);
#4342 = DIRECTION('',(-0.57735026919,0.57735026919,-0.57735026919));
#4343 = ORIENTED_EDGE('',*,*,#4313,.F.);
#4344 = PLANE('',#4345);
#4345 = AXIS2_PLACEMENT_3D('',#4346,#4347,#4348);
#4346 = CARTESIAN_POINT('',(0.95,3.57,-2.92));
#4347 = DIRECTION('',(0.,-0.707106781187,-0.707106781187));
#4348 = DIRECTION('',(-1.,-0.,-0.));
#4349 = ADVANCED_FACE('',(#4350),#4368,.T.);
#4350 = FACE_BOUND('',#4351,.T.);
#4351 = EDGE_LOOP('',(#4352,#4353,#4361,#4367));
#4352 = ORIENTED_EDGE('',*,*,#4197,.T.);
#4353 = ORIENTED_EDGE('',*,*,#4354,.T.);
#4354 = EDGE_CURVE('',#4190,#4355,#4357,.T.);
#4355 = VERTEX_POINT('',#4356);
#4356 = CARTESIAN_POINT('',(1.43,3.65,8.54));
#4357 = LINE('',#4358,#4359);
#4358 = CARTESIAN_POINT('',(0.95,3.65,8.54));
#4359 = VECTOR('',#4360,1.);
#4360 = DIRECTION('',(1.,0.,0.));
#4361 = ORIENTED_EDGE('',*,*,#4362,.T.);
#4362 = EDGE_CURVE('',#4355,#4289,#4363,.T.);
#4363 = LINE('',#4364,#4365);
#4364 = CARTESIAN_POINT('',(1.43,3.49,8.54));
#4365 = VECTOR('',#4366,1.);
#4366 = DIRECTION('',(0.,1.,0.));
#4367 = ORIENTED_EDGE('',*,*,#4298,.T.);
#4368 = PLANE('',#4369);
#4369 = AXIS2_PLACEMENT_3D('',#4370,#4371,#4372);
#4370 = CARTESIAN_POINT('',(1.27,3.81,8.54));
#4371 = DIRECTION('',(0.,0.,1.));
#4372 = DIRECTION('',(1.,0.,0.));
#4373 = ADVANCED_FACE('',(#4374),#4385,.F.);
#4374 = FACE_BOUND('',#4375,.T.);
#4375 = EDGE_LOOP('',(#4376,#4377,#4378,#4384));
#4376 = ORIENTED_EDGE('',*,*,#4189,.F.);
#4377 = ORIENTED_EDGE('',*,*,#4212,.T.);
#4378 = ORIENTED_EDGE('',*,*,#4379,.T.);
#4379 = EDGE_CURVE('',#4213,#4355,#4380,.T.);
#4380 = LINE('',#4381,#4382);
#4381 = CARTESIAN_POINT('',(1.43,3.65,8.54));
#4382 = VECTOR('',#4383,1.);
#4383 = DIRECTION('',(-0.57735026919,0.57735026919,0.57735026919));
#4384 = ORIENTED_EDGE('',*,*,#4354,.F.);
#4385 = PLANE('',#4386);
#4386 = AXIS2_PLACEMENT_3D('',#4387,#4388,#4389);
#4387 = CARTESIAN_POINT('',(0.95,3.57,8.46));
#4388 = DIRECTION('',(0.,0.707106781187,-0.707106781187));
#4389 = DIRECTION('',(-1.,-0.,-0.));
#4390 = ADVANCED_FACE('',(#4391),#4397,.T.);
#4391 = FACE_BOUND('',#4392,.F.);
#4392 = EDGE_LOOP('',(#4393,#4394,#4395,#4396));
#4393 = ORIENTED_EDGE('',*,*,#4338,.F.);
#4394 = ORIENTED_EDGE('',*,*,#4250,.T.);
#4395 = ORIENTED_EDGE('',*,*,#4264,.T.);
#4396 = ORIENTED_EDGE('',*,*,#4321,.F.);
#4397 = PLANE('',#4398);
#4398 = AXIS2_PLACEMENT_3D('',#4399,#4400,#4401);
#4399 = CARTESIAN_POINT('',(1.51,3.49,-2.92));
#4400 = DIRECTION('',(0.707106781187,0.,-0.707106781187));
#4401 = DIRECTION('',(-0.,-1.,-0.));
#4402 = ADVANCED_FACE('',(#4403),#4409,.F.);
#4403 = FACE_BOUND('',#4404,.T.);
#4404 = EDGE_LOOP('',(#4405,#4406,#4407,#4408));
#4405 = ORIENTED_EDGE('',*,*,#4379,.F.);
#4406 = ORIENTED_EDGE('',*,*,#4243,.T.);
#4407 = ORIENTED_EDGE('',*,*,#4288,.T.);
#4408 = ORIENTED_EDGE('',*,*,#4362,.F.);
#4409 = PLANE('',#4410);
#4410 = AXIS2_PLACEMENT_3D('',#4411,#4412,#4413);
#4411 = CARTESIAN_POINT('',(1.51,3.49,8.46));
#4412 = DIRECTION('',(-0.707106781187,0.,-0.707106781187));
#4413 = DIRECTION('',(-0.,-1.,-0.));
#4414 = ( GEOMETRIC_REPRESENTATION_CONTEXT(3) 
GLOBAL_UNCERTAINTY_ASSIGNED_CONTEXT((#4418)) 
GLOBAL_UNIT_ASSIGNED_CONTEXT((#4415,#4416,#4417)) REPRESENTATION_CONTEXT
('Context #1','3D Context with UNIT and UNCERTAINTY') );
#4415 = ( LENGTH_UNIT() NAMED_UNIT(*) SI_UNIT(.MILLI.,.METRE.) );
#4416 = ( NAMED_UNIT(*) PLANE_ANGLE_UNIT() SI_UNIT($,.RADIAN.) );
#4417 = ( NAMED_UNIT(*) SI_UNIT($,.STERADIAN.) SOLID_ANGLE_UNIT() );
#4418 = UNCERTAINTY_MEASURE_WITH_UNIT(LENGTH_MEASURE(1.E-07),#4415,
  'distance_accuracy_value','confusion accuracy');
#4419 = CONTEXT_DEPENDENT_SHAPE_REPRESENTATION(#4420,#4422);
#4420 = ( REPRESENTATION_RELATIONSHIP('','',#2019,#10) 
REPRESENTATION_RELATIONSHIP_WITH_TRANSFORMATION(#4421) 
SHAPE_REPRESENTATION_RELATIONSHIP() );
#4421 = ITEM_DEFINED_TRANSFORMATION('','',#11,#19);
#4422 = PRODUCT_DEFINITION_SHAPE('Placement','Placement of an item',
  #4423);
#4423 = NEXT_ASSEMBLY_USAGE_OCCURRENCE('12','PinHeader_2x04_Pins','',#5,
  #2014,$);
#4424 = PRODUCT_RELATED_PRODUCT_CATEGORY('part',$,(#2016));
#4425 = MECHANICAL_DESIGN_GEOMETRIC_PRESENTATION_REPRESENTATION('',(
    #4426),#2001);
#4426 = STYLED_ITEM('color',(#4427),#37);
#4427 = PRESENTATION_STYLE_ASSIGNMENT((#4428,#4434));
#4428 = SURFACE_STYLE_USAGE(.BOTH.,#4429);
#4429 = SURFACE_SIDE_STYLE('',(#4430));
#4430 = SURFACE_STYLE_FILL_AREA(#4431);
#4431 = FILL_AREA_STYLE('',(#4432));
#4432 = FILL_AREA_STYLE_COLOUR('',#4433);
#4433 = COLOUR_RGB('',0.15294118163,0.149019617616,0.149019617616);
#4434 = CURVE_STYLE('',#4435,POSITIVE_LENGTH_MEASURE(0.1),#4436);
#4435 = DRAUGHTING_PRE_DEFINED_CURVE_FONT('continuous');
#4436 = COLOUR_RGB('',9.803921802644E-02,9.803921802644E-02,
  9.803921802644E-02);
#4437 = MECHANICAL_DESIGN_GEOMETRIC_PRESENTATION_REPRESENTATION('',(
    #4438,#4448,#4457,#4466,#4475,#4484,#4493),#4414);
#4438 = STYLED_ITEM('color',(#4439),#2020);
#4439 = PRESENTATION_STYLE_ASSIGNMENT((#4440,#4446));
#4440 = SURFACE_STYLE_USAGE(.BOTH.,#4441);
#4441 = SURFACE_SIDE_STYLE('',(#4442));
#4442 = SURFACE_STYLE_FILL_AREA(#4443);
#4443 = FILL_AREA_STYLE('',(#4444));
#4444 = FILL_AREA_STYLE_COLOUR('',#4445);
#4445 = COLOUR_RGB('',0.858823546443,0.737254912529,0.494117641438);
#4446 = CURVE_STYLE('',#4447,POSITIVE_LENGTH_MEASURE(0.1),#4436);
#4447 = DRAUGHTING_PRE_DEFINED_CURVE_FONT('continuous');
#4448 = STYLED_ITEM('color',(#4449),#2362);
#4449 = PRESENTATION_STYLE_ASSIGNMENT((#4450,#4455));
#4450 = SURFACE_STYLE_USAGE(.BOTH.,#4451);
#4451 = SURFACE_SIDE_STYLE('',(#4452));
#4452 = SURFACE_STYLE_FILL_AREA(#4453);
#4453 = FILL_AREA_STYLE('',(#4454));
#4454 = FILL_AREA_STYLE_COLOUR('',#4445);
#4455 = CURVE_STYLE('',#4456,POSITIVE_LENGTH_MEASURE(0.1),#4436);
#4456 = DRAUGHTING_PRE_DEFINED_CURVE_FONT('continuous');
#4457 = STYLED_ITEM('color',(#4458),#2704);
#4458 = PRESENTATION_STYLE_ASSIGNMENT((#4459,#4464));
#4459 = SURFACE_STYLE_USAGE(.BOTH.,#4460);
#4460 = SURFACE_SIDE_STYLE('',(#4461));
#4461 = SURFACE_STYLE_FILL_AREA(#4462);
#4462 = FILL_AREA_STYLE('',(#4463));
#4463 = FILL_AREA_STYLE_COLOUR('',#4445);
#4464 = CURVE_STYLE('',#4465,POSITIVE_LENGTH_MEASURE(0.1),#4436);
#4465 = DRAUGHTING_PRE_DEFINED_CURVE_FONT('continuous');
#4466 = STYLED_ITEM('color',(#4467),#3046);
#4467 = PRESENTATION_STYLE_ASSIGNMENT((#4468,#4473));
#4468 = SURFACE_STYLE_USAGE(.BOTH.,#4469);
#4469 = SURFACE_SIDE_STYLE('',(#4470));
#4470 = SURFACE_STYLE_FILL_AREA(#4471);
#4471 = FILL_AREA_STYLE('',(#4472));
#4472 = FILL_AREA_STYLE_COLOUR('',#4445);
#4473 = CURVE_STYLE('',#4474,POSITIVE_LENGTH_MEASURE(0.1),#4436);
#4474 = DRAUGHTING_PRE_DEFINED_CURVE_FONT('continuous');
#4475 = STYLED_ITEM('color',(#4476),#3388);
#4476 = PRESENTATION_STYLE_ASSIGNMENT((#4477,#4482));
#4477 = SURFACE_STYLE_USAGE(.BOTH.,#4478);
#4478 = SURFACE_SIDE_STYLE('',(#4479));
#4479 = SURFACE_STYLE_FILL_AREA(#4480);
#4480 = FILL_AREA_STYLE('',(#4481));
#4481 = FILL_AREA_STYLE_COLOUR('',#4445);
#4482 = CURVE_STYLE('',#4483,POSITIVE_LENGTH_MEASURE(0.1),#4436);
#4483 = DRAUGHTING_PRE_DEFINED_CURVE_FONT('continuous');
#4484 = STYLED_ITEM('color',(#4485),#3730);
#4485 = PRESENTATION_STYLE_ASSIGNMENT((#4486,#4491));
#4486 = SURFACE_STYLE_USAGE(.BOTH.,#4487);
#4487 = SURFACE_SIDE_STYLE('',(#4488));
#4488 = SURFACE_STYLE_FILL_AREA(#4489);
#4489 = FILL_AREA_STYLE('',(#4490));
#4490 = FILL_AREA_STYLE_COLOUR('',#4445);
#4491 = CURVE_STYLE('',#4492,POSITIVE_LENGTH_MEASURE(0.1),#4436);
#4492 = DRAUGHTING_PRE_DEFINED_CURVE_FONT('continuous');
#4493 = STYLED_ITEM('color',(#4494),#4072);
#4494 = PRESENTATION_STYLE_ASSIGNMENT((#4495,#4500));
#4495 = SURFACE_STYLE_USAGE(.BOTH.,#4496);
#4496 = SURFACE_SIDE_STYLE('',(#4497));
#4497 = SURFACE_STYLE_FILL_AREA(#4498);
#4498 = FILL_AREA_STYLE('',(#4499));
#4499 = FILL_AREA_STYLE_COLOUR('',#4445);
#4500 = CURVE_STYLE('',#4501,POSITIVE_LENGTH_MEASURE(0.1),#4436);
#4501 = DRAUGHTING_PRE_DEFINED_CURVE_FONT('continuous');
ENDSEC;
END-ISO-10303-21;
